#,postal_code,pincode,base_name,feature_source,source_zcta,identity_source,enrichment_queue,enrichment_priority,enrichment_action,state_original,major_city,latitude,longitude,region,coastal_city,distance_to_state_capital,city_tier,is_metro_city,is_smart_city,is_state_capital,is_union_territory_capital,literacy_rate,median_age_estimate,consumer_price_index,income_bucket,has_airport,has_international_airport,has_metro_rail,has_seaport,major_railway_station,internet_penetration_state,smartphone_penetration_state,digital_payment_index,is_it_hub,is_manufacturing_hub,is_financial_center,is_textile_hub,is_education_hub,is_tourist_city,is_coastal,district_population_numeric,district_population,sex_ratio,missing_columns
1,00604,00604,PUERTO RICO,base_enriched,,hrsa,queue_base_expansion,2,tabular_plus_nearest_defaults,PR,Aguadilla,,,S,False,,T3,False,False,False,False,19.205240758875256,45.2,315.605,L,False,False,False,False,False,82.08625734371145,82.93519605790769,64.86182155775226,False,False,False,False,False,False,False,37427.5,VS,91.46733470872849,latitude;longitude;distance_to_state_capital
2,00605,00605,PUERTO RICO,base_enriched,,hrsa,queue_base_expansion,2,tabular_plus_nearest_defaults,PR,Aguadilla,,,S,False,,T3,False,False,False,False,19.205240758875256,45.2,315.605,L,False,False,False,False,False,82.08625734371145,82.93519605790769,64.86182155775226,False,False,False,False,False,False,False,37427.5,VS,91.46733470872849,latitude;longitude;distance_to_state_capital
3,00613,00613,PUERTO RICO,base_enriched,,hrsa,queue_base_expansion,2,tabular_plus_nearest_defaults,PR,Arecibo,,,S,False,,T3,False,False,False,False,19.205240758875256,45.2,315.605,L,False,False,False,False,False,82.08625734371145,82.93519605790769,64.86182155775226,False,False,False,False,False,False,False,37427.5,VS,91.46733470872849,latitude;longitude;distance_to_state_capital
4,00614,00614,PUERTO RICO,base_enriched,,hrsa,queue_base_expansion,2,tabular_plus_nearest_defaults,PR,Arecibo,,,S,False,,T3,False,False,False,False,19.205240758875256,45.2,315.605,L,False,False,False,False,False,82.08625734371145,82.93519605790769,64.86182155775226,False,False,False,False,False,False,False,37427.5,VS,91.46733470872849,latitude;longitude;distance_to_state_capital
5,00681,00681,PUERTO RICO,base_enriched,,hrsa,queue_base_expansion,2,tabular_plus_nearest_defaults,PR,Mayaguez,,,S,False,,T3,False,False,False,False,19.205240758875256,45.2,315.605,L,False,False,False,False,False,82.08625734371145,82.93519605790769,64.86182155775226,False,False,False,False,False,False,False,37427.5,VS,91.46733470872849,latitude;longitude;distance_to_state_capital
6,00721,00721,PUERTO RICO,base_enriched,,hrsa,queue_base_expansion,2,tabular_plus_nearest_defaults,PR,Palmer,,,S,False,,T3,False,False,False,False,19.205240758875256,45.2,315.605,L,False,False,False,False,False,82.08625734371145,82.93519605790769,64.86182155775226,False,False,False,False,False,False,False,37427.5,VS,91.46733470872849,latitude;longitude;distance_to_state_capital
7,00726,00726,PUERTO RICO,base_enriched,,hrsa,queue_base_expansion,2,tabular_plus_nearest_defaults,PR,Caguas,,,S,False,,T3,False,False,False,False,19.205240758875256,45.2,315.605,L,False,False,False,False,False,82.08625734371145,82.93519605790769,64.86182155775226,False,False,False,False,False,False,False,37427.5,VS,91.46733470872849,latitude;longitude;distance_to_state_capital
8,00732,00732,PUERTO RICO,base_enriched,,hrsa,queue_base_expansion,2,tabular_plus_nearest_defaults,PR,Ponce,,,S,False,,T3,False,False,False,False,19.205240758875256,45.2,315.605,L,False,False,False,False,False,82.08625734371145,82.93519605790769,64.86182155775226,False,False,False,False,False,False,False,37427.5,VS,91.46733470872849,latitude;longitude;distance_to_state_capital
9,00733,00733,PUERTO RICO,base_enriched,,hrsa,queue_base_expansion,2,tabular_plus_nearest_defaults,PR,Ponce,,,S,False,,T3,False,False,False,False,19.205240758875256,45.2,315.605,L,False,False,False,False,False,82.08625734371145,82.93519605790769,64.86182155775226,False,False,False,False,False,False,False,37427.5,VS,91.46733470872849,latitude;longitude;distance_to_state_capital
10,00734,00734,PUERTO RICO,base_enriched,,hrsa,queue_base_expansion,2,tabular_plus_nearest_defaults,PR,Ponce,,,S,False,,T3,False,False,False,False,19.205240758875256,45.2,315.605,L,False,False,False,False,False,82.08625734371145,82.93519605790769,64.86182155775226,False,False,False,False,False,False,False,37427.5,VS,91.46733470872849,latitude;longitude;distance_to_state_capital
11,00737,00737,PUERTO RICO,base_enriched,,hrsa,queue_base_expansion,2,tabular_plus_nearest_defaults,PR,Cayey,,,S,False,,T3,False,False,False,False,19.205240758875256,45.2,315.605,L,False,False,False,False,False,82.08625734371145,82.93519605790769,64.86182155775226,False,False,False,False,False,False,False,37427.5,VS,91.46733470872849,latitude;longitude;distance_to_state_capital
12,00742,00742,PUERTO RICO,base_enriched,,hrsa,queue_base_expansion,2,tabular_plus_nearest_defaults,PR,Roosevelt Roads,,,S,False,,T3,False,False,False,False,19.205240758875256,45.2,315.605,L,False,False,False,False,False,82.08625734371145,82.93519605790769,64.86182155775226,False,False,False,False,False,False,False,37427.5,VS,91.46733470872849,latitude;longitude;distance_to_state_capital
13,00744,00744,PUERTO RICO,base_enriched,,hrsa,queue_base_expansion,2,tabular_plus_nearest_defaults,PR,Rio Blanco,,,S,False,,T3,False,False,False,False,19.205240758875256,45.2,315.605,L,False,False,False,False,False,82.08625734371145,82.93519605790769,64.86182155775226,False,False,False,False,False,False,False,37427.5,VS,91.46733470872849,latitude;longitude;distance_to_state_capital
14,00785,00785,PUERTO RICO,base_enriched,,hrsa,queue_base_expansion,2,tabular_plus_nearest_defaults,PR,Guayama,,,S,False,,T3,False,False,False,False,19.205240758875256,45.2,315.605,L,False,False,False,False,False,82.08625734371145,82.93519605790769,64.86182155775226,False,False,False,False,False,False,False,37427.5,VS,91.46733470872849,latitude;longitude;distance_to_state_capital
15,00792,00792,PUERTO RICO,base_enriched,,hrsa,queue_base_expansion,2,tabular_plus_nearest_defaults,PR,Humacao,,,S,False,,T3,False,False,False,False,19.205240758875256,45.2,315.605,L,False,False,False,False,False,82.08625734371145,82.93519605790769,64.86182155775226,False,False,False,False,False,False,False,37427.5,VS,91.46733470872849,latitude;longitude;distance_to_state_capital
16,00801,00801,PUERTO RICO,base_enriched,,hrsa,queue_base_expansion,2,tabular_plus_nearest_defaults,VI,St Thomas,,,S,False,,T3,False,False,False,False,16.125730226321863,42.0,315.605,VH,False,False,False,False,False,89.65517241379311,89.29392324068229,82.11494209975605,False,False,False,False,False,False,False,68973.0,VS,99.51161548519345,latitude;longitude;distance_to_state_capital
17,00803,00803,PUERTO RICO,base_enriched,,hrsa,queue_base_expansion,2,tabular_plus_nearest_defaults,VI,St Thomas,,,S,False,,T3,False,False,False,False,16.125730226321863,42.0,315.605,VH,False,False,False,False,False,89.65517241379311,89.29392324068229,82.11494209975605,False,False,False,False,False,False,False,68973.0,VS,99.51161548519345,latitude;longitude;distance_to_state_capital
18,00804,00804,PUERTO RICO,base_enriched,,hrsa,queue_base_expansion,2,tabular_plus_nearest_defaults,VI,St Thomas,,,S,False,,T3,False,False,False,False,16.125730226321863,42.0,315.605,VH,False,False,False,False,False,89.65517241379311,89.29392324068229,82.11494209975605,False,False,False,False,False,False,False,68973.0,VS,99.51161548519345,latitude;longitude;distance_to_state_capital
19,00805,00805,PUERTO RICO,base_enriched,,hrsa,queue_base_expansion,2,tabular_plus_nearest_defaults,VI,St Thomas,,,S,False,,T3,False,False,False,False,16.125730226321863,42.0,315.605,VH,False,False,False,False,False,89.65517241379311,89.29392324068229,82.11494209975605,False,False,False,False,False,False,False,68973.0,VS,99.51161548519345,latitude;longitude;distance_to_state_capital
20,00821,00821,PUERTO RICO,base_enriched,,hrsa,queue_base_expansion,2,tabular_plus_nearest_defaults,VI,Christiansted,,,S,False,,T3,False,False,False,False,16.125730226321863,42.0,315.605,VH,False,False,False,False,False,89.65517241379311,89.29392324068229,82.11494209975605,False,False,False,False,False,False,False,68973.0,VS,99.51161548519345,latitude;longitude;distance_to_state_capital
21,00822,00822,PUERTO RICO,base_enriched,,hrsa,queue_base_expansion,2,tabular_plus_nearest_defaults,VI,Christiansted,,,S,False,,T3,False,False,False,False,16.125730226321863,42.0,315.605,VH,False,False,False,False,False,89.65517241379311,89.29392324068229,82.11494209975605,False,False,False,False,False,False,False,68973.0,VS,99.51161548519345,latitude;longitude;distance_to_state_capital
22,00823,00823,PUERTO RICO,base_enriched,,hrsa,queue_base_expansion,2,tabular_plus_nearest_defaults,VI,Christiansted,,,S,False,,T3,False,False,False,False,16.125730226321863,42.0,315.605,VH,False,False,False,False,False,89.65517241379311,89.29392324068229,82.11494209975605,False,False,False,False,False,False,False,68973.0,VS,99.51161548519345,latitude;longitude;distance_to_state_capital
23,00824,00824,PUERTO RICO,base_enriched,,hrsa,queue_base_expansion,2,tabular_plus_nearest_defaults,VI,Christiansted,,,S,False,,T3,False,False,False,False,16.125730226321863,42.0,315.605,VH,False,False,False,False,False,89.65517241379311,89.29392324068229,82.11494209975605,False,False,False,False,False,False,False,68973.0,VS,99.51161548519345,latitude;longitude;distance_to_state_capital
24,00831,00831,PUERTO RICO,base_enriched,,hrsa,queue_base_expansion,2,tabular_plus_nearest_defaults,VI,St John,,,S,False,,T3,False,False,False,False,16.125730226321863,42.0,315.605,VH,False,False,False,False,False,89.65517241379311,89.29392324068229,82.11494209975605,False,False,False,False,False,False,False,68973.0,VS,99.51161548519345,latitude;longitude;distance_to_state_capital
25,00841,00841,PUERTO RICO,base_enriched,,hrsa,queue_base_expansion,2,tabular_plus_nearest_defaults,VI,Frederiksted,,,S,False,,T3,False,False,False,False,16.125730226321863,42.0,315.605,VH,False,False,False,False,False,89.65517241379311,89.29392324068229,82.11494209975605,False,False,False,False,False,False,False,68973.0,VS,99.51161548519345,latitude;longitude;distance_to_state_capital
26,00902,00902,PUERTO RICO,base_enriched,,hrsa,queue_base_expansion,2,tabular_plus_nearest_defaults,PR,San Juan,,,S,False,,T3,False,False,False,False,19.205240758875256,45.2,315.605,L,False,False,False,False,False,82.08625734371145,82.93519605790769,64.86182155775226,False,False,False,False,False,False,False,37427.5,VS,91.46733470872849,latitude;longitude;distance_to_state_capital
27,00908,00908,PUERTO RICO,base_enriched,,hrsa,queue_base_expansion,2,tabular_plus_nearest_defaults,PR,San Juan,,,S,False,,T3,False,False,False,False,19.205240758875256,45.2,315.605,L,False,False,False,False,False,82.08625734371145,82.93519605790769,64.86182155775226,False,False,False,False,False,False,False,37427.5,VS,91.46733470872849,latitude;longitude;distance_to_state_capital
28,00910,00910,PUERTO RICO,base_enriched,,hrsa,queue_base_expansion,2,tabular_plus_nearest_defaults,PR,San Juan,,,S,False,,T3,False,False,False,False,19.205240758875256,45.2,315.605,L,False,False,False,False,False,82.08625734371145,82.93519605790769,64.86182155775226,False,False,False,False,False,False,False,37427.5,VS,91.46733470872849,latitude;longitude;distance_to_state_capital
29,00914,00914,PUERTO RICO,base_enriched,,hrsa,queue_base_expansion,2,tabular_plus_nearest_defaults,PR,San Juan,,,S,False,,T3,False,False,False,False,19.205240758875256,45.2,315.605,L,False,False,False,False,False,82.08625734371145,82.93519605790769,64.86182155775226,False,False,False,False,False,False,False,37427.5,VS,91.46733470872849,latitude;longitude;distance_to_state_capital
30,00916,00916,PUERTO RICO,base_enriched,,hrsa,queue_base_expansion,2,tabular_plus_nearest_defaults,PR,San Juan,,,S,False,,T3,False,False,False,False,19.205240758875256,45.2,315.605,L,False,False,False,False,False,82.08625734371145,82.93519605790769,64.86182155775226,False,False,False,False,False,False,False,37427.5,VS,91.46733470872849,latitude;longitude;distance_to_state_capital
31,00919,00919,PUERTO RICO,base_enriched,,hrsa,queue_base_expansion,2,tabular_plus_nearest_defaults,PR,San Juan,,,S,False,,T3,False,False,False,False,19.205240758875256,45.2,315.605,L,False,False,False,False,False,82.08625734371145,82.93519605790769,64.86182155775226,False,False,False,False,False,False,False,37427.5,VS,91.46733470872849,latitude;longitude;distance_to_state_capital
32,00922,00922,PUERTO RICO,base_enriched,,hrsa,queue_base_expansion,2,tabular_plus_nearest_defaults,PR,San Juan,,,S,False,,T3,False,False,False,False,19.205240758875256,45.2,315.605,L,False,False,False,False,False,82.08625734371145,82.93519605790769,64.86182155775226,False,False,False,False,False,False,False,37427.5,VS,91.46733470872849,latitude;longitude;distance_to_state_capital
33,00928,00928,PUERTO RICO,base_enriched,,hrsa,queue_base_expansion,2,tabular_plus_nearest_defaults,PR,San Juan,,,S,False,,T3,False,False,False,False,19.205240758875256,45.2,315.605,L,False,False,False,False,False,82.08625734371145,82.93519605790769,64.86182155775226,False,False,False,False,False,False,False,37427.5,VS,91.46733470872849,latitude;longitude;distance_to_state_capital
34,00929,00929,PUERTO RICO,base_enriched,,hrsa,queue_base_expansion,2,tabular_plus_nearest_defaults,PR,San Juan,,,S,False,,T3,False,False,False,False,19.205240758875256,45.2,315.605,L,False,False,False,False,False,82.08625734371145,82.93519605790769,64.86182155775226,False,False,False,False,False,False,False,37427.5,VS,91.46733470872849,latitude;longitude;distance_to_state_capital
35,00931,00931,PUERTO RICO,base_enriched,,hrsa,queue_base_expansion,2,tabular_plus_nearest_defaults,PR,San Juan,,,S,False,,T3,False,False,False,False,19.205240758875256,45.2,315.605,L,False,False,False,False,False,82.08625734371145,82.93519605790769,64.86182155775226,False,False,False,False,False,False,False,37427.5,VS,91.46733470872849,latitude;longitude;distance_to_state_capital
36,00933,00933,PUERTO RICO,base_enriched,,hrsa,queue_base_expansion,2,tabular_plus_nearest_defaults,PR,San Juan,,,S,False,,T3,False,False,False,False,19.205240758875256,45.2,315.605,L,False,False,False,False,False,82.08625734371145,82.93519605790769,64.86182155775226,False,False,False,False,False,False,False,37427.5,VS,91.46733470872849,latitude;longitude;distance_to_state_capital
37,00935,00935,PUERTO RICO,base_enriched,,hrsa,queue_base_expansion,2,tabular_plus_nearest_defaults,PR,San Juan,,,S,False,,T3,False,False,False,False,19.205240758875256,45.2,315.605,L,False,False,False,False,False,82.08625734371145,82.93519605790769,64.86182155775226,False,False,False,False,False,False,False,37427.5,VS,91.46733470872849,latitude;longitude;distance_to_state_capital
38,00937,00937,PUERTO RICO,base_enriched,,hrsa,queue_base_expansion,2,tabular_plus_nearest_defaults,PR,San Juan,,,S,False,,T3,False,False,False,False,19.205240758875256,45.2,315.605,L,False,False,False,False,False,82.08625734371145,82.93519605790769,64.86182155775226,False,False,False,False,False,False,False,37427.5,VS,91.46733470872849,latitude;longitude;distance_to_state_capital
39,00939,00939,PUERTO RICO,base_enriched,,hrsa,queue_base_expansion,2,tabular_plus_nearest_defaults,PR,San Juan,,,S,False,,T3,False,False,False,False,19.205240758875256,45.2,315.605,L,False,False,False,False,False,82.08625734371145,82.93519605790769,64.86182155775226,False,False,False,False,False,False,False,37427.5,VS,91.46733470872849,latitude;longitude;distance_to_state_capital
40,00940,00940,PUERTO RICO,base_enriched,,hrsa,queue_base_expansion,2,tabular_plus_nearest_defaults,PR,San Juan,,,S,False,,T3,False,False,False,False,19.205240758875256,45.2,315.605,L,False,False,False,False,False,82.08625734371145,82.93519605790769,64.86182155775226,False,False,False,False,False,False,False,37427.5,VS,91.46733470872849,latitude;longitude;distance_to_state_capital
41,00954,00954,PUERTO RICO,base_enriched,,hrsa,queue_base_expansion,2,tabular_plus_nearest_defaults,PR,Toa Alta,,,S,False,,T3,False,False,False,False,19.205240758875256,45.2,315.605,L,False,False,False,False,False,82.08625734371145,82.93519605790769,64.86182155775226,False,False,False,False,False,False,False,37427.5,VS,91.46733470872849,latitude;longitude;distance_to_state_capital
42,00955,00955,PUERTO RICO,base_enriched,,hrsa,queue_base_expansion,2,tabular_plus_nearest_defaults,PR,San Juan,,,S,False,,T3,False,False,False,False,19.205240758875256,45.2,315.605,L,False,False,False,False,False,82.08625734371145,82.93519605790769,64.86182155775226,False,False,False,False,False,False,False,37427.5,VS,91.46733470872849,latitude;longitude;distance_to_state_capital
43,00958,00958,PUERTO RICO,base_enriched,,hrsa,queue_base_expansion,2,tabular_plus_nearest_defaults,PR,Bayamon,,,S,False,,T3,False,False,False,False,19.205240758875256,45.2,315.605,L,False,False,False,False,False,82.08625734371145,82.93519605790769,64.86182155775226,False,False,False,False,False,False,False,37427.5,VS,91.46733470872849,latitude;longitude;distance_to_state_capital
44,00963,00963,PUERTO RICO,base_enriched,,hrsa,queue_base_expansion,2,tabular_plus_nearest_defaults,PR,Catano,,,S,False,,T3,False,False,False,False,19.205240758875256,45.2,315.605,L,False,False,False,False,False,82.08625734371145,82.93519605790769,64.86182155775226,False,False,False,False,False,False,False,37427.5,VS,91.46733470872849,latitude;longitude;distance_to_state_capital
45,00970,00970,PUERTO RICO,base_enriched,,hrsa,queue_base_expansion,2,tabular_plus_nearest_defaults,PR,Guaynabo,,,S,False,,T3,False,False,False,False,19.205240758875256,45.2,315.605,L,False,False,False,False,False,82.08625734371145,82.93519605790769,64.86182155775226,False,False,False,False,False,False,False,37427.5,VS,91.46733470872849,latitude;longitude;distance_to_state_capital
46,00975,00975,PUERTO RICO,base_enriched,,hrsa,queue_base_expansion,2,tabular_plus_nearest_defaults,PR,San Juan,,,S,False,,T3,False,False,False,False,19.205240758875256,45.2,315.605,L,False,False,False,False,False,82.08625734371145,82.93519605790769,64.86182155775226,False,False,False,False,False,False,False,37427.5,VS,91.46733470872849,latitude;longitude;distance_to_state_capital
47,00977,00977,PUERTO RICO,base_enriched,,hrsa,queue_base_expansion,2,tabular_plus_nearest_defaults,PR,Trujillo Alto,,,S,False,,T3,False,False,False,False,19.205240758875256,45.2,315.605,L,False,False,False,False,False,82.08625734371145,82.93519605790769,64.86182155775226,False,False,False,False,False,False,False,37427.5,VS,91.46733470872849,latitude;longitude;distance_to_state_capital
48,00978,00978,PUERTO RICO,base_enriched,,hrsa,queue_base_expansion,2,tabular_plus_nearest_defaults,PR,Saint Just,,,S,False,,T3,False,False,False,False,19.205240758875256,45.2,315.605,L,False,False,False,False,False,82.08625734371145,82.93519605790769,64.86182155775226,False,False,False,False,False,False,False,37427.5,VS,91.46733470872849,latitude;longitude;distance_to_state_capital
49,00981,00981,PUERTO RICO,base_enriched,,hrsa,queue_base_expansion,2,tabular_plus_nearest_defaults,PR,Carolina,,,S,False,,T3,False,False,False,False,19.205240758875256,45.2,315.605,L,False,False,False,False,False,82.08625734371145,82.93519605790769,64.86182155775226,False,False,False,False,False,False,False,37427.5,VS,91.46733470872849,latitude;longitude;distance_to_state_capital
50,00984,00984,PUERTO RICO,base_enriched,,hrsa,queue_base_expansion,2,tabular_plus_nearest_defaults,PR,Carolina,,,S,False,,T3,False,False,False,False,19.205240758875256,45.2,315.605,L,False,False,False,False,False,82.08625734371145,82.93519605790769,64.86182155775226,False,False,False,False,False,False,False,37427.5,VS,91.46733470872849,latitude;longitude;distance_to_state_capital
51,00986,00986,PUERTO RICO,base_enriched,,hrsa,queue_base_expansion,2,tabular_plus_nearest_defaults,PR,Carolina,,,S,False,,T3,False,False,False,False,19.205240758875256,45.2,315.605,L,False,False,False,False,False,82.08625734371145,82.93519605790769,64.86182155775226,False,False,False,False,False,False,False,37427.5,VS,91.46733470872849,latitude;longitude;distance_to_state_capital
52,00988,00988,PUERTO RICO,base_enriched,,hrsa,queue_base_expansion,2,tabular_plus_nearest_defaults,PR,Carolina,,,S,False,,T3,False,False,False,False,19.205240758875256,45.2,315.605,L,False,False,False,False,False,82.08625734371145,82.93519605790769,64.86182155775226,False,False,False,False,False,False,False,37427.5,VS,91.46733470872849,latitude;longitude;distance_to_state_capital
53,09000,09000,MILITARY POSTAL SERV,base_stub,,,queue_base_expansion,2,tabular_plus_nearest_defaults,,,,,,False,,,False,False,False,False,,,315.605,,False,False,False,False,False,,,0.0,False,False,False,False,False,False,False,,,,state_original;major_city;latitude;longitude;region;distance_to_state_capital;city_tier;literacy_rate;median_age_estimate;income_bucket;internet_penetration_state;smartphone_penetration_state;district_population_numeric;district_population;sex_ratio
54,09002,09002,MILITARY POSTAL SERV,base_stub,,,queue_base_expansion,2,tabular_plus_nearest_defaults,,,,,,False,,,False,False,False,False,,,315.605,,False,False,False,False,False,,,0.0,False,False,False,False,False,False,False,,,,state_original;major_city;latitude;longitude;region;distance_to_state_capital;city_tier;literacy_rate;median_age_estimate;income_bucket;internet_penetration_state;smartphone_penetration_state;district_population_numeric;district_population;sex_ratio
55,09005,09005,MILITARY POSTAL SERV,base_stub,,,queue_base_expansion,2,tabular_plus_nearest_defaults,,,,,,False,,,False,False,False,False,,,315.605,,False,False,False,False,False,,,0.0,False,False,False,False,False,False,False,,,,state_original;major_city;latitude;longitude;region;distance_to_state_capital;city_tier;literacy_rate;median_age_estimate;income_bucket;internet_penetration_state;smartphone_penetration_state;district_population_numeric;district_population;sex_ratio
56,09008,09008,MILITARY POSTAL SERV,base_enriched,09090,geonames|nearest:09090,queue_base_expansion,2,tabular_plus_nearest_defaults,,APO AE,50.1155,8.6842,,False,,T3,False,False,False,False,13.0298273155416,44.6,315.605,L,False,False,False,False,False,80.67331670822942,82.16957605985037,64.0286783042394,False,False,False,False,False,False,False,67058.0,VS,100.33112582781456,state_original;region;distance_to_state_capital
57,09009,09009,MILITARY POSTAL SERV,base_enriched,09360,geonames|nearest:09360,queue_base_expansion,2,tabular_plus_nearest_defaults,,APO AE,49.4333,7.6,,False,,T3,False,False,False,False,13.0298273155416,44.6,315.605,L,False,False,False,False,False,80.67331670822942,82.16957605985037,64.0286783042394,False,False,False,False,False,False,False,67058.0,VS,100.33112582781456,state_original;region;distance_to_state_capital
58,09010,09010,MILITARY POSTAL SERV,base_stub,,,queue_base_expansion,2,tabular_plus_nearest_defaults,,,,,,False,,,False,False,False,False,,,315.605,,False,False,False,False,False,,,0.0,False,False,False,False,False,False,False,,,,state_original;major_city;latitude;longitude;region;distance_to_state_capital;city_tier;literacy_rate;median_age_estimate;income_bucket;internet_penetration_state;smartphone_penetration_state;district_population_numeric;district_population;sex_ratio
59,09011,09011,MILITARY POSTAL SERV,base_stub,,,queue_base_expansion,2,tabular_plus_nearest_defaults,,,,,,False,,,False,False,False,False,,,315.605,,False,False,False,False,False,,,0.0,False,False,False,False,False,False,False,,,,state_original;major_city;latitude;longitude;region;distance_to_state_capital;city_tier;literacy_rate;median_age_estimate;income_bucket;internet_penetration_state;smartphone_penetration_state;district_population_numeric;district_population;sex_ratio
60,09012,09012,MILITARY POSTAL SERV,base_enriched,09360,geonames|nearest:09360,queue_base_expansion,2,tabular_plus_nearest_defaults,,APO AE,49.4333,7.6,,False,,T3,False,False,False,False,13.0298273155416,44.6,315.605,L,False,False,False,False,False,80.67331670822942,82.16957605985037,64.0286783042394,False,False,False,False,False,False,False,67058.0,VS,100.33112582781456,state_original;region;distance_to_state_capital
61,09015,09015,MILITARY POSTAL SERV,base_stub,,,queue_base_expansion,2,tabular_plus_nearest_defaults,,,,,,False,,,False,False,False,False,,,315.605,,False,False,False,False,False,,,0.0,False,False,False,False,False,False,False,,,,state_original;major_city;latitude;longitude;region;distance_to_state_capital;city_tier;literacy_rate;median_age_estimate;income_bucket;internet_penetration_state;smartphone_penetration_state;district_population_numeric;district_population;sex_ratio
62,09016,09016,MILITARY POSTAL SERV,base_stub,,,queue_base_expansion,2,tabular_plus_nearest_defaults,,,,,,False,,,False,False,False,False,,,315.605,,False,False,False,False,False,,,0.0,False,False,False,False,False,False,False,,,,state_original;major_city;latitude;longitude;region;distance_to_state_capital;city_tier;literacy_rate;median_age_estimate;income_bucket;internet_penetration_state;smartphone_penetration_state;district_population_numeric;district_population;sex_ratio
63,09017,09017,MILITARY POSTAL SERV,base_stub,,,queue_base_expansion,2,tabular_plus_nearest_defaults,,,,,,False,,,False,False,False,False,,,315.605,,False,False,False,False,False,,,0.0,False,False,False,False,False,False,False,,,,state_original;major_city;latitude;longitude;region;distance_to_state_capital;city_tier;literacy_rate;median_age_estimate;income_bucket;internet_penetration_state;smartphone_penetration_state;district_population_numeric;district_population;sex_ratio
64,09018,09018,MILITARY POSTAL SERV,base_stub,,,queue_base_expansion,2,tabular_plus_nearest_defaults,,,,,,False,,,False,False,False,False,,,315.605,,False,False,False,False,False,,,0.0,False,False,False,False,False,False,False,,,,state_original;major_city;latitude;longitude;region;distance_to_state_capital;city_tier;literacy_rate;median_age_estimate;income_bucket;internet_penetration_state;smartphone_penetration_state;district_population_numeric;district_population;sex_ratio
65,09020,09020,MILITARY POSTAL SERV,base_stub,,,queue_base_expansion,2,tabular_plus_nearest_defaults,,,,,,False,,,False,False,False,False,,,315.605,,False,False,False,False,False,,,0.0,False,False,False,False,False,False,False,,,,state_original;major_city;latitude;longitude;region;distance_to_state_capital;city_tier;literacy_rate;median_age_estimate;income_bucket;internet_penetration_state;smartphone_penetration_state;district_population_numeric;district_population;sex_ratio
66,09021,09021,MILITARY POSTAL SERV,base_enriched,09360,geonames|nearest:09360,queue_base_expansion,2,tabular_plus_nearest_defaults,,APO AE,49.4292,7.6969,,False,,T3,False,False,False,False,13.0298273155416,44.6,315.605,L,False,False,False,False,False,80.67331670822942,82.16957605985037,64.0286783042394,False,False,False,False,False,False,False,67058.0,VS,100.33112582781456,state_original;region;distance_to_state_capital
67,09034,09034,MILITARY POSTAL SERV,base_enriched,09360,geonames|nearest:09360,queue_base_expansion,2,tabular_plus_nearest_defaults,,APO AE,49.6174,7.3338,,False,,T3,False,False,False,False,13.0298273155416,44.6,315.605,L,False,False,False,False,False,80.67331670822942,82.16957605985037,64.0286783042394,False,False,False,False,False,False,False,67058.0,VS,100.33112582781456,state_original;region;distance_to_state_capital
68,09044,09044,MILITARY POSTAL SERV,base_enriched,09176,geonames|nearest:09176,queue_base_expansion,2,tabular_plus_nearest_defaults,,APO AE,49.9817,11.6139,,False,,T3,False,False,False,False,13.0298273155416,44.6,315.605,L,False,False,False,False,False,80.67331670822942,82.16957605985037,64.0286783042394,False,False,False,False,False,False,False,67058.0,VS,100.33112582781456,state_original;region;distance_to_state_capital
69,09046,09046,MILITARY POSTAL SERV,base_enriched,09176,geonames|nearest:09176,queue_base_expansion,2,tabular_plus_nearest_defaults,,APO AE,48.6821,9.0117,,False,,T3,False,False,False,False,13.0298273155416,44.6,315.605,L,False,False,False,False,False,80.67331670822942,82.16957605985037,64.0286783042394,False,False,False,False,False,False,False,67058.0,VS,100.33112582781456,state_original;region;distance_to_state_capital
70,09049,09049,MILITARY POSTAL SERV,base_stub,,,queue_base_expansion,2,tabular_plus_nearest_defaults,,,,,,False,,,False,False,False,False,,,315.605,,False,False,False,False,False,,,0.0,False,False,False,False,False,False,False,,,,state_original;major_city;latitude;longitude;region;distance_to_state_capital;city_tier;literacy_rate;median_age_estimate;income_bucket;internet_penetration_state;smartphone_penetration_state;district_population_numeric;district_population;sex_ratio
71,09053,09053,MILITARY POSTAL SERV,base_enriched,09160,geonames|nearest:09160,queue_base_expansion,2,tabular_plus_nearest_defaults,,APO AE,47.4926,11.0865,,False,,T3,False,False,False,False,13.0298273155416,44.6,315.605,L,False,False,False,False,False,80.67331670822942,82.16957605985037,64.0286783042394,False,False,False,False,False,False,False,67058.0,VS,100.33112582781456,state_original;region;distance_to_state_capital
72,09060,09060,MILITARY POSTAL SERV,base_enriched,09090,geonames|nearest:09090,queue_base_expansion,2,tabular_plus_nearest_defaults,,APO AE,50.1155,8.6842,,False,,T3,False,False,False,False,13.0298273155416,44.6,315.605,L,False,False,False,False,False,80.67331670822942,82.16957605985037,64.0286783042394,False,False,False,False,False,False,False,67058.0,VS,100.33112582781456,state_original;region;distance_to_state_capital
73,09067,09067,MILITARY POSTAL SERV,base_enriched,09360,geonames|nearest:09360,queue_base_expansion,2,tabular_plus_nearest_defaults,,APO AE,49.443,7.7716,,False,,T3,False,False,False,False,13.0298273155416,44.6,315.605,L,False,False,False,False,False,80.67331670822942,82.16957605985037,64.0286783042394,False,False,False,False,False,False,False,67058.0,VS,100.33112582781456,state_original;region;distance_to_state_capital
74,09068,09068,MILITARY POSTAL SERV,base_enriched,09176,geonames|nearest:09176,queue_base_expansion,2,tabular_plus_nearest_defaults,,APO AE,49.4759,10.9886,,False,,T3,False,False,False,False,13.0298273155416,44.6,315.605,L,False,False,False,False,False,80.67331670822942,82.16957605985037,64.0286783042394,False,False,False,False,False,False,False,67058.0,VS,100.33112582781456,state_original;region;distance_to_state_capital
75,09069,09069,MILITARY POSTAL SERV,base_enriched,09090,geonames|nearest:09090,queue_base_expansion,2,tabular_plus_nearest_defaults,,APO AE,53.5502,8.5767,,False,,T3,False,False,False,False,13.0298273155416,44.6,315.605,L,False,False,False,False,False,80.67331670822942,82.16957605985037,64.0286783042394,False,False,False,False,False,False,False,67058.0,VS,100.33112582781456,state_original;region;distance_to_state_capital
76,09079,09079,MILITARY POSTAL SERV,base_enriched,09090,geonames|nearest:09090,queue_base_expansion,2,tabular_plus_nearest_defaults,,APO AE,50.1155,8.6842,,False,,T3,False,False,False,False,13.0298273155416,44.6,315.605,L,False,False,False,False,False,80.67331670822942,82.16957605985037,64.0286783042394,False,False,False,False,False,False,False,67058.0,VS,100.33112582781456,state_original;region;distance_to_state_capital
77,09094,09094,MILITARY POSTAL SERV,base_enriched,09360,geonames|nearest:09360,queue_base_expansion,2,tabular_plus_nearest_defaults,,APO AE,49.4445,7.5553,,False,,T3,False,False,False,False,13.0298273155416,44.6,315.605,L,False,False,False,False,False,80.67331670822942,82.16957605985037,64.0286783042394,False,False,False,False,False,False,False,67058.0,VS,100.33112582781456,state_original;region;distance_to_state_capital
78,09095,09095,MILITARY POSTAL SERV,base_enriched,09360,geonames|nearest:09360,queue_base_expansion,2,tabular_plus_nearest_defaults,,APO AE,49.2231,8.3639,,False,,T3,False,False,False,False,13.0298273155416,44.6,315.605,L,False,False,False,False,False,80.67331670822942,82.16957605985037,64.0286783042394,False,False,False,False,False,False,False,67058.0,VS,100.33112582781456,state_original;region;distance_to_state_capital
79,09096,09096,MILITARY POSTAL SERV,base_enriched,09090,geonames|nearest:09090,queue_base_expansion,2,tabular_plus_nearest_defaults,,APO AE,50.0826,8.2493,,False,,T3,False,False,False,False,13.0298273155416,44.6,315.605,L,False,False,False,False,False,80.67331670822942,82.16957605985037,64.0286783042394,False,False,False,False,False,False,False,67058.0,VS,100.33112582781456,state_original;region;distance_to_state_capital
80,09100,09100,MILITARY POSTAL SERV,base_enriched,09360,geonames|nearest:09360,queue_base_expansion,2,tabular_plus_nearest_defaults,,APO AE,49.3822,8.5823,,False,,T3,False,False,False,False,13.0298273155416,44.6,315.605,L,False,False,False,False,False,80.67331670822942,82.16957605985037,64.0286783042394,False,False,False,False,False,False,False,67058.0,VS,100.33112582781456,state_original;region;distance_to_state_capital
81,09103,09103,MILITARY POSTAL SERV,base_enriched,09090,geonames|nearest:09090,queue_base_expansion,2,tabular_plus_nearest_defaults,,APO AE,51.1747,6.3169,,False,,T3,False,False,False,False,13.0298273155416,44.6,315.605,L,False,False,False,False,False,80.67331670822942,82.16957605985037,64.0286783042394,False,False,False,False,False,False,False,67058.0,VS,100.33112582781456,state_original;region;distance_to_state_capital
82,09104,09104,MILITARY POSTAL SERV,base_enriched,09090,geonames|nearest:09090,queue_base_expansion,2,tabular_plus_nearest_defaults,,APO AE,50.9675,6.1176,,False,,T3,False,False,False,False,13.0298273155416,44.6,315.605,L,False,False,False,False,False,80.67331670822942,82.16957605985037,64.0286783042394,False,False,False,False,False,False,False,67058.0,VS,100.33112582781456,state_original;region;distance_to_state_capital
83,09112,09112,MILITARY POSTAL SERV,base_enriched,09090,geonames|nearest:09090,queue_base_expansion,2,tabular_plus_nearest_defaults,,APO AE,50.5106,10.3187,,False,,T3,False,False,False,False,13.0298273155416,44.6,315.605,L,False,False,False,False,False,80.67331670822942,82.16957605985037,64.0286783042394,False,False,False,False,False,False,False,67058.0,VS,100.33112582781456,state_original;region;distance_to_state_capital
84,09114,09114,MILITARY POSTAL SERV,base_enriched,09160,geonames|nearest:09160,queue_base_expansion,2,tabular_plus_nearest_defaults,,APO AE,49.7173,11.9065,,False,,T3,False,False,False,False,13.0298273155416,44.6,315.605,L,False,False,False,False,False,80.67331670822942,82.16957605985037,64.0286783042394,False,False,False,False,False,False,False,67058.0,VS,100.33112582781456,state_original;region;distance_to_state_capital
85,09116,09116,MILITARY POSTAL SERV,base_stub,,,queue_base_expansion,2,tabular_plus_nearest_defaults,,,,,,False,,,False,False,False,False,,,315.605,,False,False,False,False,False,,,0.0,False,False,False,False,False,False,False,,,,state_original;major_city;latitude;longitude;region;distance_to_state_capital;city_tier;literacy_rate;median_age_estimate;income_bucket;internet_penetration_state;smartphone_penetration_state;district_population_numeric;district_population;sex_ratio
86,09123,09123,MILITARY POSTAL SERV,base_enriched,09090,geonames|nearest:09090,queue_base_expansion,2,tabular_plus_nearest_defaults,,APO AE,49.9833,6.6833,,False,,T3,False,False,False,False,13.0298273155416,44.6,315.605,L,False,False,False,False,False,80.67331670822942,82.16957605985037,64.0286783042394,False,False,False,False,False,False,False,67058.0,VS,100.33112582781456,state_original;region;distance_to_state_capital
87,09126,09126,MILITARY POSTAL SERV,base_enriched,09090,geonames|nearest:09090,queue_base_expansion,2,tabular_plus_nearest_defaults,,APO AE,49.9833,6.6833,,False,,T3,False,False,False,False,13.0298273155416,44.6,315.605,L,False,False,False,False,False,80.67331670822942,82.16957605985037,64.0286783042394,False,False,False,False,False,False,False,67058.0,VS,100.33112582781456,state_original;region;distance_to_state_capital
88,09128,09128,MILITARY POSTAL SERV,base_enriched,09176,geonames|nearest:09176,queue_base_expansion,2,tabular_plus_nearest_defaults,,APO AE,48.9356,8.9604,,False,,T3,False,False,False,False,13.0298273155416,44.6,315.605,L,False,False,False,False,False,80.67331670822942,82.16957605985037,64.0286783042394,False,False,False,False,False,False,False,67058.0,VS,100.33112582781456,state_original;region;distance_to_state_capital
89,09135,09135,MILITARY POSTAL SERV,base_stub,,,queue_base_expansion,2,tabular_plus_nearest_defaults,,,,,,False,,,False,False,False,False,,,315.605,,False,False,False,False,False,,,0.0,False,False,False,False,False,False,False,,,,state_original;major_city;latitude;longitude;region;distance_to_state_capital;city_tier;literacy_rate;median_age_estimate;income_bucket;internet_penetration_state;smartphone_penetration_state;district_population_numeric;district_population;sex_ratio
90,09136,09136,MILITARY POSTAL SERV,base_enriched,09360,geonames|nearest:09360,queue_base_expansion,2,tabular_plus_nearest_defaults,,APO AE,49.5118,7.8666,,False,,T3,False,False,False,False,13.0298273155416,44.6,315.605,L,False,False,False,False,False,80.67331670822942,82.16957605985037,64.0286783042394,False,False,False,False,False,False,False,67058.0,VS,100.33112582781456,state_original;region;distance_to_state_capital
91,09140,09140,MILITARY POSTAL SERV,base_enriched,09176,geonames|nearest:09176,queue_base_expansion,2,tabular_plus_nearest_defaults,,APO AE,49.4804,10.3877,,False,,T3,False,False,False,False,13.0298273155416,44.6,315.605,L,False,False,False,False,False,80.67331670822942,82.16957605985037,64.0286783042394,False,False,False,False,False,False,False,67058.0,VS,100.33112582781456,state_original;region;distance_to_state_capital
92,09142,09142,MILITARY POSTAL SERV,base_enriched,09160,geonames|nearest:09160,queue_base_expansion,2,tabular_plus_nearest_defaults,,APO AE,49.3305,11.0235,,False,,T3,False,False,False,False,13.0298273155416,44.6,315.605,L,False,False,False,False,False,80.67331670822942,82.16957605985037,64.0286783042394,False,False,False,False,False,False,False,67058.0,VS,100.33112582781456,state_original;region;distance_to_state_capital
93,09154,09154,MILITARY POSTAL SERV,base_enriched,09176,geonames|nearest:09176,queue_base_expansion,2,tabular_plus_nearest_defaults,,APO AE,48.7823,9.177,,False,,T3,False,False,False,False,13.0298273155416,44.6,315.605,L,False,False,False,False,False,80.67331670822942,82.16957605985037,64.0286783042394,False,False,False,False,False,False,False,67058.0,VS,100.33112582781456,state_original;region;distance_to_state_capital
94,09170,09170,MILITARY POSTAL SERV,base_stub,,,queue_base_expansion,2,tabular_plus_nearest_defaults,,,,,,False,,,False,False,False,False,,,315.605,,False,False,False,False,False,,,0.0,False,False,False,False,False,False,False,,,,state_original;major_city;latitude;longitude;region;distance_to_state_capital;city_tier;literacy_rate;median_age_estimate;income_bucket;internet_penetration_state;smartphone_penetration_state;district_population_numeric;district_population;sex_ratio
95,09171,09171,MILITARY POSTAL SERV,base_enriched,09090,geonames|nearest:09090,queue_base_expansion,2,tabular_plus_nearest_defaults,,APO AE,51.9624,7.6257,,False,,T3,False,False,False,False,13.0298273155416,44.6,315.605,L,False,False,False,False,False,80.67331670822942,82.16957605985037,64.0286783042394,False,False,False,False,False,False,False,67058.0,VS,100.33112582781456,state_original;region;distance_to_state_capital
96,09173,09173,MILITARY POSTAL SERV,base_enriched,09160,geonames|nearest:09160,queue_base_expansion,2,tabular_plus_nearest_defaults,,APO AE,49.204,11.8484,,False,,T3,False,False,False,False,13.0298273155416,44.6,315.605,L,False,False,False,False,False,80.67331670822942,82.16957605985037,64.0286783042394,False,False,False,False,False,False,False,67058.0,VS,100.33112582781456,state_original;region;distance_to_state_capital
97,09174,09174,MILITARY POSTAL SERV,base_stub,,,queue_base_expansion,2,tabular_plus_nearest_defaults,,,,,,False,,,False,False,False,False,,,315.605,,False,False,False,False,False,,,0.0,False,False,False,False,False,False,False,,,,state_original;major_city;latitude;longitude;region;distance_to_state_capital;city_tier;literacy_rate;median_age_estimate;income_bucket;internet_penetration_state;smartphone_penetration_state;district_population_numeric;district_population;sex_ratio
98,09178,09178,MILITARY POSTAL SERV,base_enriched,09160,geonames|nearest:09160,queue_base_expansion,2,tabular_plus_nearest_defaults,,APO AE,48.3715,10.8985,,False,,T3,False,False,False,False,13.0298273155416,44.6,315.605,L,False,False,False,False,False,80.67331670822942,82.16957605985037,64.0286783042394,False,False,False,False,False,False,False,67058.0,VS,100.33112582781456,state_original;region;distance_to_state_capital
99,09179,09179,MILITARY POSTAL SERV,base_stub,,,queue_base_expansion,2,tabular_plus_nearest_defaults,,,,,,False,,,False,False,False,False,,,315.605,,False,False,False,False,False,,,0.0,False,False,False,False,False,False,False,,,,state_original;major_city;latitude;longitude;region;distance_to_state_capital;city_tier;literacy_rate;median_age_estimate;income_bucket;internet_penetration_state;smartphone_penetration_state;district_population_numeric;district_population;sex_ratio
100,09180,09180,MILITARY POSTAL SERV,base_enriched,09360,geonames|nearest:09360,queue_base_expansion,2,tabular_plus_nearest_defaults,,APO AE,49.4131,7.5702,,False,,T3,False,False,False,False,13.0298273155416,44.6,315.605,L,False,False,False,False,False,80.67331670822942,82.16957605985037,64.0286783042394,False,False,False,False,False,False,False,67058.0,VS,100.33112582781456,state_original;region;distance_to_state_capital
101,09181,09181,MILITARY POSTAL SERV,base_stub,,,queue_base_expansion,2,tabular_plus_nearest_defaults,,,,,,False,,,False,False,False,False,,,315.605,,False,False,False,False,False,,,0.0,False,False,False,False,False,False,False,,,,state_original;major_city;latitude;longitude;region;distance_to_state_capital;city_tier;literacy_rate;median_age_estimate;income_bucket;internet_penetration_state;smartphone_penetration_state;district_population_numeric;district_population;sex_ratio
102,09203,09203,MILITARY POSTAL SERV,base_stub,,,queue_base_expansion,2,tabular_plus_nearest_defaults,,,,,,False,,,False,False,False,False,,,315.605,,False,False,False,False,False,,,0.0,False,False,False,False,False,False,False,,,,state_original;major_city;latitude;longitude;region;distance_to_state_capital;city_tier;literacy_rate;median_age_estimate;income_bucket;internet_penetration_state;smartphone_penetration_state;district_population_numeric;district_population;sex_ratio
103,09204,09204,MILITARY POSTAL SERV,base_stub,,,queue_base_expansion,2,tabular_plus_nearest_defaults,,,,,,False,,,False,False,False,False,,,315.605,,False,False,False,False,False,,,0.0,False,False,False,False,False,False,False,,,,state_original;major_city;latitude;longitude;region;distance_to_state_capital;city_tier;literacy_rate;median_age_estimate;income_bucket;internet_penetration_state;smartphone_penetration_state;district_population_numeric;district_population;sex_ratio
104,09205,09205,MILITARY POSTAL SERV,base_enriched,09090,geonames|nearest:09090,queue_base_expansion,2,tabular_plus_nearest_defaults,,APO AE,52.1727,9.2491,,False,,T3,False,False,False,False,13.0298273155416,44.6,315.605,L,False,False,False,False,False,80.67331670822942,82.16957605985037,64.0286783042394,False,False,False,False,False,False,False,67058.0,VS,100.33112582781456,state_original;region;distance_to_state_capital
105,09211,09211,MILITARY POSTAL SERV,base_enriched,09175,geonames|nearest:09175,queue_base_expansion,2,tabular_plus_nearest_defaults,,APO AE,49.8717,8.6503,,False,,T3,False,False,False,False,13.0298273155416,44.6,315.605,L,False,False,False,False,False,80.67331670822942,82.16957605985037,64.0286783042394,False,False,False,False,False,False,False,67058.0,VS,100.33112582781456,state_original;region;distance_to_state_capital
106,09213,09213,MILITARY POSTAL SERV,base_enriched,09090,geonames|nearest:09090,queue_base_expansion,2,tabular_plus_nearest_defaults,,APO AE,50.1155,8.6842,,False,,T3,False,False,False,False,13.0298273155416,44.6,315.605,L,False,False,False,False,False,80.67331670822942,82.16957605985037,64.0286783042394,False,False,False,False,False,False,False,67058.0,VS,100.33112582781456,state_original;region;distance_to_state_capital
107,09214,09214,MILITARY POSTAL SERV,base_enriched,09090,geonames|nearest:09090,queue_base_expansion,2,tabular_plus_nearest_defaults,,APO AE,50.1738,7.0633,,False,,T3,False,False,False,False,13.0298273155416,44.6,315.605,L,False,False,False,False,False,80.67331670822942,82.16957605985037,64.0286783042394,False,False,False,False,False,False,False,67058.0,VS,100.33112582781456,state_original;region;distance_to_state_capital
108,09216,09216,MILITARY POSTAL SERV,base_enriched,09090,geonames|nearest:09090,queue_base_expansion,2,tabular_plus_nearest_defaults,,APO AE,52.1338,10.8897,,False,,T3,False,False,False,False,13.0298273155416,44.6,315.605,L,False,False,False,False,False,80.67331670822942,82.16957605985037,64.0286783042394,False,False,False,False,False,False,False,67058.0,VS,100.33112582781456,state_original;region;distance_to_state_capital
109,09227,09227,MILITARY POSTAL SERV,base_enriched,09360,geonames|nearest:09360,queue_base_expansion,2,tabular_plus_nearest_defaults,,APO AE,49.443,7.7716,,False,,T3,False,False,False,False,13.0298273155416,44.6,315.605,L,False,False,False,False,False,80.67331670822942,82.16957605985037,64.0286783042394,False,False,False,False,False,False,False,67058.0,VS,100.33112582781456,state_original;region;distance_to_state_capital
110,09240,09240,MILITARY POSTAL SERV,base_stub,,,queue_base_expansion,2,tabular_plus_nearest_defaults,,,,,,False,,,False,False,False,False,,,315.605,,False,False,False,False,False,,,0.0,False,False,False,False,False,False,False,,,,state_original;major_city;latitude;longitude;region;distance_to_state_capital;city_tier;literacy_rate;median_age_estimate;income_bucket;internet_penetration_state;smartphone_penetration_state;district_population_numeric;district_population;sex_ratio
111,09241,09241,MILITARY POSTAL SERV,base_stub,,,queue_base_expansion,2,tabular_plus_nearest_defaults,,,,,,False,,,False,False,False,False,,,315.605,,False,False,False,False,False,,,0.0,False,False,False,False,False,False,False,,,,state_original;major_city;latitude;longitude;region;distance_to_state_capital;city_tier;literacy_rate;median_age_estimate;income_bucket;internet_penetration_state;smartphone_penetration_state;district_population_numeric;district_population;sex_ratio
112,09242,09242,MILITARY POSTAL SERV,base_enriched,09090,geonames|nearest:09090,queue_base_expansion,2,tabular_plus_nearest_defaults,,APO AE,50.1155,8.6842,,False,,T3,False,False,False,False,13.0298273155416,44.6,315.605,L,False,False,False,False,False,80.67331670822942,82.16957605985037,64.0286783042394,False,False,False,False,False,False,False,67058.0,VS,100.33112582781456,state_original;region;distance_to_state_capital
113,09250,09250,MILITARY POSTAL SERV,base_enriched,09176,geonames|nearest:09176,queue_base_expansion,2,tabular_plus_nearest_defaults,,APO AE,49.4667,10.7,,False,,T3,False,False,False,False,13.0298273155416,44.6,315.605,L,False,False,False,False,False,80.67331670822942,82.16957605985037,64.0286783042394,False,False,False,False,False,False,False,67058.0,VS,100.33112582781456,state_original;region;distance_to_state_capital
114,09261,09261,MILITARY POSTAL SERV,base_enriched,09090,geonames|nearest:09090,queue_base_expansion,2,tabular_plus_nearest_defaults,,APO AE,51.7391,6.291,,False,,T3,False,False,False,False,13.0298273155416,44.6,315.605,L,False,False,False,False,False,80.67331670822942,82.16957605985037,64.0286783042394,False,False,False,False,False,False,False,67058.0,VS,100.33112582781456,state_original;region;distance_to_state_capital
115,09263,09263,MILITARY POSTAL SERV,base_enriched,09360,geonames|nearest:09360,queue_base_expansion,2,tabular_plus_nearest_defaults,,APO AE,49.443,7.7716,,False,,T3,False,False,False,False,13.0298273155416,44.6,315.605,L,False,False,False,False,False,80.67331670822942,82.16957605985037,64.0286783042394,False,False,False,False,False,False,False,67058.0,VS,100.33112582781456,state_original;region;distance_to_state_capital
116,09265,09265,MILITARY POSTAL SERV,base_enriched,09090,geonames|nearest:09090,queue_base_expansion,2,tabular_plus_nearest_defaults,,APO AE,50.2023,10.0778,,False,,T3,False,False,False,False,13.0298273155416,44.6,315.605,L,False,False,False,False,False,80.67331670822942,82.16957605985037,64.0286783042394,False,False,False,False,False,False,False,67058.0,VS,100.33112582781456,state_original;region;distance_to_state_capital
117,09266,09266,MILITARY POSTAL SERV,base_stub,,,queue_base_expansion,2,tabular_plus_nearest_defaults,,,,,,False,,,False,False,False,False,,,315.605,,False,False,False,False,False,,,0.0,False,False,False,False,False,False,False,,,,state_original;major_city;latitude;longitude;region;distance_to_state_capital;city_tier;literacy_rate;median_age_estimate;income_bucket;internet_penetration_state;smartphone_penetration_state;district_population_numeric;district_population;sex_ratio
118,09276,09276,MILITARY POSTAL SERV,base_stub,,,queue_base_expansion,2,tabular_plus_nearest_defaults,,,,,,False,,,False,False,False,False,,,315.605,,False,False,False,False,False,,,0.0,False,False,False,False,False,False,False,,,,state_original;major_city;latitude;longitude;region;distance_to_state_capital;city_tier;literacy_rate;median_age_estimate;income_bucket;internet_penetration_state;smartphone_penetration_state;district_population_numeric;district_population;sex_ratio
119,09277,09277,MILITARY POSTAL SERV,base_stub,,,queue_base_expansion,2,tabular_plus_nearest_defaults,,,,,,False,,,False,False,False,False,,,315.605,,False,False,False,False,False,,,0.0,False,False,False,False,False,False,False,,,,state_original;major_city;latitude;longitude;region;distance_to_state_capital;city_tier;literacy_rate;median_age_estimate;income_bucket;internet_penetration_state;smartphone_penetration_state;district_population_numeric;district_population;sex_ratio
120,09278,09278,MILITARY POSTAL SERV,base_stub,,,queue_base_expansion,2,tabular_plus_nearest_defaults,,,,,,False,,,False,False,False,False,,,315.605,,False,False,False,False,False,,,0.0,False,False,False,False,False,False,False,,,,state_original;major_city;latitude;longitude;region;distance_to_state_capital;city_tier;literacy_rate;median_age_estimate;income_bucket;internet_penetration_state;smartphone_penetration_state;district_population_numeric;district_population;sex_ratio
121,09279,09279,MILITARY POSTAL SERV,base_enriched,09176,geonames|nearest:09176,queue_base_expansion,2,tabular_plus_nearest_defaults,,APO AE,48.8973,9.1916,,False,,T3,False,False,False,False,13.0298273155416,44.6,315.605,L,False,False,False,False,False,80.67331670822942,82.16957605985037,64.0286783042394,False,False,False,False,False,False,False,67058.0,VS,100.33112582781456,state_original;region;distance_to_state_capital
122,09280,09280,MILITARY POSTAL SERV,base_stub,,,queue_base_expansion,2,tabular_plus_nearest_defaults,,,,,,False,,,False,False,False,False,,,315.605,,False,False,False,False,False,,,0.0,False,False,False,False,False,False,False,,,,state_original;major_city;latitude;longitude;region;distance_to_state_capital;city_tier;literacy_rate;median_age_estimate;income_bucket;internet_penetration_state;smartphone_penetration_state;district_population_numeric;district_population;sex_ratio
123,09281,09281,MILITARY POSTAL SERV,base_enriched,09160,geonames|nearest:09160,queue_base_expansion,2,tabular_plus_nearest_defaults,,APO AE,48.7995,9.7981,,False,,T3,False,False,False,False,13.0298273155416,44.6,315.605,L,False,False,False,False,False,80.67331670822942,82.16957605985037,64.0286783042394,False,False,False,False,False,False,False,67058.0,VS,100.33112582781456,state_original;region;distance_to_state_capital
124,09282,09282,MILITARY POSTAL SERV,base_stub,,,queue_base_expansion,2,tabular_plus_nearest_defaults,,,,,,False,,,False,False,False,False,,,315.605,,False,False,False,False,False,,,0.0,False,False,False,False,False,False,False,,,,state_original;major_city;latitude;longitude;region;distance_to_state_capital;city_tier;literacy_rate;median_age_estimate;income_bucket;internet_penetration_state;smartphone_penetration_state;district_population_numeric;district_population;sex_ratio
125,09283,09283,MILITARY POSTAL SERV,base_stub,,,queue_base_expansion,2,tabular_plus_nearest_defaults,,,,,,False,,,False,False,False,False,,,315.605,,False,False,False,False,False,,,0.0,False,False,False,False,False,False,False,,,,state_original;major_city;latitude;longitude;region;distance_to_state_capital;city_tier;literacy_rate;median_age_estimate;income_bucket;internet_penetration_state;smartphone_penetration_state;district_population_numeric;district_population;sex_ratio
126,09284,09284,MILITARY POSTAL SERV,base_stub,,,queue_base_expansion,2,tabular_plus_nearest_defaults,,,,,,False,,,False,False,False,False,,,315.605,,False,False,False,False,False,,,0.0,False,False,False,False,False,False,False,,,,state_original;major_city;latitude;longitude;region;distance_to_state_capital;city_tier;literacy_rate;median_age_estimate;income_bucket;internet_penetration_state;smartphone_penetration_state;district_population_numeric;district_population;sex_ratio
127,09285,09285,MILITARY POSTAL SERV,base_stub,,,queue_base_expansion,2,tabular_plus_nearest_defaults,,,,,,False,,,False,False,False,False,,,315.605,,False,False,False,False,False,,,0.0,False,False,False,False,False,False,False,,,,state_original;major_city;latitude;longitude;region;distance_to_state_capital;city_tier;literacy_rate;median_age_estimate;income_bucket;internet_penetration_state;smartphone_penetration_state;district_population_numeric;district_population;sex_ratio
128,09287,09287,MILITARY POSTAL SERV,base_stub,,,queue_base_expansion,2,tabular_plus_nearest_defaults,,,,,,False,,,False,False,False,False,,,315.605,,False,False,False,False,False,,,0.0,False,False,False,False,False,False,False,,,,state_original;major_city;latitude;longitude;region;distance_to_state_capital;city_tier;literacy_rate;median_age_estimate;income_bucket;internet_penetration_state;smartphone_penetration_state;district_population_numeric;district_population;sex_ratio
129,09288,09288,MILITARY POSTAL SERV,base_stub,,,queue_base_expansion,2,tabular_plus_nearest_defaults,,,,,,False,,,False,False,False,False,,,315.605,,False,False,False,False,False,,,0.0,False,False,False,False,False,False,False,,,,state_original;major_city;latitude;longitude;region;distance_to_state_capital;city_tier;literacy_rate;median_age_estimate;income_bucket;internet_penetration_state;smartphone_penetration_state;district_population_numeric;district_population;sex_ratio
130,09289,09289,MILITARY POSTAL SERV,base_stub,,,queue_base_expansion,2,tabular_plus_nearest_defaults,,,,,,False,,,False,False,False,False,,,315.605,,False,False,False,False,False,,,0.0,False,False,False,False,False,False,False,,,,state_original;major_city;latitude;longitude;region;distance_to_state_capital;city_tier;literacy_rate;median_age_estimate;income_bucket;internet_penetration_state;smartphone_penetration_state;district_population_numeric;district_population;sex_ratio
131,09290,09290,MILITARY POSTAL SERV,base_stub,,,queue_base_expansion,2,tabular_plus_nearest_defaults,,,,,,False,,,False,False,False,False,,,315.605,,False,False,False,False,False,,,0.0,False,False,False,False,False,False,False,,,,state_original;major_city;latitude;longitude;region;distance_to_state_capital;city_tier;literacy_rate;median_age_estimate;income_bucket;internet_penetration_state;smartphone_penetration_state;district_population_numeric;district_population;sex_ratio
132,09291,09291,MILITARY POSTAL SERV,base_stub,,,queue_base_expansion,2,tabular_plus_nearest_defaults,,,,,,False,,,False,False,False,False,,,315.605,,False,False,False,False,False,,,0.0,False,False,False,False,False,False,False,,,,state_original;major_city;latitude;longitude;region;distance_to_state_capital;city_tier;literacy_rate;median_age_estimate;income_bucket;internet_penetration_state;smartphone_penetration_state;district_population_numeric;district_population;sex_ratio
133,09292,09292,MILITARY POSTAL SERV,base_stub,,,queue_base_expansion,2,tabular_plus_nearest_defaults,,,,,,False,,,False,False,False,False,,,315.605,,False,False,False,False,False,,,0.0,False,False,False,False,False,False,False,,,,state_original;major_city;latitude;longitude;region;distance_to_state_capital;city_tier;literacy_rate;median_age_estimate;income_bucket;internet_penetration_state;smartphone_penetration_state;district_population_numeric;district_population;sex_ratio
134,09293,09293,MILITARY POSTAL SERV,base_stub,,,queue_base_expansion,2,tabular_plus_nearest_defaults,,,,,,False,,,False,False,False,False,,,315.605,,False,False,False,False,False,,,0.0,False,False,False,False,False,False,False,,,,state_original;major_city;latitude;longitude;region;distance_to_state_capital;city_tier;literacy_rate;median_age_estimate;income_bucket;internet_penetration_state;smartphone_penetration_state;district_population_numeric;district_population;sex_ratio
135,09294,09294,MILITARY POSTAL SERV,base_stub,,,queue_base_expansion,2,tabular_plus_nearest_defaults,,,,,,False,,,False,False,False,False,,,315.605,,False,False,False,False,False,,,0.0,False,False,False,False,False,False,False,,,,state_original;major_city;latitude;longitude;region;distance_to_state_capital;city_tier;literacy_rate;median_age_estimate;income_bucket;internet_penetration_state;smartphone_penetration_state;district_population_numeric;district_population;sex_ratio
136,09295,09295,MILITARY POSTAL SERV,base_stub,,,queue_base_expansion,2,tabular_plus_nearest_defaults,,,,,,False,,,False,False,False,False,,,315.605,,False,False,False,False,False,,,0.0,False,False,False,False,False,False,False,,,,state_original;major_city;latitude;longitude;region;distance_to_state_capital;city_tier;literacy_rate;median_age_estimate;income_bucket;internet_penetration_state;smartphone_penetration_state;district_population_numeric;district_population;sex_ratio
137,09296,09296,MILITARY POSTAL SERV,base_stub,,,queue_base_expansion,2,tabular_plus_nearest_defaults,,,,,,False,,,False,False,False,False,,,315.605,,False,False,False,False,False,,,0.0,False,False,False,False,False,False,False,,,,state_original;major_city;latitude;longitude;region;distance_to_state_capital;city_tier;literacy_rate;median_age_estimate;income_bucket;internet_penetration_state;smartphone_penetration_state;district_population_numeric;district_population;sex_ratio
138,09297,09297,MILITARY POSTAL SERV,base_stub,,,queue_base_expansion,2,tabular_plus_nearest_defaults,,,,,,False,,,False,False,False,False,,,315.605,,False,False,False,False,False,,,0.0,False,False,False,False,False,False,False,,,,state_original;major_city;latitude;longitude;region;distance_to_state_capital;city_tier;literacy_rate;median_age_estimate;income_bucket;internet_penetration_state;smartphone_penetration_state;district_population_numeric;district_population;sex_ratio
139,09298,09298,MILITARY POSTAL SERV,base_stub,,,queue_base_expansion,2,tabular_plus_nearest_defaults,,,,,,False,,,False,False,False,False,,,315.605,,False,False,False,False,False,,,0.0,False,False,False,False,False,False,False,,,,state_original;major_city;latitude;longitude;region;distance_to_state_capital;city_tier;literacy_rate;median_age_estimate;income_bucket;internet_penetration_state;smartphone_penetration_state;district_population_numeric;district_population;sex_ratio
140,09299,09299,MILITARY POSTAL SERV,base_stub,,,queue_base_expansion,2,tabular_plus_nearest_defaults,,,,,,False,,,False,False,False,False,,,315.605,,False,False,False,False,False,,,0.0,False,False,False,False,False,False,False,,,,state_original;major_city;latitude;longitude;region;distance_to_state_capital;city_tier;literacy_rate;median_age_estimate;income_bucket;internet_penetration_state;smartphone_penetration_state;district_population_numeric;district_population;sex_ratio
141,09301,09301,MILITARY POSTAL SERV,base_stub,,,queue_base_expansion,2,tabular_plus_nearest_defaults,,,,,,False,,,False,False,False,False,,,315.605,,False,False,False,False,False,,,0.0,False,False,False,False,False,False,False,,,,state_original;major_city;latitude;longitude;region;distance_to_state_capital;city_tier;literacy_rate;median_age_estimate;income_bucket;internet_penetration_state;smartphone_penetration_state;district_population_numeric;district_population;sex_ratio
142,09303,09303,MILITARY POSTAL SERV,base_stub,,,queue_base_expansion,2,tabular_plus_nearest_defaults,,,,,,False,,,False,False,False,False,,,315.605,,False,False,False,False,False,,,0.0,False,False,False,False,False,False,False,,,,state_original;major_city;latitude;longitude;region;distance_to_state_capital;city_tier;literacy_rate;median_age_estimate;income_bucket;internet_penetration_state;smartphone_penetration_state;district_population_numeric;district_population;sex_ratio
143,09305,09305,MILITARY POSTAL SERV,base_enriched,09360,geonames|nearest:09360,queue_base_expansion,2,tabular_plus_nearest_defaults,,APO AE,49.6084,7.1741,,False,,T3,False,False,False,False,13.0298273155416,44.6,315.605,L,False,False,False,False,False,80.67331670822942,82.16957605985037,64.0286783042394,False,False,False,False,False,False,False,67058.0,VS,100.33112582781456,state_original;region;distance_to_state_capital
144,09306,09306,MILITARY POSTAL SERV,base_stub,,,queue_base_expansion,2,tabular_plus_nearest_defaults,,,,,,False,,,False,False,False,False,,,315.605,,False,False,False,False,False,,,0.0,False,False,False,False,False,False,False,,,,state_original;major_city;latitude;longitude;region;distance_to_state_capital;city_tier;literacy_rate;median_age_estimate;income_bucket;internet_penetration_state;smartphone_penetration_state;district_population_numeric;district_population;sex_ratio
145,09307,09307,MILITARY POSTAL SERV,base_stub,,,queue_base_expansion,2,tabular_plus_nearest_defaults,,,,,,False,,,False,False,False,False,,,315.605,,False,False,False,False,False,,,0.0,False,False,False,False,False,False,False,,,,state_original;major_city;latitude;longitude;region;distance_to_state_capital;city_tier;literacy_rate;median_age_estimate;income_bucket;internet_penetration_state;smartphone_penetration_state;district_population_numeric;district_population;sex_ratio
146,09309,09309,MILITARY POSTAL SERV,base_stub,,,queue_base_expansion,2,tabular_plus_nearest_defaults,,,,,,False,,,False,False,False,False,,,315.605,,False,False,False,False,False,,,0.0,False,False,False,False,False,False,False,,,,state_original;major_city;latitude;longitude;region;distance_to_state_capital;city_tier;literacy_rate;median_age_estimate;income_bucket;internet_penetration_state;smartphone_penetration_state;district_population_numeric;district_population;sex_ratio
147,09310,09310,MILITARY POSTAL SERV,base_stub,,,queue_base_expansion,2,tabular_plus_nearest_defaults,,,,,,False,,,False,False,False,False,,,315.605,,False,False,False,False,False,,,0.0,False,False,False,False,False,False,False,,,,state_original;major_city;latitude;longitude;region;distance_to_state_capital;city_tier;literacy_rate;median_age_estimate;income_bucket;internet_penetration_state;smartphone_penetration_state;district_population_numeric;district_population;sex_ratio
148,09312,09312,MILITARY POSTAL SERV,base_stub,,,queue_base_expansion,2,tabular_plus_nearest_defaults,,,,,,False,,,False,False,False,False,,,315.605,,False,False,False,False,False,,,0.0,False,False,False,False,False,False,False,,,,state_original;major_city;latitude;longitude;region;distance_to_state_capital;city_tier;literacy_rate;median_age_estimate;income_bucket;internet_penetration_state;smartphone_penetration_state;district_population_numeric;district_population;sex_ratio
149,09315,09315,MILITARY POSTAL SERV,base_stub,,,queue_base_expansion,2,tabular_plus_nearest_defaults,,,,,,False,,,False,False,False,False,,,315.605,,False,False,False,False,False,,,0.0,False,False,False,False,False,False,False,,,,state_original;major_city;latitude;longitude;region;distance_to_state_capital;city_tier;literacy_rate;median_age_estimate;income_bucket;internet_penetration_state;smartphone_penetration_state;district_population_numeric;district_population;sex_ratio
150,09316,09316,MILITARY POSTAL SERV,base_stub,,,queue_base_expansion,2,tabular_plus_nearest_defaults,,,,,,False,,,False,False,False,False,,,315.605,,False,False,False,False,False,,,0.0,False,False,False,False,False,False,False,,,,state_original;major_city;latitude;longitude;region;distance_to_state_capital;city_tier;literacy_rate;median_age_estimate;income_bucket;internet_penetration_state;smartphone_penetration_state;district_population_numeric;district_population;sex_ratio
151,09317,09317,MILITARY POSTAL SERV,base_stub,,,queue_base_expansion,2,tabular_plus_nearest_defaults,,,,,,False,,,False,False,False,False,,,315.605,,False,False,False,False,False,,,0.0,False,False,False,False,False,False,False,,,,state_original;major_city;latitude;longitude;region;distance_to_state_capital;city_tier;literacy_rate;median_age_estimate;income_bucket;internet_penetration_state;smartphone_penetration_state;district_population_numeric;district_population;sex_ratio
152,09321,09321,MILITARY POSTAL SERV,base_stub,,,queue_base_expansion,2,tabular_plus_nearest_defaults,,,,,,False,,,False,False,False,False,,,315.605,,False,False,False,False,False,,,0.0,False,False,False,False,False,False,False,,,,state_original;major_city;latitude;longitude;region;distance_to_state_capital;city_tier;literacy_rate;median_age_estimate;income_bucket;internet_penetration_state;smartphone_penetration_state;district_population_numeric;district_population;sex_ratio
153,09330,09330,MILITARY POSTAL SERV,base_stub,,,queue_base_expansion,2,tabular_plus_nearest_defaults,,,,,,False,,,False,False,False,False,,,315.605,,False,False,False,False,False,,,0.0,False,False,False,False,False,False,False,,,,state_original;major_city;latitude;longitude;region;distance_to_state_capital;city_tier;literacy_rate;median_age_estimate;income_bucket;internet_penetration_state;smartphone_penetration_state;district_population_numeric;district_population;sex_ratio
154,09343,09343,MILITARY POSTAL SERV,base_stub,,,queue_base_expansion,2,tabular_plus_nearest_defaults,,,,,,False,,,False,False,False,False,,,315.605,,False,False,False,False,False,,,0.0,False,False,False,False,False,False,False,,,,state_original;major_city;latitude;longitude;region;distance_to_state_capital;city_tier;literacy_rate;median_age_estimate;income_bucket;internet_penetration_state;smartphone_penetration_state;district_population_numeric;district_population;sex_ratio
155,09357,09357,MILITARY POSTAL SERV,base_stub,,,queue_base_expansion,2,tabular_plus_nearest_defaults,,,,,,False,,,False,False,False,False,,,315.605,,False,False,False,False,False,,,0.0,False,False,False,False,False,False,False,,,,state_original;major_city;latitude;longitude;region;distance_to_state_capital;city_tier;literacy_rate;median_age_estimate;income_bucket;internet_penetration_state;smartphone_penetration_state;district_population_numeric;district_population;sex_ratio
156,09365,09365,MILITARY POSTAL SERV,base_stub,,,queue_base_expansion,2,tabular_plus_nearest_defaults,,,,,,False,,,False,False,False,False,,,315.605,,False,False,False,False,False,,,0.0,False,False,False,False,False,False,False,,,,state_original;major_city;latitude;longitude;region;distance_to_state_capital;city_tier;literacy_rate;median_age_estimate;income_bucket;internet_penetration_state;smartphone_penetration_state;district_population_numeric;district_population;sex_ratio
157,09366,09366,MILITARY POSTAL SERV,base_stub,,,queue_base_expansion,2,tabular_plus_nearest_defaults,,,,,,False,,,False,False,False,False,,,315.605,,False,False,False,False,False,,,0.0,False,False,False,False,False,False,False,,,,state_original;major_city;latitude;longitude;region;distance_to_state_capital;city_tier;literacy_rate;median_age_estimate;income_bucket;internet_penetration_state;smartphone_penetration_state;district_population_numeric;district_population;sex_ratio
158,09401,09401,MILITARY POSTAL SERV,base_stub,,,queue_base_expansion,2,tabular_plus_nearest_defaults,,,,,,False,,,False,False,False,False,,,315.605,,False,False,False,False,False,,,0.0,False,False,False,False,False,False,False,,,,state_original;major_city;latitude;longitude;region;distance_to_state_capital;city_tier;literacy_rate;median_age_estimate;income_bucket;internet_penetration_state;smartphone_penetration_state;district_population_numeric;district_population;sex_ratio
159,09403,09403,MILITARY POSTAL SERV,base_stub,,,queue_base_expansion,2,tabular_plus_nearest_defaults,,,,,,False,,,False,False,False,False,,,315.605,,False,False,False,False,False,,,0.0,False,False,False,False,False,False,False,,,,state_original;major_city;latitude;longitude;region;distance_to_state_capital;city_tier;literacy_rate;median_age_estimate;income_bucket;internet_penetration_state;smartphone_penetration_state;district_population_numeric;district_population;sex_ratio
160,09410,09410,MILITARY POSTAL SERV,base_stub,,,queue_base_expansion,2,tabular_plus_nearest_defaults,,,,,,False,,,False,False,False,False,,,315.605,,False,False,False,False,False,,,0.0,False,False,False,False,False,False,False,,,,state_original;major_city;latitude;longitude;region;distance_to_state_capital;city_tier;literacy_rate;median_age_estimate;income_bucket;internet_penetration_state;smartphone_penetration_state;district_population_numeric;district_population;sex_ratio
161,09421,09421,MILITARY POSTAL SERV,base_enriched,09450,geonames|nearest:09450,queue_base_expansion,2,tabular_plus_nearest_defaults,,FPO AE,51.5085,-0.1257,,False,,T3,False,False,False,False,13.0298273155416,44.6,315.605,L,False,False,False,False,False,80.67331670822942,82.16957605985037,64.0286783042394,False,False,False,False,False,False,False,67058.0,VS,100.33112582781456,state_original;region;distance_to_state_capital
162,09424,09424,MILITARY POSTAL SERV,base_stub,,,queue_base_expansion,2,tabular_plus_nearest_defaults,,,,,,False,,,False,False,False,False,,,315.605,,False,False,False,False,False,,,0.0,False,False,False,False,False,False,False,,,,state_original;major_city;latitude;longitude;region;distance_to_state_capital;city_tier;literacy_rate;median_age_estimate;income_bucket;internet_penetration_state;smartphone_penetration_state;district_population_numeric;district_population;sex_ratio
163,09447,09447,MILITARY POSTAL SERV,base_enriched,09450,geonames|nearest:09450,queue_base_expansion,2,tabular_plus_nearest_defaults,,APO AE,51.4015,-1.3247,,False,,T3,False,False,False,False,13.0298273155416,44.6,315.605,L,False,False,False,False,False,80.67331670822942,82.16957605985037,64.0286783042394,False,False,False,False,False,False,False,67058.0,VS,100.33112582781456,state_original;region;distance_to_state_capital
164,09454,09454,MILITARY POSTAL SERV,base_stub,,,queue_base_expansion,2,tabular_plus_nearest_defaults,,,,,,False,,,False,False,False,False,,,315.605,,False,False,False,False,False,,,0.0,False,False,False,False,False,False,False,,,,state_original;major_city;latitude;longitude;region;distance_to_state_capital;city_tier;literacy_rate;median_age_estimate;income_bucket;internet_penetration_state;smartphone_penetration_state;district_population_numeric;district_population;sex_ratio
165,09456,09456,MILITARY POSTAL SERV,base_enriched,09450,geonames|nearest:09450,queue_base_expansion,2,tabular_plus_nearest_defaults,,APO AE,51.7082,-1.7813,,False,,T3,False,False,False,False,13.0298273155416,44.6,315.605,L,False,False,False,False,False,80.67331670822942,82.16957605985037,64.0286783042394,False,False,False,False,False,False,False,67058.0,VS,100.33112582781456,state_original;region;distance_to_state_capital
166,09459,09459,MILITARY POSTAL SERV,base_enriched,09450,geonames|nearest:09450,queue_base_expansion,2,tabular_plus_nearest_defaults,,APO AE,52.2443,0.7724,,False,,T3,False,False,False,False,13.0298273155416,44.6,315.605,L,False,False,False,False,False,80.67331670822942,82.16957605985037,64.0286783042394,False,False,False,False,False,False,False,67058.0,VS,100.33112582781456,state_original;region;distance_to_state_capital
167,09461,09461,MILITARY POSTAL SERV,base_enriched,09450,geonames|nearest:09450,queue_base_expansion,2,tabular_plus_nearest_defaults,,APO AE,52.4167,0.75,,False,,T3,False,False,False,False,13.0298273155416,44.6,315.605,L,False,False,False,False,False,80.67331670822942,82.16957605985037,64.0286783042394,False,False,False,False,False,False,False,67058.0,VS,100.33112582781456,state_original;region;distance_to_state_capital
168,09463,09463,MILITARY POSTAL SERV,base_enriched,09450,geonames|nearest:09450,queue_base_expansion,2,tabular_plus_nearest_defaults,,APO AE,51.4015,-1.3247,,False,,T3,False,False,False,False,13.0298273155416,44.6,315.605,L,False,False,False,False,False,80.67331670822942,82.16957605985037,64.0286783042394,False,False,False,False,False,False,False,67058.0,VS,100.33112582781456,state_original;region;distance_to_state_capital
169,09464,09464,MILITARY POSTAL SERV,base_enriched,09450,geonames|nearest:09450,queue_base_expansion,2,tabular_plus_nearest_defaults,,APO AE,52.4093,0.561,,False,,T3,False,False,False,False,13.0298273155416,44.6,315.605,L,False,False,False,False,False,80.67331670822942,82.16957605985037,64.0286783042394,False,False,False,False,False,False,False,67058.0,VS,100.33112582781456,state_original;region;distance_to_state_capital
170,09467,09467,MILITARY POSTAL SERV,base_enriched,09450,geonames|nearest:09450,queue_base_expansion,2,tabular_plus_nearest_defaults,,APO AE,51.9001,-2.0797,,False,,T3,False,False,False,False,13.0298273155416,44.6,315.605,L,False,False,False,False,False,80.67331670822942,82.16957605985037,64.0286783042394,False,False,False,False,False,False,False,67058.0,VS,100.33112582781456,state_original;region;distance_to_state_capital
171,09468,09468,MILITARY POSTAL SERV,base_enriched,09450,geonames|nearest:09450,queue_base_expansion,2,tabular_plus_nearest_defaults,,APO AE,53.9908,-1.5373,,False,,T3,False,False,False,False,13.0298273155416,44.6,315.605,L,False,False,False,False,False,80.67331670822942,82.16957605985037,64.0286783042394,False,False,False,False,False,False,False,67058.0,VS,100.33112582781456,state_original;region;distance_to_state_capital
172,09469,09469,MILITARY POSTAL SERV,base_enriched,09450,geonames|nearest:09450,queue_base_expansion,2,tabular_plus_nearest_defaults,,APO AE,52.369,-0.2601,,False,,T3,False,False,False,False,13.0298273155416,44.6,315.605,L,False,False,False,False,False,80.67331670822942,82.16957605985037,64.0286783042394,False,False,False,False,False,False,False,67058.0,VS,100.33112582781456,state_original;region;distance_to_state_capital
173,09470,09470,MILITARY POSTAL SERV,base_enriched,09450,geonames|nearest:09450,queue_base_expansion,2,tabular_plus_nearest_defaults,,APO AE,52.3642,-0.2243,,False,,T3,False,False,False,False,13.0298273155416,44.6,315.605,L,False,False,False,False,False,80.67331670822942,82.16957605985037,64.0286783042394,False,False,False,False,False,False,False,67058.0,VS,100.33112582781456,state_original;region;distance_to_state_capital
174,09487,09487,MILITARY POSTAL SERV,base_stub,,,queue_base_expansion,2,tabular_plus_nearest_defaults,,,,,,False,,,False,False,False,False,,,315.605,,False,False,False,False,False,,,0.0,False,False,False,False,False,False,False,,,,state_original;major_city;latitude;longitude;region;distance_to_state_capital;city_tier;literacy_rate;median_age_estimate;income_bucket;internet_penetration_state;smartphone_penetration_state;district_population_numeric;district_population;sex_ratio
175,09488,09488,MILITARY POSTAL SERV,base_stub,,,queue_base_expansion,2,tabular_plus_nearest_defaults,,,,,,False,,,False,False,False,False,,,315.605,,False,False,False,False,False,,,0.0,False,False,False,False,False,False,False,,,,state_original;major_city;latitude;longitude;region;distance_to_state_capital;city_tier;literacy_rate;median_age_estimate;income_bucket;internet_penetration_state;smartphone_penetration_state;district_population_numeric;district_population;sex_ratio
176,09489,09489,MILITARY POSTAL SERV,base_stub,,,queue_base_expansion,2,tabular_plus_nearest_defaults,,,,,,False,,,False,False,False,False,,,315.605,,False,False,False,False,False,,,0.0,False,False,False,False,False,False,False,,,,state_original;major_city;latitude;longitude;region;distance_to_state_capital;city_tier;literacy_rate;median_age_estimate;income_bucket;internet_penetration_state;smartphone_penetration_state;district_population_numeric;district_population;sex_ratio
177,09490,09490,MILITARY POSTAL SERV,base_stub,,,queue_base_expansion,2,tabular_plus_nearest_defaults,,,,,,False,,,False,False,False,False,,,315.605,,False,False,False,False,False,,,0.0,False,False,False,False,False,False,False,,,,state_original;major_city;latitude;longitude;region;distance_to_state_capital;city_tier;literacy_rate;median_age_estimate;income_bucket;internet_penetration_state;smartphone_penetration_state;district_population_numeric;district_population;sex_ratio
178,09491,09491,MILITARY POSTAL SERV,base_stub,,,queue_base_expansion,2,tabular_plus_nearest_defaults,,,,,,False,,,False,False,False,False,,,315.605,,False,False,False,False,False,,,0.0,False,False,False,False,False,False,False,,,,state_original;major_city;latitude;longitude;region;distance_to_state_capital;city_tier;literacy_rate;median_age_estimate;income_bucket;internet_penetration_state;smartphone_penetration_state;district_population_numeric;district_population;sex_ratio
179,09494,09494,MILITARY POSTAL SERV,base_enriched,09450,geonames|nearest:09450,queue_base_expansion,2,tabular_plus_nearest_defaults,,APO AE,51.9977,-1.2047,,False,,T3,False,False,False,False,13.0298273155416,44.6,315.605,L,False,False,False,False,False,80.67331670822942,82.16957605985037,64.0286783042394,False,False,False,False,False,False,False,67058.0,VS,100.33112582781456,state_original;region;distance_to_state_capital
180,09498,09498,MILITARY POSTAL SERV,base_enriched,09450,geonames|nearest:09450,queue_base_expansion,2,tabular_plus_nearest_defaults,,APO AE,51.5085,-0.1257,,False,,T3,False,False,False,False,13.0298273155416,44.6,315.605,L,False,False,False,False,False,80.67331670822942,82.16957605985037,64.0286783042394,False,False,False,False,False,False,False,67058.0,VS,100.33112582781456,state_original;region;distance_to_state_capital
181,09501,09501,MILITARY POSTAL SERV,base_stub,,,queue_base_expansion,2,tabular_plus_nearest_defaults,,,,,,False,,,False,False,False,False,,,315.605,,False,False,False,False,False,,,0.0,False,False,False,False,False,False,False,,,,state_original;major_city;latitude;longitude;region;distance_to_state_capital;city_tier;literacy_rate;median_age_estimate;income_bucket;internet_penetration_state;smartphone_penetration_state;district_population_numeric;district_population;sex_ratio
182,09502,09502,MILITARY POSTAL SERV,base_stub,,,queue_base_expansion,2,tabular_plus_nearest_defaults,,,,,,False,,,False,False,False,False,,,315.605,,False,False,False,False,False,,,0.0,False,False,False,False,False,False,False,,,,state_original;major_city;latitude;longitude;region;distance_to_state_capital;city_tier;literacy_rate;median_age_estimate;income_bucket;internet_penetration_state;smartphone_penetration_state;district_population_numeric;district_population;sex_ratio
183,09503,09503,MILITARY POSTAL SERV,base_stub,,,queue_base_expansion,2,tabular_plus_nearest_defaults,,,,,,False,,,False,False,False,False,,,315.605,,False,False,False,False,False,,,0.0,False,False,False,False,False,False,False,,,,state_original;major_city;latitude;longitude;region;distance_to_state_capital;city_tier;literacy_rate;median_age_estimate;income_bucket;internet_penetration_state;smartphone_penetration_state;district_population_numeric;district_population;sex_ratio
184,09504,09504,MILITARY POSTAL SERV,base_stub,,,queue_base_expansion,2,tabular_plus_nearest_defaults,,,,,,False,,,False,False,False,False,,,315.605,,False,False,False,False,False,,,0.0,False,False,False,False,False,False,False,,,,state_original;major_city;latitude;longitude;region;distance_to_state_capital;city_tier;literacy_rate;median_age_estimate;income_bucket;internet_penetration_state;smartphone_penetration_state;district_population_numeric;district_population;sex_ratio
185,09505,09505,MILITARY POSTAL SERV,base_stub,,,queue_base_expansion,2,tabular_plus_nearest_defaults,,,,,,False,,,False,False,False,False,,,315.605,,False,False,False,False,False,,,0.0,False,False,False,False,False,False,False,,,,state_original;major_city;latitude;longitude;region;distance_to_state_capital;city_tier;literacy_rate;median_age_estimate;income_bucket;internet_penetration_state;smartphone_penetration_state;district_population_numeric;district_population;sex_ratio
186,09506,09506,MILITARY POSTAL SERV,base_stub,,,queue_base_expansion,2,tabular_plus_nearest_defaults,,,,,,False,,,False,False,False,False,,,315.605,,False,False,False,False,False,,,0.0,False,False,False,False,False,False,False,,,,state_original;major_city;latitude;longitude;region;distance_to_state_capital;city_tier;literacy_rate;median_age_estimate;income_bucket;internet_penetration_state;smartphone_penetration_state;district_population_numeric;district_population;sex_ratio
187,09507,09507,MILITARY POSTAL SERV,base_stub,,,queue_base_expansion,2,tabular_plus_nearest_defaults,,,,,,False,,,False,False,False,False,,,315.605,,False,False,False,False,False,,,0.0,False,False,False,False,False,False,False,,,,state_original;major_city;latitude;longitude;region;distance_to_state_capital;city_tier;literacy_rate;median_age_estimate;income_bucket;internet_penetration_state;smartphone_penetration_state;district_population_numeric;district_population;sex_ratio
188,09508,09508,MILITARY POSTAL SERV,base_enriched,33070,geonames|nearest:33070,queue_base_expansion,2,tabular_plus_nearest_defaults,,FPO AE,19.9064,-75.2069,,False,,T3,False,False,False,False,19.11667765326302,53.3,315.605,M,False,False,False,False,False,92.381332269645,93.09932189868368,87.03729557239728,False,False,False,False,False,False,False,81860.0,VS,102.74165202108962,state_original;region;distance_to_state_capital
189,09509,09509,MILITARY POSTAL SERV,base_stub,,,queue_base_expansion,2,tabular_plus_nearest_defaults,,,,,,False,,,False,False,False,False,,,315.605,,False,False,False,False,False,,,0.0,False,False,False,False,False,False,False,,,,state_original;major_city;latitude;longitude;region;distance_to_state_capital;city_tier;literacy_rate;median_age_estimate;income_bucket;internet_penetration_state;smartphone_penetration_state;district_population_numeric;district_population;sex_ratio
190,09510,09510,MILITARY POSTAL SERV,base_stub,,,queue_base_expansion,2,tabular_plus_nearest_defaults,,,,,,False,,,False,False,False,False,,,315.605,,False,False,False,False,False,,,0.0,False,False,False,False,False,False,False,,,,state_original;major_city;latitude;longitude;region;distance_to_state_capital;city_tier;literacy_rate;median_age_estimate;income_bucket;internet_penetration_state;smartphone_penetration_state;district_population_numeric;district_population;sex_ratio
191,09511,09511,MILITARY POSTAL SERV,base_stub,,,queue_base_expansion,2,tabular_plus_nearest_defaults,,,,,,False,,,False,False,False,False,,,315.605,,False,False,False,False,False,,,0.0,False,False,False,False,False,False,False,,,,state_original;major_city;latitude;longitude;region;distance_to_state_capital;city_tier;literacy_rate;median_age_estimate;income_bucket;internet_penetration_state;smartphone_penetration_state;district_population_numeric;district_population;sex_ratio
192,09512,09512,MILITARY POSTAL SERV,base_stub,,,queue_base_expansion,2,tabular_plus_nearest_defaults,,,,,,False,,,False,False,False,False,,,315.605,,False,False,False,False,False,,,0.0,False,False,False,False,False,False,False,,,,state_original;major_city;latitude;longitude;region;distance_to_state_capital;city_tier;literacy_rate;median_age_estimate;income_bucket;internet_penetration_state;smartphone_penetration_state;district_population_numeric;district_population;sex_ratio
193,09513,09513,MILITARY POSTAL SERV,base_stub,,,queue_base_expansion,2,tabular_plus_nearest_defaults,,,,,,False,,,False,False,False,False,,,315.605,,False,False,False,False,False,,,0.0,False,False,False,False,False,False,False,,,,state_original;major_city;latitude;longitude;region;distance_to_state_capital;city_tier;literacy_rate;median_age_estimate;income_bucket;internet_penetration_state;smartphone_penetration_state;district_population_numeric;district_population;sex_ratio
194,09514,09514,MILITARY POSTAL SERV,base_stub,,,queue_base_expansion,2,tabular_plus_nearest_defaults,,,,,,False,,,False,False,False,False,,,315.605,,False,False,False,False,False,,,0.0,False,False,False,False,False,False,False,,,,state_original;major_city;latitude;longitude;region;distance_to_state_capital;city_tier;literacy_rate;median_age_estimate;income_bucket;internet_penetration_state;smartphone_penetration_state;district_population_numeric;district_population;sex_ratio
195,09515,09515,MILITARY POSTAL SERV,base_stub,,,queue_base_expansion,2,tabular_plus_nearest_defaults,,,,,,False,,,False,False,False,False,,,315.605,,False,False,False,False,False,,,0.0,False,False,False,False,False,False,False,,,,state_original;major_city;latitude;longitude;region;distance_to_state_capital;city_tier;literacy_rate;median_age_estimate;income_bucket;internet_penetration_state;smartphone_penetration_state;district_population_numeric;district_population;sex_ratio
196,09516,09516,MILITARY POSTAL SERV,base_stub,,,queue_base_expansion,2,tabular_plus_nearest_defaults,,,,,,False,,,False,False,False,False,,,315.605,,False,False,False,False,False,,,0.0,False,False,False,False,False,False,False,,,,state_original;major_city;latitude;longitude;region;distance_to_state_capital;city_tier;literacy_rate;median_age_estimate;income_bucket;internet_penetration_state;smartphone_penetration_state;district_population_numeric;district_population;sex_ratio
197,09517,09517,MILITARY POSTAL SERV,base_stub,,,queue_base_expansion,2,tabular_plus_nearest_defaults,,,,,,False,,,False,False,False,False,,,315.605,,False,False,False,False,False,,,0.0,False,False,False,False,False,False,False,,,,state_original;major_city;latitude;longitude;region;distance_to_state_capital;city_tier;literacy_rate;median_age_estimate;income_bucket;internet_penetration_state;smartphone_penetration_state;district_population_numeric;district_population;sex_ratio
198,09518,09518,MILITARY POSTAL SERV,base_stub,,,queue_base_expansion,2,tabular_plus_nearest_defaults,,,,,,False,,,False,False,False,False,,,315.605,,False,False,False,False,False,,,0.0,False,False,False,False,False,False,False,,,,state_original;major_city;latitude;longitude;region;distance_to_state_capital;city_tier;literacy_rate;median_age_estimate;income_bucket;internet_penetration_state;smartphone_penetration_state;district_population_numeric;district_population;sex_ratio
199,09523,09523,MILITARY POSTAL SERV,base_stub,,,queue_base_expansion,2,tabular_plus_nearest_defaults,,,,,,False,,,False,False,False,False,,,315.605,,False,False,False,False,False,,,0.0,False,False,False,False,False,False,False,,,,state_original;major_city;latitude;longitude;region;distance_to_state_capital;city_tier;literacy_rate;median_age_estimate;income_bucket;internet_penetration_state;smartphone_penetration_state;district_population_numeric;district_population;sex_ratio
200,09524,09524,MILITARY POSTAL SERV,base_stub,,,queue_base_expansion,2,tabular_plus_nearest_defaults,,,,,,False,,,False,False,False,False,,,315.605,,False,False,False,False,False,,,0.0,False,False,False,False,False,False,False,,,,state_original;major_city;latitude;longitude;region;distance_to_state_capital;city_tier;literacy_rate;median_age_estimate;income_bucket;internet_penetration_state;smartphone_penetration_state;district_population_numeric;district_population;sex_ratio
201,09532,09532,MILITARY POSTAL SERV,base_stub,,,queue_base_expansion,2,tabular_plus_nearest_defaults,,,,,,False,,,False,False,False,False,,,315.605,,False,False,False,False,False,,,0.0,False,False,False,False,False,False,False,,,,state_original;major_city;latitude;longitude;region;distance_to_state_capital;city_tier;literacy_rate;median_age_estimate;income_bucket;internet_penetration_state;smartphone_penetration_state;district_population_numeric;district_population;sex_ratio
202,09533,09533,MILITARY POSTAL SERV,base_stub,,,queue_base_expansion,2,tabular_plus_nearest_defaults,,,,,,False,,,False,False,False,False,,,315.605,,False,False,False,False,False,,,0.0,False,False,False,False,False,False,False,,,,state_original;major_city;latitude;longitude;region;distance_to_state_capital;city_tier;literacy_rate;median_age_estimate;income_bucket;internet_penetration_state;smartphone_penetration_state;district_population_numeric;district_population;sex_ratio
203,09534,09534,MILITARY POSTAL SERV,base_stub,,,queue_base_expansion,2,tabular_plus_nearest_defaults,,,,,,False,,,False,False,False,False,,,315.605,,False,False,False,False,False,,,0.0,False,False,False,False,False,False,False,,,,state_original;major_city;latitude;longitude;region;distance_to_state_capital;city_tier;literacy_rate;median_age_estimate;income_bucket;internet_penetration_state;smartphone_penetration_state;district_population_numeric;district_population;sex_ratio
204,09541,09541,MILITARY POSTAL SERV,base_stub,,,queue_base_expansion,2,tabular_plus_nearest_defaults,,,,,,False,,,False,False,False,False,,,315.605,,False,False,False,False,False,,,0.0,False,False,False,False,False,False,False,,,,state_original;major_city;latitude;longitude;region;distance_to_state_capital;city_tier;literacy_rate;median_age_estimate;income_bucket;internet_penetration_state;smartphone_penetration_state;district_population_numeric;district_population;sex_ratio
205,09542,09542,MILITARY POSTAL SERV,base_stub,,,queue_base_expansion,2,tabular_plus_nearest_defaults,,,,,,False,,,False,False,False,False,,,315.605,,False,False,False,False,False,,,0.0,False,False,False,False,False,False,False,,,,state_original;major_city;latitude;longitude;region;distance_to_state_capital;city_tier;literacy_rate;median_age_estimate;income_bucket;internet_penetration_state;smartphone_penetration_state;district_population_numeric;district_population;sex_ratio
206,09543,09543,MILITARY POSTAL SERV,base_stub,,,queue_base_expansion,2,tabular_plus_nearest_defaults,,,,,,False,,,False,False,False,False,,,315.605,,False,False,False,False,False,,,0.0,False,False,False,False,False,False,False,,,,state_original;major_city;latitude;longitude;region;distance_to_state_capital;city_tier;literacy_rate;median_age_estimate;income_bucket;internet_penetration_state;smartphone_penetration_state;district_population_numeric;district_population;sex_ratio
207,09544,09544,MILITARY POSTAL SERV,base_stub,,,queue_base_expansion,2,tabular_plus_nearest_defaults,,,,,,False,,,False,False,False,False,,,315.605,,False,False,False,False,False,,,0.0,False,False,False,False,False,False,False,,,,state_original;major_city;latitude;longitude;region;distance_to_state_capital;city_tier;literacy_rate;median_age_estimate;income_bucket;internet_penetration_state;smartphone_penetration_state;district_population_numeric;district_population;sex_ratio
208,09545,09545,MILITARY POSTAL SERV,base_stub,,,queue_base_expansion,2,tabular_plus_nearest_defaults,,,,,,False,,,False,False,False,False,,,315.605,,False,False,False,False,False,,,0.0,False,False,False,False,False,False,False,,,,state_original;major_city;latitude;longitude;region;distance_to_state_capital;city_tier;literacy_rate;median_age_estimate;income_bucket;internet_penetration_state;smartphone_penetration_state;district_population_numeric;district_population;sex_ratio
209,09550,09550,MILITARY POSTAL SERV,base_stub,,,queue_base_expansion,2,tabular_plus_nearest_defaults,,,,,,False,,,False,False,False,False,,,315.605,,False,False,False,False,False,,,0.0,False,False,False,False,False,False,False,,,,state_original;major_city;latitude;longitude;region;distance_to_state_capital;city_tier;literacy_rate;median_age_estimate;income_bucket;internet_penetration_state;smartphone_penetration_state;district_population_numeric;district_population;sex_ratio
210,09554,09554,MILITARY POSTAL SERV,base_stub,,,queue_base_expansion,2,tabular_plus_nearest_defaults,,,,,,False,,,False,False,False,False,,,315.605,,False,False,False,False,False,,,0.0,False,False,False,False,False,False,False,,,,state_original;major_city;latitude;longitude;region;distance_to_state_capital;city_tier;literacy_rate;median_age_estimate;income_bucket;internet_penetration_state;smartphone_penetration_state;district_population_numeric;district_population;sex_ratio
211,09556,09556,MILITARY POSTAL SERV,base_stub,,,queue_base_expansion,2,tabular_plus_nearest_defaults,,,,,,False,,,False,False,False,False,,,315.605,,False,False,False,False,False,,,0.0,False,False,False,False,False,False,False,,,,state_original;major_city;latitude;longitude;region;distance_to_state_capital;city_tier;literacy_rate;median_age_estimate;income_bucket;internet_penetration_state;smartphone_penetration_state;district_population_numeric;district_population;sex_ratio
212,09564,09564,MILITARY POSTAL SERV,base_stub,,,queue_base_expansion,2,tabular_plus_nearest_defaults,,,,,,False,,,False,False,False,False,,,315.605,,False,False,False,False,False,,,0.0,False,False,False,False,False,False,False,,,,state_original;major_city;latitude;longitude;region;distance_to_state_capital;city_tier;literacy_rate;median_age_estimate;income_bucket;internet_penetration_state;smartphone_penetration_state;district_population_numeric;district_population;sex_ratio
213,09565,09565,MILITARY POSTAL SERV,base_stub,,,queue_base_expansion,2,tabular_plus_nearest_defaults,,,,,,False,,,False,False,False,False,,,315.605,,False,False,False,False,False,,,0.0,False,False,False,False,False,False,False,,,,state_original;major_city;latitude;longitude;region;distance_to_state_capital;city_tier;literacy_rate;median_age_estimate;income_bucket;internet_penetration_state;smartphone_penetration_state;district_population_numeric;district_population;sex_ratio
214,09566,09566,MILITARY POSTAL SERV,base_stub,,,queue_base_expansion,2,tabular_plus_nearest_defaults,,,,,,False,,,False,False,False,False,,,315.605,,False,False,False,False,False,,,0.0,False,False,False,False,False,False,False,,,,state_original;major_city;latitude;longitude;region;distance_to_state_capital;city_tier;literacy_rate;median_age_estimate;income_bucket;internet_penetration_state;smartphone_penetration_state;district_population_numeric;district_population;sex_ratio
215,09567,09567,MILITARY POSTAL SERV,base_stub,,,queue_base_expansion,2,tabular_plus_nearest_defaults,,,,,,False,,,False,False,False,False,,,315.605,,False,False,False,False,False,,,0.0,False,False,False,False,False,False,False,,,,state_original;major_city;latitude;longitude;region;distance_to_state_capital;city_tier;literacy_rate;median_age_estimate;income_bucket;internet_penetration_state;smartphone_penetration_state;district_population_numeric;district_population;sex_ratio
216,09568,09568,MILITARY POSTAL SERV,base_stub,,,queue_base_expansion,2,tabular_plus_nearest_defaults,,,,,,False,,,False,False,False,False,,,315.605,,False,False,False,False,False,,,0.0,False,False,False,False,False,False,False,,,,state_original;major_city;latitude;longitude;region;distance_to_state_capital;city_tier;literacy_rate;median_age_estimate;income_bucket;internet_penetration_state;smartphone_penetration_state;district_population_numeric;district_population;sex_ratio
217,09569,09569,MILITARY POSTAL SERV,base_stub,,,queue_base_expansion,2,tabular_plus_nearest_defaults,,,,,,False,,,False,False,False,False,,,315.605,,False,False,False,False,False,,,0.0,False,False,False,False,False,False,False,,,,state_original;major_city;latitude;longitude;region;distance_to_state_capital;city_tier;literacy_rate;median_age_estimate;income_bucket;internet_penetration_state;smartphone_penetration_state;district_population_numeric;district_population;sex_ratio
218,09570,09570,MILITARY POSTAL SERV,base_stub,,,queue_base_expansion,2,tabular_plus_nearest_defaults,,,,,,False,,,False,False,False,False,,,315.605,,False,False,False,False,False,,,0.0,False,False,False,False,False,False,False,,,,state_original;major_city;latitude;longitude;region;distance_to_state_capital;city_tier;literacy_rate;median_age_estimate;income_bucket;internet_penetration_state;smartphone_penetration_state;district_population_numeric;district_population;sex_ratio
219,09573,09573,MILITARY POSTAL SERV,base_stub,,,queue_base_expansion,2,tabular_plus_nearest_defaults,,,,,,False,,,False,False,False,False,,,315.605,,False,False,False,False,False,,,0.0,False,False,False,False,False,False,False,,,,state_original;major_city;latitude;longitude;region;distance_to_state_capital;city_tier;literacy_rate;median_age_estimate;income_bucket;internet_penetration_state;smartphone_penetration_state;district_population_numeric;district_population;sex_ratio
220,09575,09575,MILITARY POSTAL SERV,base_stub,,,queue_base_expansion,2,tabular_plus_nearest_defaults,,,,,,False,,,False,False,False,False,,,315.605,,False,False,False,False,False,,,0.0,False,False,False,False,False,False,False,,,,state_original;major_city;latitude;longitude;region;distance_to_state_capital;city_tier;literacy_rate;median_age_estimate;income_bucket;internet_penetration_state;smartphone_penetration_state;district_population_numeric;district_population;sex_ratio
221,09576,09576,MILITARY POSTAL SERV,base_stub,,,queue_base_expansion,2,tabular_plus_nearest_defaults,,,,,,False,,,False,False,False,False,,,315.605,,False,False,False,False,False,,,0.0,False,False,False,False,False,False,False,,,,state_original;major_city;latitude;longitude;region;distance_to_state_capital;city_tier;literacy_rate;median_age_estimate;income_bucket;internet_penetration_state;smartphone_penetration_state;district_population_numeric;district_population;sex_ratio
222,09577,09577,MILITARY POSTAL SERV,base_stub,,,queue_base_expansion,2,tabular_plus_nearest_defaults,,,,,,False,,,False,False,False,False,,,315.605,,False,False,False,False,False,,,0.0,False,False,False,False,False,False,False,,,,state_original;major_city;latitude;longitude;region;distance_to_state_capital;city_tier;literacy_rate;median_age_estimate;income_bucket;internet_penetration_state;smartphone_penetration_state;district_population_numeric;district_population;sex_ratio
223,09578,09578,MILITARY POSTAL SERV,base_stub,,,queue_base_expansion,2,tabular_plus_nearest_defaults,,,,,,False,,,False,False,False,False,,,315.605,,False,False,False,False,False,,,0.0,False,False,False,False,False,False,False,,,,state_original;major_city;latitude;longitude;region;distance_to_state_capital;city_tier;literacy_rate;median_age_estimate;income_bucket;internet_penetration_state;smartphone_penetration_state;district_population_numeric;district_population;sex_ratio
224,09579,09579,MILITARY POSTAL SERV,base_stub,,,queue_base_expansion,2,tabular_plus_nearest_defaults,,,,,,False,,,False,False,False,False,,,315.605,,False,False,False,False,False,,,0.0,False,False,False,False,False,False,False,,,,state_original;major_city;latitude;longitude;region;distance_to_state_capital;city_tier;literacy_rate;median_age_estimate;income_bucket;internet_penetration_state;smartphone_penetration_state;district_population_numeric;district_population;sex_ratio
225,09581,09581,MILITARY POSTAL SERV,base_stub,,,queue_base_expansion,2,tabular_plus_nearest_defaults,,,,,,False,,,False,False,False,False,,,315.605,,False,False,False,False,False,,,0.0,False,False,False,False,False,False,False,,,,state_original;major_city;latitude;longitude;region;distance_to_state_capital;city_tier;literacy_rate;median_age_estimate;income_bucket;internet_penetration_state;smartphone_penetration_state;district_population_numeric;district_population;sex_ratio
226,09582,09582,MILITARY POSTAL SERV,base_stub,,,queue_base_expansion,2,tabular_plus_nearest_defaults,,,,,,False,,,False,False,False,False,,,315.605,,False,False,False,False,False,,,0.0,False,False,False,False,False,False,False,,,,state_original;major_city;latitude;longitude;region;distance_to_state_capital;city_tier;literacy_rate;median_age_estimate;income_bucket;internet_penetration_state;smartphone_penetration_state;district_population_numeric;district_population;sex_ratio
227,09583,09583,MILITARY POSTAL SERV,base_stub,,,queue_base_expansion,2,tabular_plus_nearest_defaults,,,,,,False,,,False,False,False,False,,,315.605,,False,False,False,False,False,,,0.0,False,False,False,False,False,False,False,,,,state_original;major_city;latitude;longitude;region;distance_to_state_capital;city_tier;literacy_rate;median_age_estimate;income_bucket;internet_penetration_state;smartphone_penetration_state;district_population_numeric;district_population;sex_ratio
228,09586,09586,MILITARY POSTAL SERV,base_stub,,,queue_base_expansion,2,tabular_plus_nearest_defaults,,,,,,False,,,False,False,False,False,,,315.605,,False,False,False,False,False,,,0.0,False,False,False,False,False,False,False,,,,state_original;major_city;latitude;longitude;region;distance_to_state_capital;city_tier;literacy_rate;median_age_estimate;income_bucket;internet_penetration_state;smartphone_penetration_state;district_population_numeric;district_population;sex_ratio
229,09587,09587,MILITARY POSTAL SERV,base_stub,,,queue_base_expansion,2,tabular_plus_nearest_defaults,,,,,,False,,,False,False,False,False,,,315.605,,False,False,False,False,False,,,0.0,False,False,False,False,False,False,False,,,,state_original;major_city;latitude;longitude;region;distance_to_state_capital;city_tier;literacy_rate;median_age_estimate;income_bucket;internet_penetration_state;smartphone_penetration_state;district_population_numeric;district_population;sex_ratio
230,09588,09588,MILITARY POSTAL SERV,base_stub,,,queue_base_expansion,2,tabular_plus_nearest_defaults,,,,,,False,,,False,False,False,False,,,315.605,,False,False,False,False,False,,,0.0,False,False,False,False,False,False,False,,,,state_original;major_city;latitude;longitude;region;distance_to_state_capital;city_tier;literacy_rate;median_age_estimate;income_bucket;internet_penetration_state;smartphone_penetration_state;district_population_numeric;district_population;sex_ratio
231,09590,09590,MILITARY POSTAL SERV,base_stub,,,queue_base_expansion,2,tabular_plus_nearest_defaults,,,,,,False,,,False,False,False,False,,,315.605,,False,False,False,False,False,,,0.0,False,False,False,False,False,False,False,,,,state_original;major_city;latitude;longitude;region;distance_to_state_capital;city_tier;literacy_rate;median_age_estimate;income_bucket;internet_penetration_state;smartphone_penetration_state;district_population_numeric;district_population;sex_ratio
232,09591,09591,MILITARY POSTAL SERV,base_stub,,,queue_base_expansion,2,tabular_plus_nearest_defaults,,,,,,False,,,False,False,False,False,,,315.605,,False,False,False,False,False,,,0.0,False,False,False,False,False,False,False,,,,state_original;major_city;latitude;longitude;region;distance_to_state_capital;city_tier;literacy_rate;median_age_estimate;income_bucket;internet_penetration_state;smartphone_penetration_state;district_population_numeric;district_population;sex_ratio
233,09592,09592,MILITARY POSTAL SERV,base_stub,,,queue_base_expansion,2,tabular_plus_nearest_defaults,,,,,,False,,,False,False,False,False,,,315.605,,False,False,False,False,False,,,0.0,False,False,False,False,False,False,False,,,,state_original;major_city;latitude;longitude;region;distance_to_state_capital;city_tier;literacy_rate;median_age_estimate;income_bucket;internet_penetration_state;smartphone_penetration_state;district_population_numeric;district_population;sex_ratio
234,09594,09594,MILITARY POSTAL SERV,base_stub,,,queue_base_expansion,2,tabular_plus_nearest_defaults,,,,,,False,,,False,False,False,False,,,315.605,,False,False,False,False,False,,,0.0,False,False,False,False,False,False,False,,,,state_original;major_city;latitude;longitude;region;distance_to_state_capital;city_tier;literacy_rate;median_age_estimate;income_bucket;internet_penetration_state;smartphone_penetration_state;district_population_numeric;district_population;sex_ratio
235,09595,09595,MILITARY POSTAL SERV,base_stub,,,queue_base_expansion,2,tabular_plus_nearest_defaults,,,,,,False,,,False,False,False,False,,,315.605,,False,False,False,False,False,,,0.0,False,False,False,False,False,False,False,,,,state_original;major_city;latitude;longitude;region;distance_to_state_capital;city_tier;literacy_rate;median_age_estimate;income_bucket;internet_penetration_state;smartphone_penetration_state;district_population_numeric;district_population;sex_ratio
236,09596,09596,MILITARY POSTAL SERV,base_enriched,33070,geonames|nearest:33070,queue_base_expansion,2,tabular_plus_nearest_defaults,,FPO AE,19.9064,-75.2069,,False,,T3,False,False,False,False,19.11667765326302,53.3,315.605,M,False,False,False,False,False,92.381332269645,93.09932189868368,87.03729557239728,False,False,False,False,False,False,False,81860.0,VS,102.74165202108962,state_original;region;distance_to_state_capital
237,09599,09599,MILITARY POSTAL SERV,base_stub,,,queue_base_expansion,2,tabular_plus_nearest_defaults,,,,,,False,,,False,False,False,False,,,315.605,,False,False,False,False,False,,,0.0,False,False,False,False,False,False,False,,,,state_original;major_city;latitude;longitude;region;distance_to_state_capital;city_tier;literacy_rate;median_age_estimate;income_bucket;internet_penetration_state;smartphone_penetration_state;district_population_numeric;district_population;sex_ratio
238,09600,09600,MILITARY POSTAL SERV,base_stub,,,queue_base_expansion,2,tabular_plus_nearest_defaults,,,,,,False,,,False,False,False,False,,,315.605,,False,False,False,False,False,,,0.0,False,False,False,False,False,False,False,,,,state_original;major_city;latitude;longitude;region;distance_to_state_capital;city_tier;literacy_rate;median_age_estimate;income_bucket;internet_penetration_state;smartphone_penetration_state;district_population_numeric;district_population;sex_ratio
239,09602,09602,MILITARY POSTAL SERV,base_enriched,09810,geonames|nearest:09810,queue_base_expansion,2,tabular_plus_nearest_defaults,,APO AE,24.6877,46.7218,,False,,T3,False,False,False,False,13.0298273155416,44.6,315.605,L,False,False,False,False,False,80.67331670822942,82.16957605985037,64.0286783042394,False,False,False,False,False,False,False,67058.0,VS,100.33112582781456,state_original;region;distance_to_state_capital
240,09603,09603,MILITARY POSTAL SERV,base_stub,,,queue_base_expansion,2,tabular_plus_nearest_defaults,,,,,,False,,,False,False,False,False,,,315.605,,False,False,False,False,False,,,0.0,False,False,False,False,False,False,False,,,,state_original;major_city;latitude;longitude;region;distance_to_state_capital;city_tier;literacy_rate;median_age_estimate;income_bucket;internet_penetration_state;smartphone_penetration_state;district_population_numeric;district_population;sex_ratio
241,09604,09604,MILITARY POSTAL SERV,base_enriched,09810,geonames|nearest:09810,queue_base_expansion,2,tabular_plus_nearest_defaults,,APO AE,26.2886,50.114,,False,,T3,False,False,False,False,13.0298273155416,44.6,315.605,L,False,False,False,False,False,80.67331670822942,82.16957605985037,64.0286783042394,False,False,False,False,False,False,False,67058.0,VS,100.33112582781456,state_original;region;distance_to_state_capital
242,09606,09606,MILITARY POSTAL SERV,base_enriched,09001,geonames|nearest:09001,queue_base_expansion,2,tabular_plus_nearest_defaults,,APO AE,39.3103,8.9696,,False,,T3,False,False,False,False,13.0298273155416,44.6,315.605,L,False,False,False,False,False,80.67331670822942,82.16957605985037,64.0286783042394,False,False,False,False,False,False,False,67058.0,VS,100.33112582781456,state_original;region;distance_to_state_capital
243,09608,09608,MILITARY POSTAL SERV,base_stub,,,queue_base_expansion,2,tabular_plus_nearest_defaults,,,,,,False,,,False,False,False,False,,,315.605,,False,False,False,False,False,,,0.0,False,False,False,False,False,False,False,,,,state_original;major_city;latitude;longitude;region;distance_to_state_capital;city_tier;literacy_rate;median_age_estimate;income_bucket;internet_penetration_state;smartphone_penetration_state;district_population_numeric;district_population;sex_ratio
244,09609,09609,MILITARY POSTAL SERV,base_enriched,09001,geonames|nearest:09001,queue_base_expansion,2,tabular_plus_nearest_defaults,,FPO AE,41.2141,13.5708,,False,,T3,False,False,False,False,13.0298273155416,44.6,315.605,L,False,False,False,False,False,80.67331670822942,82.16957605985037,64.0286783042394,False,False,False,False,False,False,False,67058.0,VS,100.33112582781456,state_original;region;distance_to_state_capital
245,09610,09610,MILITARY POSTAL SERV,base_enriched,09351,geonames|nearest:09351,queue_base_expansion,2,tabular_plus_nearest_defaults,,APO AE,45.402,10.2768,,False,,T3,False,False,False,False,13.0298273155416,44.6,315.605,L,False,False,False,False,False,80.67331670822942,82.16957605985037,64.0286783042394,False,False,False,False,False,False,False,67058.0,VS,100.33112582781456,state_original;region;distance_to_state_capital
246,09613,09613,MILITARY POSTAL SERV,base_enriched,09351,geonames|nearest:09351,queue_base_expansion,2,tabular_plus_nearest_defaults,,APO AE,43.5443,10.3262,,False,,T3,False,False,False,False,13.0298273155416,44.6,315.605,L,False,False,False,False,False,80.67331670822942,82.16957605985037,64.0286783042394,False,False,False,False,False,False,False,67058.0,VS,100.33112582781456,state_original;region;distance_to_state_capital
247,09614,09614,MILITARY POSTAL SERV,base_stub,,,queue_base_expansion,2,tabular_plus_nearest_defaults,,,,,,False,,,False,False,False,False,,,315.605,,False,False,False,False,False,,,0.0,False,False,False,False,False,False,False,,,,state_original;major_city;latitude;longitude;region;distance_to_state_capital;city_tier;literacy_rate;median_age_estimate;income_bucket;internet_penetration_state;smartphone_penetration_state;district_population_numeric;district_population;sex_ratio
248,09618,09618,MILITARY POSTAL SERV,base_enriched,09001,geonames|nearest:09001,queue_base_expansion,2,tabular_plus_nearest_defaults,,APO AE,40.85,9.1667,,False,,T3,False,False,False,False,13.0298273155416,44.6,315.605,L,False,False,False,False,False,80.67331670822942,82.16957605985037,64.0286783042394,False,False,False,False,False,False,False,67058.0,VS,100.33112582781456,state_original;region;distance_to_state_capital
249,09620,09620,MILITARY POSTAL SERV,base_enriched,09001,geonames|nearest:09001,queue_base_expansion,2,tabular_plus_nearest_defaults,,FPO AE,40.8522,14.2681,,False,,T3,False,False,False,False,13.0298273155416,44.6,315.605,L,False,False,False,False,False,80.67331670822942,82.16957605985037,64.0286783042394,False,False,False,False,False,False,False,67058.0,VS,100.33112582781456,state_original;region;distance_to_state_capital
250,09621,09621,MILITARY POSTAL SERV,base_enriched,09001,geonames|nearest:09001,queue_base_expansion,2,tabular_plus_nearest_defaults,,FPO AE,40.8522,14.2681,,False,,T3,False,False,False,False,13.0298273155416,44.6,315.605,L,False,False,False,False,False,80.67331670822942,82.16957605985037,64.0286783042394,False,False,False,False,False,False,False,67058.0,VS,100.33112582781456,state_original;region;distance_to_state_capital
251,09622,09622,MILITARY POSTAL SERV,base_enriched,09001,geonames|nearest:09001,queue_base_expansion,2,tabular_plus_nearest_defaults,,FPO AE,40.8824,14.2693,,False,,T3,False,False,False,False,13.0298273155416,44.6,315.605,L,False,False,False,False,False,80.67331670822942,82.16957605985037,64.0286783042394,False,False,False,False,False,False,False,67058.0,VS,100.33112582781456,state_original;region;distance_to_state_capital
252,09623,09623,MILITARY POSTAL SERV,base_stub,,,queue_base_expansion,2,tabular_plus_nearest_defaults,,,,,,False,,,False,False,False,False,,,315.605,,False,False,False,False,False,,,0.0,False,False,False,False,False,False,False,,,,state_original;major_city;latitude;longitude;region;distance_to_state_capital;city_tier;literacy_rate;median_age_estimate;income_bucket;internet_penetration_state;smartphone_penetration_state;district_population_numeric;district_population;sex_ratio
253,09624,09624,MILITARY POSTAL SERV,base_enriched,09001,geonames|nearest:09001,queue_base_expansion,2,tabular_plus_nearest_defaults,,APO AE,41.8919,12.5113,,False,,T3,False,False,False,False,13.0298273155416,44.6,315.605,L,False,False,False,False,False,80.67331670822942,82.16957605985037,64.0286783042394,False,False,False,False,False,False,False,67058.0,VS,100.33112582781456,state_original;region;distance_to_state_capital
254,09625,09625,MILITARY POSTAL SERV,base_enriched,09001,geonames|nearest:09001,queue_base_expansion,2,tabular_plus_nearest_defaults,,FPO AE,40.8522,14.2681,,False,,T3,False,False,False,False,13.0298273155416,44.6,315.605,L,False,False,False,False,False,80.67331670822942,82.16957605985037,64.0286783042394,False,False,False,False,False,False,False,67058.0,VS,100.33112582781456,state_original;region;distance_to_state_capital
255,09627,09627,MILITARY POSTAL SERV,base_enriched,09001,geonames|nearest:09001,queue_base_expansion,2,tabular_plus_nearest_defaults,,FPO AE,37.4017,14.9224,,False,,T3,False,False,False,False,13.0298273155416,44.6,315.605,L,False,False,False,False,False,80.67331670822942,82.16957605985037,64.0286783042394,False,False,False,False,False,False,False,67058.0,VS,100.33112582781456,state_original;region;distance_to_state_capital
256,09630,09630,MILITARY POSTAL SERV,base_enriched,09160,geonames|nearest:09160,queue_base_expansion,2,tabular_plus_nearest_defaults,,APO AE,45.5467,11.5475,,False,,T3,False,False,False,False,13.0298273155416,44.6,315.605,L,False,False,False,False,False,80.67331670822942,82.16957605985037,64.0286783042394,False,False,False,False,False,False,False,67058.0,VS,100.33112582781456,state_original;region;distance_to_state_capital
257,09633,09633,MILITARY POSTAL SERV,base_stub,,,queue_base_expansion,2,tabular_plus_nearest_defaults,,,,,,False,,,False,False,False,False,,,315.605,,False,False,False,False,False,,,0.0,False,False,False,False,False,False,False,,,,state_original;major_city;latitude;longitude;region;distance_to_state_capital;city_tier;literacy_rate;median_age_estimate;income_bucket;internet_penetration_state;smartphone_penetration_state;district_population_numeric;district_population;sex_ratio
258,09634,09634,MILITARY POSTAL SERV,base_stub,,,queue_base_expansion,2,tabular_plus_nearest_defaults,,,,,,False,,,False,False,False,False,,,315.605,,False,False,False,False,False,,,0.0,False,False,False,False,False,False,False,,,,state_original;major_city;latitude;longitude;region;distance_to_state_capital;city_tier;literacy_rate;median_age_estimate;income_bucket;internet_penetration_state;smartphone_penetration_state;district_population_numeric;district_population;sex_ratio
259,09636,09636,MILITARY POSTAL SERV,base_stub,,,queue_base_expansion,2,tabular_plus_nearest_defaults,,,,,,False,,,False,False,False,False,,,315.605,,False,False,False,False,False,,,0.0,False,False,False,False,False,False,False,,,,state_original;major_city;latitude;longitude;region;distance_to_state_capital;city_tier;literacy_rate;median_age_estimate;income_bucket;internet_penetration_state;smartphone_penetration_state;district_population_numeric;district_population;sex_ratio
260,09642,09642,MILITARY POSTAL SERV,base_enriched,09351,geonames|nearest:09351,queue_base_expansion,2,tabular_plus_nearest_defaults,,APO AE,40.4165,-3.7026,,False,,T3,False,False,False,False,13.0298273155416,44.6,315.605,L,False,False,False,False,False,80.67331670822942,82.16957605985037,64.0286783042394,False,False,False,False,False,False,False,67058.0,VS,100.33112582781456,state_original;region;distance_to_state_capital
261,09643,09643,MILITARY POSTAL SERV,base_enriched,09351,geonames|nearest:09351,queue_base_expansion,2,tabular_plus_nearest_defaults,,APO AE,41.4136,-2.4132,,False,,T3,False,False,False,False,13.0298273155416,44.6,315.605,L,False,False,False,False,False,80.67331670822942,82.16957605985037,64.0286783042394,False,False,False,False,False,False,False,67058.0,VS,100.33112582781456,state_original;region;distance_to_state_capital
262,09645,09645,MILITARY POSTAL SERV,base_enriched,09351,geonames|nearest:09351,queue_base_expansion,2,tabular_plus_nearest_defaults,,FPO AE,36.6255,-6.3622,,False,,T3,False,False,False,False,13.0298273155416,44.6,315.605,L,False,False,False,False,False,80.67331670822942,82.16957605985037,64.0286783042394,False,False,False,False,False,False,False,67058.0,VS,100.33112582781456,state_original;region;distance_to_state_capital
263,09647,09647,MILITARY POSTAL SERV,base_enriched,09351,geonames|nearest:09351,queue_base_expansion,2,tabular_plus_nearest_defaults,,APO AE,40.6433,-3.3338,,False,,T3,False,False,False,False,13.0298273155416,44.6,315.605,L,False,False,False,False,False,80.67331670822942,82.16957605985037,64.0286783042394,False,False,False,False,False,False,False,67058.0,VS,100.33112582781456,state_original;region;distance_to_state_capital
264,09648,09648,MILITARY POSTAL SERV,base_enriched,09810,geonames|nearest:09810,queue_base_expansion,2,tabular_plus_nearest_defaults,,APO AE,24.6877,46.7218,,False,,T3,False,False,False,False,13.0298273155416,44.6,315.605,L,False,False,False,False,False,80.67331670822942,82.16957605985037,64.0286783042394,False,False,False,False,False,False,False,67058.0,VS,100.33112582781456,state_original;region;distance_to_state_capital
265,09649,09649,MILITARY POSTAL SERV,base_stub,,,queue_base_expansion,2,tabular_plus_nearest_defaults,,,,,,False,,,False,False,False,False,,,315.605,,False,False,False,False,False,,,0.0,False,False,False,False,False,False,False,,,,state_original;major_city;latitude;longitude;region;distance_to_state_capital;city_tier;literacy_rate;median_age_estimate;income_bucket;internet_penetration_state;smartphone_penetration_state;district_population_numeric;district_population;sex_ratio
266,09701,09701,MILITARY POSTAL SERV,base_stub,,,queue_base_expansion,2,tabular_plus_nearest_defaults,,,,,,False,,,False,False,False,False,,,315.605,,False,False,False,False,False,,,0.0,False,False,False,False,False,False,False,,,,state_original;major_city;latitude;longitude;region;distance_to_state_capital;city_tier;literacy_rate;median_age_estimate;income_bucket;internet_penetration_state;smartphone_penetration_state;district_population_numeric;district_population;sex_ratio
267,09703,09703,MILITARY POSTAL SERV,base_enriched,09090,geonames|nearest:09090,queue_base_expansion,2,tabular_plus_nearest_defaults,,APO AE,50.9467,5.9708,,False,,T3,False,False,False,False,13.0298273155416,44.6,315.605,L,False,False,False,False,False,80.67331670822942,82.16957605985037,64.0286783042394,False,False,False,False,False,False,False,67058.0,VS,100.33112582781456,state_original;region;distance_to_state_capital
268,09704,09704,MILITARY POSTAL SERV,base_enriched,99747,geonames|nearest:99747,queue_base_expansion,2,tabular_plus_nearest_defaults,,APO AE,76.5311,-68.7017,,False,,T3,False,False,False,False,13.536299765807964,32.7,315.605,M,False,False,False,False,False,96.875,100.0,81.25,False,False,False,False,False,False,False,10810.0,VS,143.13725490196077,state_original;region;distance_to_state_capital
269,09705,09705,MILITARY POSTAL SERV,base_enriched,09450,geonames|nearest:09450,queue_base_expansion,2,tabular_plus_nearest_defaults,,APO AE,50.5758,3.831,,False,,T3,False,False,False,False,13.0298273155416,44.6,315.605,L,False,False,False,False,False,80.67331670822942,82.16957605985037,64.0286783042394,False,False,False,False,False,False,False,67058.0,VS,100.33112582781456,state_original;region;distance_to_state_capital
270,09706,09706,MILITARY POSTAL SERV,base_enriched,09450,geonames|nearest:09450,queue_base_expansion,2,tabular_plus_nearest_defaults,,APO AE,59.9291,10.519,,False,,T3,False,False,False,False,13.0298273155416,44.6,315.605,L,False,False,False,False,False,80.67331670822942,82.16957605985037,64.0286783042394,False,False,False,False,False,False,False,67058.0,VS,100.33112582781456,state_original;region;distance_to_state_capital
271,09707,09707,MILITARY POSTAL SERV,base_enriched,09450,geonames|nearest:09450,queue_base_expansion,2,tabular_plus_nearest_defaults,,APO AE,59.9127,10.7461,,False,,T3,False,False,False,False,13.0298273155416,44.6,315.605,L,False,False,False,False,False,80.67331670822942,82.16957605985037,64.0286783042394,False,False,False,False,False,False,False,67058.0,VS,100.33112582781456,state_original;region;distance_to_state_capital
272,09708,09708,MILITARY POSTAL SERV,base_enriched,09450,geonames|nearest:09450,queue_base_expansion,2,tabular_plus_nearest_defaults,,APO AE,50.5879,3.8071,,False,,T3,False,False,False,False,13.0298273155416,44.6,315.605,L,False,False,False,False,False,80.67331670822942,82.16957605985037,64.0286783042394,False,False,False,False,False,False,False,67058.0,VS,100.33112582781456,state_original;region;distance_to_state_capital
273,09709,09709,MILITARY POSTAL SERV,base_enriched,04756,geonames|nearest:04756,queue_base_expansion,2,tabular_plus_nearest_defaults,,APO AE,67.017,-50.6893,,False,,T3,False,False,False,False,14.809101426918629,53.1,315.605,M,False,False,False,False,False,80.82706766917293,71.49122807017544,64.85275689223057,False,False,False,False,False,False,False,67058.0,VS,112.26175349428208,state_original;region;distance_to_state_capital
274,09710,09710,MILITARY POSTAL SERV,base_stub,,,queue_base_expansion,2,tabular_plus_nearest_defaults,,,,,,False,,,False,False,False,False,,,315.605,,False,False,False,False,False,,,0.0,False,False,False,False,False,False,False,,,,state_original;major_city;latitude;longitude;region;distance_to_state_capital;city_tier;literacy_rate;median_age_estimate;income_bucket;internet_penetration_state;smartphone_penetration_state;district_population_numeric;district_population;sex_ratio
275,09711,09711,MILITARY POSTAL SERV,base_stub,,,queue_base_expansion,2,tabular_plus_nearest_defaults,,,,,,False,,,False,False,False,False,,,315.605,,False,False,False,False,False,,,0.0,False,False,False,False,False,False,False,,,,state_original;major_city;latitude;longitude;region;distance_to_state_capital;city_tier;literacy_rate;median_age_estimate;income_bucket;internet_penetration_state;smartphone_penetration_state;district_population_numeric;district_population;sex_ratio
276,09712,09712,MILITARY POSTAL SERV,base_stub,,,queue_base_expansion,2,tabular_plus_nearest_defaults,,,,,,False,,,False,False,False,False,,,315.605,,False,False,False,False,False,,,0.0,False,False,False,False,False,False,False,,,,state_original;major_city;latitude;longitude;region;distance_to_state_capital;city_tier;literacy_rate;median_age_estimate;income_bucket;internet_penetration_state;smartphone_penetration_state;district_population_numeric;district_population;sex_ratio
277,09714,09714,MILITARY POSTAL SERV,base_enriched,09450,geonames|nearest:09450,queue_base_expansion,2,tabular_plus_nearest_defaults,,APO AE,50.8504,4.3488,,False,,T3,False,False,False,False,13.0298273155416,44.6,315.605,L,False,False,False,False,False,80.67331670822942,82.16957605985037,64.0286783042394,False,False,False,False,False,False,False,67058.0,VS,100.33112582781456,state_original;region;distance_to_state_capital
278,09715,09715,MILITARY POSTAL SERV,base_enriched,09450,geonames|nearest:09450,queue_base_expansion,2,tabular_plus_nearest_defaults,,APO AE,52.0826,4.315,,False,,T3,False,False,False,False,13.0298273155416,44.6,315.605,L,False,False,False,False,False,80.67331670822942,82.16957605985037,64.0286783042394,False,False,False,False,False,False,False,67058.0,VS,100.33112582781456,state_original;region;distance_to_state_capital
279,09716,09716,MILITARY POSTAL SERV,base_enriched,09090,geonames|nearest:09090,queue_base_expansion,2,tabular_plus_nearest_defaults,,APO AE,55.6947,12.5832,,False,,T3,False,False,False,False,13.0298273155416,44.6,315.605,L,False,False,False,False,False,80.67331670822942,82.16957605985037,64.0286783042394,False,False,False,False,False,False,False,67058.0,VS,100.33112582781456,state_original;region;distance_to_state_capital
280,09717,09717,MILITARY POSTAL SERV,base_enriched,09090,geonames|nearest:09090,queue_base_expansion,2,tabular_plus_nearest_defaults,,APO AE,50.8483,5.6889,,False,,T3,False,False,False,False,13.0298273155416,44.6,315.605,L,False,False,False,False,False,80.67331670822942,82.16957605985037,64.0286783042394,False,False,False,False,False,False,False,67058.0,VS,100.33112582781456,state_original;region;distance_to_state_capital
281,09718,09718,MILITARY POSTAL SERV,base_enriched,09351,geonames|nearest:09351,queue_base_expansion,2,tabular_plus_nearest_defaults,,APO AE,34.0133,-6.8326,,False,,T3,False,False,False,False,13.0298273155416,44.6,315.605,L,False,False,False,False,False,80.67331670822942,82.16957605985037,64.0286783042394,False,False,False,False,False,False,False,67058.0,VS,100.33112582781456,state_original;region;distance_to_state_capital
282,09719,09719,MILITARY POSTAL SERV,base_enriched,09160,geonames|nearest:09160,queue_base_expansion,2,tabular_plus_nearest_defaults,,APO AE,46.0706,12.5947,,False,,T3,False,False,False,False,13.0298273155416,44.6,315.605,L,False,False,False,False,False,80.67331670822942,82.16957605985037,64.0286783042394,False,False,False,False,False,False,False,67058.0,VS,100.33112582781456,state_original;region;distance_to_state_capital
283,09720,09720,MILITARY POSTAL SERV,base_enriched,09450,geonames|nearest:09450,queue_base_expansion,2,tabular_plus_nearest_defaults,,APO AE,38.7167,-27.2167,,False,,T3,False,False,False,False,13.0298273155416,44.6,315.605,L,False,False,False,False,False,80.67331670822942,82.16957605985037,64.0286783042394,False,False,False,False,False,False,False,67058.0,VS,100.33112582781456,state_original;region;distance_to_state_capital
284,09722,09722,MILITARY POSTAL SERV,base_enriched,09090,geonames|nearest:09090,queue_base_expansion,2,tabular_plus_nearest_defaults,,APO AE,56.3067,9.1683,,False,,T3,False,False,False,False,13.0298273155416,44.6,315.605,L,False,False,False,False,False,80.67331670822942,82.16957605985037,64.0286783042394,False,False,False,False,False,False,False,67058.0,VS,100.33112582781456,state_original;region;distance_to_state_capital
285,09723,09723,MILITARY POSTAL SERV,base_enriched,09090,geonames|nearest:09090,queue_base_expansion,2,tabular_plus_nearest_defaults,,APO AE,60.1695,24.9354,,False,,T3,False,False,False,False,13.0298273155416,44.6,315.605,L,False,False,False,False,False,80.67331670822942,82.16957605985037,64.0286783042394,False,False,False,False,False,False,False,67058.0,VS,100.33112582781456,state_original;region;distance_to_state_capital
286,09724,09724,MILITARY POSTAL SERV,base_enriched,09450,geonames|nearest:09450,queue_base_expansion,2,tabular_plus_nearest_defaults,,APO AE,50.8504,4.3488,,False,,T3,False,False,False,False,13.0298273155416,44.6,315.605,L,False,False,False,False,False,80.67331670822942,82.16957605985037,64.0286783042394,False,False,False,False,False,False,False,67058.0,VS,100.33112582781456,state_original;region;distance_to_state_capital
287,09725,09725,MILITARY POSTAL SERV,base_enriched,09450,geonames|nearest:09450,queue_base_expansion,2,tabular_plus_nearest_defaults,,APO AE,64.0049,-22.5624,,False,,T3,False,False,False,False,13.0298273155416,44.6,315.605,L,False,False,False,False,False,80.67331670822942,82.16957605985037,64.0286783042394,False,False,False,False,False,False,False,67058.0,VS,100.33112582781456,state_original;region;distance_to_state_capital
288,09726,09726,MILITARY POSTAL SERV,base_enriched,09450,geonames|nearest:09450,queue_base_expansion,2,tabular_plus_nearest_defaults,,APO AE,38.7167,-9.1333,,False,,T3,False,False,False,False,13.0298273155416,44.6,315.605,L,False,False,False,False,False,80.67331670822942,82.16957605985037,64.0286783042394,False,False,False,False,False,False,False,67058.0,VS,100.33112582781456,state_original;region;distance_to_state_capital
289,09727,09727,MILITARY POSTAL SERV,base_enriched,27920,geonames|nearest:27920,queue_base_expansion,2,tabular_plus_nearest_defaults,,FPO AE,32.3302,-64.74,,False,,T3,False,False,False,False,20.067643742953777,46.2,315.605,M,False,False,False,False,False,91.25,100.0,81.5,False,False,False,False,False,False,False,37875.0,VS,124.645390070922,state_original;region;distance_to_state_capital
290,09728,09728,MILITARY POSTAL SERV,base_enriched,09450,geonames|nearest:09450,queue_base_expansion,2,tabular_plus_nearest_defaults,,FPO AE,64.0049,-22.5624,,False,,T3,False,False,False,False,13.0298273155416,44.6,315.605,L,False,False,False,False,False,80.67331670822942,82.16957605985037,64.0286783042394,False,False,False,False,False,False,False,67058.0,VS,100.33112582781456,state_original;region;distance_to_state_capital
291,09729,09729,MILITARY POSTAL SERV,base_enriched,09450,geonames|nearest:09450,queue_base_expansion,2,tabular_plus_nearest_defaults,,FPO AE,64.2539,-15.2121,,False,,T3,False,False,False,False,13.0298273155416,44.6,315.605,L,False,False,False,False,False,80.67331670822942,82.16957605985037,64.0286783042394,False,False,False,False,False,False,False,67058.0,VS,100.33112582781456,state_original;region;distance_to_state_capital
292,09730,09730,MILITARY POSTAL SERV,base_enriched,04631,geonames|nearest:04631,queue_base_expansion,2,tabular_plus_nearest_defaults,,FPO AE,47.2999,-53.9814,,False,,T3,False,False,False,False,21.84466019417476,61.4,315.605,L,False,False,False,False,False,87.87878787878788,70.56277056277057,62.84848484848485,False,False,False,False,False,False,False,31331.0,VS,84.9194729136164,state_original;region;distance_to_state_capital
293,09731,09731,MILITARY POSTAL SERV,base_enriched,04652,geonames|nearest:04652,queue_base_expansion,2,tabular_plus_nearest_defaults,,FPO AE,43.7632,-65.3235,,False,,T3,False,False,False,False,14.341387373343723,59.4,315.605,M,False,False,False,False,False,84.14322250639387,72.63427109974424,66.57928388746802,False,False,False,False,False,False,False,31331.0,VS,106.63956639566396,state_original;region;distance_to_state_capital
294,09732,09732,MILITARY POSTAL SERV,base_enriched,49726,geonames|nearest:49726,queue_base_expansion,2,tabular_plus_nearest_defaults,,APO AE,46.3168,-79.4663,,False,,T3,False,False,False,False,17.91044776119403,63.0,315.605,M,False,False,False,False,False,91.81102362204724,83.93700787401575,83.60236220472441,False,False,False,False,False,False,False,36295.0,VS,97.43589743589745,state_original;region;distance_to_state_capital
295,09733,09733,MILITARY POSTAL SERV,base_stub,,,queue_base_expansion,2,tabular_plus_nearest_defaults,,,,,,False,,,False,False,False,False,,,315.605,,False,False,False,False,False,,,0.0,False,False,False,False,False,False,False,,,,state_original;major_city;latitude;longitude;region;distance_to_state_capital;city_tier;literacy_rate;median_age_estimate;income_bucket;internet_penetration_state;smartphone_penetration_state;district_population_numeric;district_population;sex_ratio
296,09734,09734,MILITARY POSTAL SERV,base_enriched,09810,geonames|nearest:09810,queue_base_expansion,2,tabular_plus_nearest_defaults,,APO AE,26.2886,50.114,,False,,T3,False,False,False,False,13.0298273155416,44.6,315.605,L,False,False,False,False,False,80.67331670822942,82.16957605985037,64.0286783042394,False,False,False,False,False,False,False,67058.0,VS,100.33112582781456,state_original;region;distance_to_state_capital
297,09735,09735,MILITARY POSTAL SERV,base_stub,,,queue_base_expansion,2,tabular_plus_nearest_defaults,,,,,,False,,,False,False,False,False,,,315.605,,False,False,False,False,False,,,0.0,False,False,False,False,False,False,False,,,,state_original;major_city;latitude;longitude;region;distance_to_state_capital;city_tier;literacy_rate;median_age_estimate;income_bucket;internet_penetration_state;smartphone_penetration_state;district_population_numeric;district_population;sex_ratio
298,09736,09736,MILITARY POSTAL SERV,base_stub,,,queue_base_expansion,2,tabular_plus_nearest_defaults,,,,,,False,,,False,False,False,False,,,315.605,,False,False,False,False,False,,,0.0,False,False,False,False,False,False,False,,,,state_original;major_city;latitude;longitude;region;distance_to_state_capital;city_tier;literacy_rate;median_age_estimate;income_bucket;internet_penetration_state;smartphone_penetration_state;district_population_numeric;district_population;sex_ratio
299,09737,09737,MILITARY POSTAL SERV,base_stub,,,queue_base_expansion,2,tabular_plus_nearest_defaults,,,,,,False,,,False,False,False,False,,,315.605,,False,False,False,False,False,,,0.0,False,False,False,False,False,False,False,,,,state_original;major_city;latitude;longitude;region;distance_to_state_capital;city_tier;literacy_rate;median_age_estimate;income_bucket;internet_penetration_state;smartphone_penetration_state;district_population_numeric;district_population;sex_ratio
300,09738,09738,MILITARY POSTAL SERV,base_enriched,09810,geonames|nearest:09810,queue_base_expansion,2,tabular_plus_nearest_defaults,,APO AE,26.2886,50.114,,False,,T3,False,False,False,False,13.0298273155416,44.6,315.605,L,False,False,False,False,False,80.67331670822942,82.16957605985037,64.0286783042394,False,False,False,False,False,False,False,67058.0,VS,100.33112582781456,state_original;region;distance_to_state_capital
301,09739,09739,MILITARY POSTAL SERV,base_stub,,,queue_base_expansion,2,tabular_plus_nearest_defaults,,,,,,False,,,False,False,False,False,,,315.605,,False,False,False,False,False,,,0.0,False,False,False,False,False,False,False,,,,state_original;major_city;latitude;longitude;region;distance_to_state_capital;city_tier;literacy_rate;median_age_estimate;income_bucket;internet_penetration_state;smartphone_penetration_state;district_population_numeric;district_population;sex_ratio
302,09741,09741,MILITARY POSTAL SERV,base_stub,,,queue_base_expansion,2,tabular_plus_nearest_defaults,,,,,,False,,,False,False,False,False,,,315.605,,False,False,False,False,False,,,0.0,False,False,False,False,False,False,False,,,,state_original;major_city;latitude;longitude;region;distance_to_state_capital;city_tier;literacy_rate;median_age_estimate;income_bucket;internet_penetration_state;smartphone_penetration_state;district_population_numeric;district_population;sex_ratio
303,09742,09742,MILITARY POSTAL SERV,base_stub,,,queue_base_expansion,2,tabular_plus_nearest_defaults,,,,,,False,,,False,False,False,False,,,315.605,,False,False,False,False,False,,,0.0,False,False,False,False,False,False,False,,,,state_original;major_city;latitude;longitude;region;distance_to_state_capital;city_tier;literacy_rate;median_age_estimate;income_bucket;internet_penetration_state;smartphone_penetration_state;district_population_numeric;district_population;sex_ratio
304,09743,09743,MILITARY POSTAL SERV,base_stub,,,queue_base_expansion,2,tabular_plus_nearest_defaults,,,,,,False,,,False,False,False,False,,,315.605,,False,False,False,False,False,,,0.0,False,False,False,False,False,False,False,,,,state_original;major_city;latitude;longitude;region;distance_to_state_capital;city_tier;literacy_rate;median_age_estimate;income_bucket;internet_penetration_state;smartphone_penetration_state;district_population_numeric;district_population;sex_ratio
305,09744,09744,MILITARY POSTAL SERV,base_stub,,,queue_base_expansion,2,tabular_plus_nearest_defaults,,,,,,False,,,False,False,False,False,,,315.605,,False,False,False,False,False,,,0.0,False,False,False,False,False,False,False,,,,state_original;major_city;latitude;longitude;region;distance_to_state_capital;city_tier;literacy_rate;median_age_estimate;income_bucket;internet_penetration_state;smartphone_penetration_state;district_population_numeric;district_population;sex_ratio
306,09745,09745,MILITARY POSTAL SERV,base_enriched,09810,geonames|nearest:09810,queue_base_expansion,2,tabular_plus_nearest_defaults,,APO AE,24.6877,46.7218,,False,,T3,False,False,False,False,13.0298273155416,44.6,315.605,L,False,False,False,False,False,80.67331670822942,82.16957605985037,64.0286783042394,False,False,False,False,False,False,False,67058.0,VS,100.33112582781456,state_original;region;distance_to_state_capital
307,09748,09748,MILITARY POSTAL SERV,base_stub,,,queue_base_expansion,2,tabular_plus_nearest_defaults,,,,,,False,,,False,False,False,False,,,315.605,,False,False,False,False,False,,,0.0,False,False,False,False,False,False,False,,,,state_original;major_city;latitude;longitude;region;distance_to_state_capital;city_tier;literacy_rate;median_age_estimate;income_bucket;internet_penetration_state;smartphone_penetration_state;district_population_numeric;district_population;sex_ratio
308,09749,09749,MILITARY POSTAL SERV,base_enriched,09810,geonames|nearest:09810,queue_base_expansion,2,tabular_plus_nearest_defaults,,APO AE,26.2886,50.114,,False,,T3,False,False,False,False,13.0298273155416,44.6,315.605,L,False,False,False,False,False,80.67331670822942,82.16957605985037,64.0286783042394,False,False,False,False,False,False,False,67058.0,VS,100.33112582781456,state_original;region;distance_to_state_capital
309,09750,09750,MILITARY POSTAL SERV,base_stub,,,queue_base_expansion,2,tabular_plus_nearest_defaults,,,,,,False,,,False,False,False,False,,,315.605,,False,False,False,False,False,,,0.0,False,False,False,False,False,False,False,,,,state_original;major_city;latitude;longitude;region;distance_to_state_capital;city_tier;literacy_rate;median_age_estimate;income_bucket;internet_penetration_state;smartphone_penetration_state;district_population_numeric;district_population;sex_ratio
310,09751,09751,MILITARY POSTAL SERV,base_stub,,,queue_base_expansion,2,tabular_plus_nearest_defaults,,,,,,False,,,False,False,False,False,,,315.605,,False,False,False,False,False,,,0.0,False,False,False,False,False,False,False,,,,state_original;major_city;latitude;longitude;region;distance_to_state_capital;city_tier;literacy_rate;median_age_estimate;income_bucket;internet_penetration_state;smartphone_penetration_state;district_population_numeric;district_population;sex_ratio
311,09752,09752,MILITARY POSTAL SERV,base_stub,,,queue_base_expansion,2,tabular_plus_nearest_defaults,,,,,,False,,,False,False,False,False,,,315.605,,False,False,False,False,False,,,0.0,False,False,False,False,False,False,False,,,,state_original;major_city;latitude;longitude;region;distance_to_state_capital;city_tier;literacy_rate;median_age_estimate;income_bucket;internet_penetration_state;smartphone_penetration_state;district_population_numeric;district_population;sex_ratio
312,09753,09753,MILITARY POSTAL SERV,base_stub,,,queue_base_expansion,2,tabular_plus_nearest_defaults,,,,,,False,,,False,False,False,False,,,315.605,,False,False,False,False,False,,,0.0,False,False,False,False,False,False,False,,,,state_original;major_city;latitude;longitude;region;distance_to_state_capital;city_tier;literacy_rate;median_age_estimate;income_bucket;internet_penetration_state;smartphone_penetration_state;district_population_numeric;district_population;sex_ratio
313,09754,09754,MILITARY POSTAL SERV,base_enriched,09810,geonames|nearest:09810,queue_base_expansion,2,tabular_plus_nearest_defaults,,APO AE,26.2886,50.114,,False,,T3,False,False,False,False,13.0298273155416,44.6,315.605,L,False,False,False,False,False,80.67331670822942,82.16957605985037,64.0286783042394,False,False,False,False,False,False,False,67058.0,VS,100.33112582781456,state_original;region;distance_to_state_capital
314,09755,09755,MILITARY POSTAL SERV,base_stub,,,queue_base_expansion,2,tabular_plus_nearest_defaults,,,,,,False,,,False,False,False,False,,,315.605,,False,False,False,False,False,,,0.0,False,False,False,False,False,False,False,,,,state_original;major_city;latitude;longitude;region;distance_to_state_capital;city_tier;literacy_rate;median_age_estimate;income_bucket;internet_penetration_state;smartphone_penetration_state;district_population_numeric;district_population;sex_ratio
315,09756,09756,MILITARY POSTAL SERV,base_stub,,,queue_base_expansion,2,tabular_plus_nearest_defaults,,,,,,False,,,False,False,False,False,,,315.605,,False,False,False,False,False,,,0.0,False,False,False,False,False,False,False,,,,state_original;major_city;latitude;longitude;region;distance_to_state_capital;city_tier;literacy_rate;median_age_estimate;income_bucket;internet_penetration_state;smartphone_penetration_state;district_population_numeric;district_population;sex_ratio
316,09759,09759,MILITARY POSTAL SERV,base_stub,,,queue_base_expansion,2,tabular_plus_nearest_defaults,,,,,,False,,,False,False,False,False,,,315.605,,False,False,False,False,False,,,0.0,False,False,False,False,False,False,False,,,,state_original;major_city;latitude;longitude;region;distance_to_state_capital;city_tier;literacy_rate;median_age_estimate;income_bucket;internet_penetration_state;smartphone_penetration_state;district_population_numeric;district_population;sex_ratio
317,09761,09761,MILITARY POSTAL SERV,base_stub,,,queue_base_expansion,2,tabular_plus_nearest_defaults,,,,,,False,,,False,False,False,False,,,315.605,,False,False,False,False,False,,,0.0,False,False,False,False,False,False,False,,,,state_original;major_city;latitude;longitude;region;distance_to_state_capital;city_tier;literacy_rate;median_age_estimate;income_bucket;internet_penetration_state;smartphone_penetration_state;district_population_numeric;district_population;sex_ratio
318,09762,09762,MILITARY POSTAL SERV,base_enriched,09810,geonames|nearest:09810,queue_base_expansion,2,tabular_plus_nearest_defaults,,APO AE,24.6877,46.7218,,False,,T3,False,False,False,False,13.0298273155416,44.6,315.605,L,False,False,False,False,False,80.67331670822942,82.16957605985037,64.0286783042394,False,False,False,False,False,False,False,67058.0,VS,100.33112582781456,state_original;region;distance_to_state_capital
319,09769,09769,MILITARY POSTAL SERV,base_stub,,,queue_base_expansion,2,tabular_plus_nearest_defaults,,,,,,False,,,False,False,False,False,,,315.605,,False,False,False,False,False,,,0.0,False,False,False,False,False,False,False,,,,state_original;major_city;latitude;longitude;region;distance_to_state_capital;city_tier;literacy_rate;median_age_estimate;income_bucket;internet_penetration_state;smartphone_penetration_state;district_population_numeric;district_population;sex_ratio
320,09777,09777,MILITARY POSTAL SERV,base_enriched,09450,geonames|nearest:09450,queue_base_expansion,2,tabular_plus_nearest_defaults,,FPO AE,48.8534,2.3488,,False,,T3,False,False,False,False,13.0298273155416,44.6,315.605,L,False,False,False,False,False,80.67331670822942,82.16957605985037,64.0286783042394,False,False,False,False,False,False,False,67058.0,VS,100.33112582781456,state_original;region;distance_to_state_capital
321,09780,09780,MILITARY POSTAL SERV,base_stub,,,queue_base_expansion,2,tabular_plus_nearest_defaults,,,,,,False,,,False,False,False,False,,,315.605,,False,False,False,False,False,,,0.0,False,False,False,False,False,False,False,,,,state_original;major_city;latitude;longitude;region;distance_to_state_capital;city_tier;literacy_rate;median_age_estimate;income_bucket;internet_penetration_state;smartphone_penetration_state;district_population_numeric;district_population;sex_ratio
322,09801,09801,MILITARY POSTAL SERV,base_stub,,,queue_base_expansion,2,tabular_plus_nearest_defaults,,,,,,False,,,False,False,False,False,,,315.605,,False,False,False,False,False,,,0.0,False,False,False,False,False,False,False,,,,state_original;major_city;latitude;longitude;region;distance_to_state_capital;city_tier;literacy_rate;median_age_estimate;income_bucket;internet_penetration_state;smartphone_penetration_state;district_population_numeric;district_population;sex_ratio
323,09802,09802,MILITARY POSTAL SERV,base_enriched,09810,geonames|nearest:09810,queue_base_expansion,2,tabular_plus_nearest_defaults,,APO AE,21.2703,40.4158,,False,,T3,False,False,False,False,13.0298273155416,44.6,315.605,L,False,False,False,False,False,80.67331670822942,82.16957605985037,64.0286783042394,False,False,False,False,False,False,False,67058.0,VS,100.33112582781456,state_original;region;distance_to_state_capital
324,09803,09803,MILITARY POSTAL SERV,base_enriched,09810,geonames|nearest:09810,queue_base_expansion,2,tabular_plus_nearest_defaults,,APO AE,24.6877,46.7218,,False,,T3,False,False,False,False,13.0298273155416,44.6,315.605,L,False,False,False,False,False,80.67331670822942,82.16957605985037,64.0286783042394,False,False,False,False,False,False,False,67058.0,VS,100.33112582781456,state_original;region;distance_to_state_capital
325,09804,09804,MILITARY POSTAL SERV,base_enriched,09810,geonames|nearest:09810,queue_base_expansion,2,tabular_plus_nearest_defaults,,APO AE,26.2886,50.114,,False,,T3,False,False,False,False,13.0298273155416,44.6,315.605,L,False,False,False,False,False,80.67331670822942,82.16957605985037,64.0286783042394,False,False,False,False,False,False,False,67058.0,VS,100.33112582781456,state_original;region;distance_to_state_capital
326,09805,09805,MILITARY POSTAL SERV,base_enriched,09810,geonames|nearest:09810,queue_base_expansion,2,tabular_plus_nearest_defaults,,APO AE,25.4,49.65,,False,,T3,False,False,False,False,13.0298273155416,44.6,315.605,L,False,False,False,False,False,80.67331670822942,82.16957605985037,64.0286783042394,False,False,False,False,False,False,False,67058.0,VS,100.33112582781456,state_original;region;distance_to_state_capital
327,09806,09806,MILITARY POSTAL SERV,base_enriched,09810,geonames|nearest:09810,queue_base_expansion,2,tabular_plus_nearest_defaults,,APO AE,28.3356,46.1247,,False,,T3,False,False,False,False,13.0298273155416,44.6,315.605,L,False,False,False,False,False,80.67331670822942,82.16957605985037,64.0286783042394,False,False,False,False,False,False,False,67058.0,VS,100.33112582781456,state_original;region;distance_to_state_capital
328,09808,09808,MILITARY POSTAL SERV,base_enriched,09810,geonames|nearest:09810,queue_base_expansion,2,tabular_plus_nearest_defaults,,APO AE,26.2886,50.114,,False,,T3,False,False,False,False,13.0298273155416,44.6,315.605,L,False,False,False,False,False,80.67331670822942,82.16957605985037,64.0286783042394,False,False,False,False,False,False,False,67058.0,VS,100.33112582781456,state_original;region;distance_to_state_capital
329,09809,09809,MILITARY POSTAL SERV,base_enriched,09810,geonames|nearest:09810,queue_base_expansion,2,tabular_plus_nearest_defaults,,APO AE,18.3,42.7333,,False,,T3,False,False,False,False,13.0298273155416,44.6,315.605,L,False,False,False,False,False,80.67331670822942,82.16957605985037,64.0286783042394,False,False,False,False,False,False,False,67058.0,VS,100.33112582781456,state_original;region;distance_to_state_capital
330,09812,09812,MILITARY POSTAL SERV,base_enriched,09810,geonames|nearest:09810,queue_base_expansion,2,tabular_plus_nearest_defaults,,APO AE,33.7215,73.0433,,False,,T3,False,False,False,False,13.0298273155416,44.6,315.605,L,False,False,False,False,False,80.67331670822942,82.16957605985037,64.0286783042394,False,False,False,False,False,False,False,67058.0,VS,100.33112582781456,state_original;region;distance_to_state_capital
331,09813,09813,MILITARY POSTAL SERV,base_enriched,09001,geonames|nearest:09001,queue_base_expansion,2,tabular_plus_nearest_defaults,,APO AE,6.3005,-10.7969,,False,,T3,False,False,False,False,13.0298273155416,44.6,315.605,L,False,False,False,False,False,80.67331670822942,82.16957605985037,64.0286783042394,False,False,False,False,False,False,False,67058.0,VS,100.33112582781456,state_original;region;distance_to_state_capital
332,09814,09814,MILITARY POSTAL SERV,base_enriched,09810,geonames|nearest:09810,queue_base_expansion,2,tabular_plus_nearest_defaults,,APO AE,24.8608,67.0104,,False,,T3,False,False,False,False,13.0298273155416,44.6,315.605,L,False,False,False,False,False,80.67331670822942,82.16957605985037,64.0286783042394,False,False,False,False,False,False,False,67058.0,VS,100.33112582781456,state_original;region;distance_to_state_capital
333,09815,09815,MILITARY POSTAL SERV,base_enriched,09810,geonames|nearest:09810,queue_base_expansion,2,tabular_plus_nearest_defaults,,APO AE,-4.6167,55.45,,False,,T3,False,False,False,False,13.0298273155416,44.6,315.605,L,False,False,False,False,False,80.67331670822942,82.16957605985037,64.0286783042394,False,False,False,False,False,False,False,67058.0,VS,100.33112582781456,state_original;region;distance_to_state_capital
334,09816,09816,MILITARY POSTAL SERV,base_enriched,09847,geonames|nearest:09847,queue_base_expansion,2,tabular_plus_nearest_defaults,,APO AE,39.6492,27.8861,,False,,T3,False,False,False,False,13.0298273155416,44.6,315.605,L,False,False,False,False,False,80.67331670822942,82.16957605985037,64.0286783042394,False,False,False,False,False,False,False,67058.0,VS,100.33112582781456,state_original;region;distance_to_state_capital
335,09817,09817,MILITARY POSTAL SERV,base_enriched,09836,geonames|nearest:09836,queue_base_expansion,2,tabular_plus_nearest_defaults,,APO AE,38.3502,38.3167,,False,,T3,False,False,False,False,13.0298273155416,44.6,315.605,L,False,False,False,False,False,80.67331670822942,82.16957605985037,64.0286783042394,False,False,False,False,False,False,False,67058.0,VS,100.33112582781456,state_original;region;distance_to_state_capital
336,09818,09818,MILITARY POSTAL SERV,base_enriched,09836,geonames|nearest:09836,queue_base_expansion,2,tabular_plus_nearest_defaults,,APO AE,39.9086,41.2769,,False,,T3,False,False,False,False,13.0298273155416,44.6,315.605,L,False,False,False,False,False,80.67331670822942,82.16957605985037,64.0286783042394,False,False,False,False,False,False,False,67058.0,VS,100.33112582781456,state_original;region;distance_to_state_capital
337,09820,09820,MILITARY POSTAL SERV,base_enriched,09836,geonames|nearest:09836,queue_base_expansion,2,tabular_plus_nearest_defaults,,APO AE,42.0268,35.1625,,False,,T3,False,False,False,False,13.0298273155416,44.6,315.605,L,False,False,False,False,False,80.67331670822942,82.16957605985037,64.0286783042394,False,False,False,False,False,False,False,67058.0,VS,100.33112582781456,state_original;region;distance_to_state_capital
338,09821,09821,MILITARY POSTAL SERV,base_enriched,09847,geonames|nearest:09847,queue_base_expansion,2,tabular_plus_nearest_defaults,,APO AE,38.4127,27.1384,,False,,T3,False,False,False,False,13.0298273155416,44.6,315.605,L,False,False,False,False,False,80.67331670822942,82.16957605985037,64.0286783042394,False,False,False,False,False,False,False,67058.0,VS,100.33112582781456,state_original;region;distance_to_state_capital
339,09822,09822,MILITARY POSTAL SERV,base_enriched,09836,geonames|nearest:09836,queue_base_expansion,2,tabular_plus_nearest_defaults,,APO AE,39.9199,32.8543,,False,,T3,False,False,False,False,13.0298273155416,44.6,315.605,L,False,False,False,False,False,80.67331670822942,82.16957605985037,64.0286783042394,False,False,False,False,False,False,False,67058.0,VS,100.33112582781456,state_original;region;distance_to_state_capital
340,09823,09823,MILITARY POSTAL SERV,base_enriched,09836,geonames|nearest:09836,queue_base_expansion,2,tabular_plus_nearest_defaults,,APO AE,39.9199,32.8543,,False,,T3,False,False,False,False,13.0298273155416,44.6,315.605,L,False,False,False,False,False,80.67331670822942,82.16957605985037,64.0286783042394,False,False,False,False,False,False,False,67058.0,VS,100.33112582781456,state_original;region;distance_to_state_capital
341,09824,09824,MILITARY POSTAL SERV,base_enriched,09836,geonames|nearest:09836,queue_base_expansion,2,tabular_plus_nearest_defaults,,APO AE,37.0017,35.3289,,False,,T3,False,False,False,False,13.0298273155416,44.6,315.605,L,False,False,False,False,False,80.67331670822942,82.16957605985037,64.0286783042394,False,False,False,False,False,False,False,67058.0,VS,100.33112582781456,state_original;region;distance_to_state_capital
342,09825,09825,MILITARY POSTAL SERV,base_enriched,09836,geonames|nearest:09836,queue_base_expansion,2,tabular_plus_nearest_defaults,,APO AE,37.9136,40.2172,,False,,T3,False,False,False,False,13.0298273155416,44.6,315.605,L,False,False,False,False,False,80.67331670822942,82.16957605985037,64.0286783042394,False,False,False,False,False,False,False,67058.0,VS,100.33112582781456,state_original;region;distance_to_state_capital
343,09826,09826,MILITARY POSTAL SERV,base_enriched,09836,geonames|nearest:09836,queue_base_expansion,2,tabular_plus_nearest_defaults,,APO AE,39.7767,30.5206,,False,,T3,False,False,False,False,13.0298273155416,44.6,315.605,L,False,False,False,False,False,80.67331670822942,82.16957605985037,64.0286783042394,False,False,False,False,False,False,False,67058.0,VS,100.33112582781456,state_original;region;distance_to_state_capital
344,09827,09827,MILITARY POSTAL SERV,base_enriched,09847,geonames|nearest:09847,queue_base_expansion,2,tabular_plus_nearest_defaults,,APO AE,41.0138,28.9497,,False,,T3,False,False,False,False,13.0298273155416,44.6,315.605,L,False,False,False,False,False,80.67331670822942,82.16957605985037,64.0286783042394,False,False,False,False,False,False,False,67058.0,VS,100.33112582781456,state_original;region;distance_to_state_capital
345,09828,09828,MILITARY POSTAL SERV,base_enriched,09810,geonames|nearest:09810,queue_base_expansion,2,tabular_plus_nearest_defaults,,APO AE,-4.3276,15.3136,,False,,T3,False,False,False,False,13.0298273155416,44.6,315.605,L,False,False,False,False,False,80.67331670822942,82.16957605985037,64.0286783042394,False,False,False,False,False,False,False,67058.0,VS,100.33112582781456,state_original;region;distance_to_state_capital
346,09829,09829,MILITARY POSTAL SERV,base_enriched,09810,geonames|nearest:09810,queue_base_expansion,2,tabular_plus_nearest_defaults,,APO AE,15.5518,32.5324,,False,,T3,False,False,False,False,13.0298273155416,44.6,315.605,L,False,False,False,False,False,80.67331670822942,82.16957605985037,64.0286783042394,False,False,False,False,False,False,False,67058.0,VS,100.33112582781456,state_original;region;distance_to_state_capital
347,09831,09831,MILITARY POSTAL SERV,base_enriched,09810,geonames|nearest:09810,queue_base_expansion,2,tabular_plus_nearest_defaults,,APO AE,-1.2833,36.8167,,False,,T3,False,False,False,False,13.0298273155416,44.6,315.605,L,False,False,False,False,False,80.67331670822942,82.16957605985037,64.0286783042394,False,False,False,False,False,False,False,67058.0,VS,100.33112582781456,state_original;region;distance_to_state_capital
348,09832,09832,MILITARY POSTAL SERV,base_enriched,09830,geonames|nearest:09830,queue_base_expansion,2,tabular_plus_nearest_defaults,,APO AE,31.069,34.1292,,False,,T3,False,False,False,False,13.0298273155416,44.6,315.605,L,False,False,False,False,False,80.67331670822942,82.16957605985037,64.0286783042394,False,False,False,False,False,False,False,67058.0,VS,100.33112582781456,state_original;region;distance_to_state_capital
349,09833,09833,MILITARY POSTAL SERV,base_enriched,09810,geonames|nearest:09810,queue_base_expansion,2,tabular_plus_nearest_defaults,,APO AE,27.9158,34.3299,,False,,T3,False,False,False,False,13.0298273155416,44.6,315.605,L,False,False,False,False,False,80.67331670822942,82.16957605985037,64.0286783042394,False,False,False,False,False,False,False,67058.0,VS,100.33112582781456,state_original;region;distance_to_state_capital
350,09834,09834,MILITARY POSTAL SERV,base_enriched,09810,geonames|nearest:09810,queue_base_expansion,2,tabular_plus_nearest_defaults,,FPO AE,26.2106,50.6117,,False,,T3,False,False,False,False,13.0298273155416,44.6,315.605,L,False,False,False,False,False,80.67331670822942,82.16957605985037,64.0286783042394,False,False,False,False,False,False,False,67058.0,VS,100.33112582781456,state_original;region;distance_to_state_capital
351,09835,09835,MILITARY POSTAL SERV,base_enriched,09830,geonames|nearest:09830,queue_base_expansion,2,tabular_plus_nearest_defaults,,FPO AE,30.0626,31.2497,,False,,T3,False,False,False,False,13.0298273155416,44.6,315.605,L,False,False,False,False,False,80.67331670822942,82.16957605985037,64.0286783042394,False,False,False,False,False,False,False,67058.0,VS,100.33112582781456,state_original;region;distance_to_state_capital
352,09837,09837,MILITARY POSTAL SERV,base_enriched,09810,geonames|nearest:09810,queue_base_expansion,2,tabular_plus_nearest_defaults,,FPO AE,26.2106,50.6117,,False,,T3,False,False,False,False,13.0298273155416,44.6,315.605,L,False,False,False,False,False,80.67331670822942,82.16957605985037,64.0286783042394,False,False,False,False,False,False,False,67058.0,VS,100.33112582781456,state_original;region;distance_to_state_capital
353,09838,09838,MILITARY POSTAL SERV,base_enriched,09836,geonames|nearest:09836,queue_base_expansion,2,tabular_plus_nearest_defaults,,FPO AE,37.381,38.4573,,False,,T3,False,False,False,False,13.0298273155416,44.6,315.605,L,False,False,False,False,False,80.67331670822942,82.16957605985037,64.0286783042394,False,False,False,False,False,False,False,67058.0,VS,100.33112582781456,state_original;region;distance_to_state_capital
354,09839,09839,MILITARY POSTAL SERV,base_enriched,09830,geonames|nearest:09830,queue_base_expansion,2,tabular_plus_nearest_defaults,,APO AE,30.0626,31.2497,,False,,T3,False,False,False,False,13.0298273155416,44.6,315.605,L,False,False,False,False,False,80.67331670822942,82.16957605985037,64.0286783042394,False,False,False,False,False,False,False,67058.0,VS,100.33112582781456,state_original;region;distance_to_state_capital
355,09840,09840,MILITARY POSTAL SERV,base_enriched,09847,geonames|nearest:09847,queue_base_expansion,2,tabular_plus_nearest_defaults,,APO AE,37.9795,23.7162,,False,,T3,False,False,False,False,13.0298273155416,44.6,315.605,L,False,False,False,False,False,80.67331670822942,82.16957605985037,64.0286783042394,False,False,False,False,False,False,False,67058.0,VS,100.33112582781456,state_original;region;distance_to_state_capital
356,09842,09842,MILITARY POSTAL SERV,base_enriched,09847,geonames|nearest:09847,queue_base_expansion,2,tabular_plus_nearest_defaults,,APO AE,37.9795,23.7162,,False,,T3,False,False,False,False,13.0298273155416,44.6,315.605,L,False,False,False,False,False,80.67331670822942,82.16957605985037,64.0286783042394,False,False,False,False,False,False,False,67058.0,VS,100.33112582781456,state_original;region;distance_to_state_capital
357,09844,09844,MILITARY POSTAL SERV,base_enriched,09847,geonames|nearest:09847,queue_base_expansion,2,tabular_plus_nearest_defaults,,APO AE,40.6436,22.9309,,False,,T3,False,False,False,False,13.0298273155416,44.6,315.605,L,False,False,False,False,False,80.67331670822942,82.16957605985037,64.0286783042394,False,False,False,False,False,False,False,67058.0,VS,100.33112582781456,state_original;region;distance_to_state_capital
358,09845,09845,MILITARY POSTAL SERV,base_enriched,09847,geonames|nearest:09847,queue_base_expansion,2,tabular_plus_nearest_defaults,,APO AE,38.0413,23.543,,False,,T3,False,False,False,False,13.0298273155416,44.6,315.605,L,False,False,False,False,False,80.67331670822942,82.16957605985037,64.0286783042394,False,False,False,False,False,False,False,67058.0,VS,100.33112582781456,state_original;region;distance_to_state_capital
359,09846,09846,MILITARY POSTAL SERV,base_enriched,09847,geonames|nearest:09847,queue_base_expansion,2,tabular_plus_nearest_defaults,,APO AE,35.3279,25.1434,,False,,T3,False,False,False,False,13.0298273155416,44.6,315.605,L,False,False,False,False,False,80.67331670822942,82.16957605985037,64.0286783042394,False,False,False,False,False,False,False,67058.0,VS,100.33112582781456,state_original;region;distance_to_state_capital
360,09848,09848,MILITARY POSTAL SERV,base_enriched,09810,geonames|nearest:09810,queue_base_expansion,2,tabular_plus_nearest_defaults,,APO AE,24.6877,46.7218,,False,,T3,False,False,False,False,13.0298273155416,44.6,315.605,L,False,False,False,False,False,80.67331670822942,82.16957605985037,64.0286783042394,False,False,False,False,False,False,False,67058.0,VS,100.33112582781456,state_original;region;distance_to_state_capital
361,09853,09853,MILITARY POSTAL SERV,base_enriched,09810,geonames|nearest:09810,queue_base_expansion,2,tabular_plus_nearest_defaults,,APO AE,24.6877,46.7218,,False,,T3,False,False,False,False,13.0298273155416,44.6,315.605,L,False,False,False,False,False,80.67331670822942,82.16957605985037,64.0286783042394,False,False,False,False,False,False,False,67058.0,VS,100.33112582781456,state_original;region;distance_to_state_capital
362,09854,09854,MILITARY POSTAL SERV,base_stub,,,queue_base_expansion,2,tabular_plus_nearest_defaults,,,,,,False,,,False,False,False,False,,,315.605,,False,False,False,False,False,,,0.0,False,False,False,False,False,False,False,,,,state_original;major_city;latitude;longitude;region;distance_to_state_capital;city_tier;literacy_rate;median_age_estimate;income_bucket;internet_penetration_state;smartphone_penetration_state;district_population_numeric;district_population;sex_ratio
363,09855,09855,MILITARY POSTAL SERV,base_enriched,09810,geonames|nearest:09810,queue_base_expansion,2,tabular_plus_nearest_defaults,,APO AE,24.6877,46.7218,,False,,T3,False,False,False,False,13.0298273155416,44.6,315.605,L,False,False,False,False,False,80.67331670822942,82.16957605985037,64.0286783042394,False,False,False,False,False,False,False,67058.0,VS,100.33112582781456,state_original;region;distance_to_state_capital
364,09856,09856,MILITARY POSTAL SERV,base_stub,,,queue_base_expansion,2,tabular_plus_nearest_defaults,,,,,,False,,,False,False,False,False,,,315.605,,False,False,False,False,False,,,0.0,False,False,False,False,False,False,False,,,,state_original;major_city;latitude;longitude;region;distance_to_state_capital;city_tier;literacy_rate;median_age_estimate;income_bucket;internet_penetration_state;smartphone_penetration_state;district_population_numeric;district_population;sex_ratio
365,09857,09857,MILITARY POSTAL SERV,base_stub,,,queue_base_expansion,2,tabular_plus_nearest_defaults,,,,,,False,,,False,False,False,False,,,315.605,,False,False,False,False,False,,,0.0,False,False,False,False,False,False,False,,,,state_original;major_city;latitude;longitude;region;distance_to_state_capital;city_tier;literacy_rate;median_age_estimate;income_bucket;internet_penetration_state;smartphone_penetration_state;district_population_numeric;district_population;sex_ratio
366,09859,09859,MILITARY POSTAL SERV,base_stub,,,queue_base_expansion,2,tabular_plus_nearest_defaults,,,,,,False,,,False,False,False,False,,,315.605,,False,False,False,False,False,,,0.0,False,False,False,False,False,False,False,,,,state_original;major_city;latitude;longitude;region;distance_to_state_capital;city_tier;literacy_rate;median_age_estimate;income_bucket;internet_penetration_state;smartphone_penetration_state;district_population_numeric;district_population;sex_ratio
367,09860,09860,MILITARY POSTAL SERV,base_stub,,,queue_base_expansion,2,tabular_plus_nearest_defaults,,,,,,False,,,False,False,False,False,,,315.605,,False,False,False,False,False,,,0.0,False,False,False,False,False,False,False,,,,state_original;major_city;latitude;longitude;region;distance_to_state_capital;city_tier;literacy_rate;median_age_estimate;income_bucket;internet_penetration_state;smartphone_penetration_state;district_population_numeric;district_population;sex_ratio
368,09862,09862,MILITARY POSTAL SERV,base_stub,,,queue_base_expansion,2,tabular_plus_nearest_defaults,,,,,,False,,,False,False,False,False,,,315.605,,False,False,False,False,False,,,0.0,False,False,False,False,False,False,False,,,,state_original;major_city;latitude;longitude;region;distance_to_state_capital;city_tier;literacy_rate;median_age_estimate;income_bucket;internet_penetration_state;smartphone_penetration_state;district_population_numeric;district_population;sex_ratio
369,09864,09864,MILITARY POSTAL SERV,base_enriched,09810,geonames|nearest:09810,queue_base_expansion,2,tabular_plus_nearest_defaults,,APO AE,26.2886,50.114,,False,,T3,False,False,False,False,13.0298273155416,44.6,315.605,L,False,False,False,False,False,80.67331670822942,82.16957605985037,64.0286783042394,False,False,False,False,False,False,False,67058.0,VS,100.33112582781456,state_original;region;distance_to_state_capital
370,09867,09867,MILITARY POSTAL SERV,base_stub,,,queue_base_expansion,2,tabular_plus_nearest_defaults,,,,,,False,,,False,False,False,False,,,315.605,,False,False,False,False,False,,,0.0,False,False,False,False,False,False,False,,,,state_original;major_city;latitude;longitude;region;distance_to_state_capital;city_tier;literacy_rate;median_age_estimate;income_bucket;internet_penetration_state;smartphone_penetration_state;district_population_numeric;district_population;sex_ratio
371,09869,09869,MILITARY POSTAL SERV,base_stub,,,queue_base_expansion,2,tabular_plus_nearest_defaults,,,,,,False,,,False,False,False,False,,,315.605,,False,False,False,False,False,,,0.0,False,False,False,False,False,False,False,,,,state_original;major_city;latitude;longitude;region;distance_to_state_capital;city_tier;literacy_rate;median_age_estimate;income_bucket;internet_penetration_state;smartphone_penetration_state;district_population_numeric;district_population;sex_ratio
372,09870,09870,MILITARY POSTAL SERV,base_stub,,,queue_base_expansion,2,tabular_plus_nearest_defaults,,,,,,False,,,False,False,False,False,,,315.605,,False,False,False,False,False,,,0.0,False,False,False,False,False,False,False,,,,state_original;major_city;latitude;longitude;region;distance_to_state_capital;city_tier;literacy_rate;median_age_estimate;income_bucket;internet_penetration_state;smartphone_penetration_state;district_population_numeric;district_population;sex_ratio
373,09873,09873,MILITARY POSTAL SERV,base_enriched,09810,geonames|nearest:09810,queue_base_expansion,2,tabular_plus_nearest_defaults,,APO AA,24.6877,46.7218,,False,,T3,False,False,False,False,13.0298273155416,44.6,315.605,L,False,False,False,False,False,80.67331670822942,82.16957605985037,64.0286783042394,False,False,False,False,False,False,False,67058.0,VS,100.33112582781456,state_original;region;distance_to_state_capital
374,09874,09874,MILITARY POSTAL SERV,base_enriched,09810,geonames|nearest:09810,queue_base_expansion,2,tabular_plus_nearest_defaults,,APO AA,24.6877,46.7218,,False,,T3,False,False,False,False,13.0298273155416,44.6,315.605,L,False,False,False,False,False,80.67331670822942,82.16957605985037,64.0286783042394,False,False,False,False,False,False,False,67058.0,VS,100.33112582781456,state_original;region;distance_to_state_capital
375,09877,09877,MILITARY POSTAL SERV,base_enriched,09810,geonames|nearest:09810,queue_base_expansion,2,tabular_plus_nearest_defaults,,APO AA,24.6877,46.7218,,False,,T3,False,False,False,False,13.0298273155416,44.6,315.605,L,False,False,False,False,False,80.67331670822942,82.16957605985037,64.0286783042394,False,False,False,False,False,False,False,67058.0,VS,100.33112582781456,state_original;region;distance_to_state_capital
376,09880,09880,MILITARY POSTAL SERV,base_enriched,09810,geonames|nearest:09810,queue_base_expansion,2,tabular_plus_nearest_defaults,,APO AE,26.2886,50.114,,False,,T3,False,False,False,False,13.0298273155416,44.6,315.605,L,False,False,False,False,False,80.67331670822942,82.16957605985037,64.0286783042394,False,False,False,False,False,False,False,67058.0,VS,100.33112582781456,state_original;region;distance_to_state_capital
377,09892,09892,MILITARY POSTAL SERV,base_enriched,09830,geonames|nearest:09830,queue_base_expansion,2,tabular_plus_nearest_defaults,,FPO AE,31.9552,35.945,,False,,T3,False,False,False,False,13.0298273155416,44.6,315.605,L,False,False,False,False,False,80.67331670822942,82.16957605985037,64.0286783042394,False,False,False,False,False,False,False,67058.0,VS,100.33112582781456,state_original;region;distance_to_state_capital
378,09895,09895,MILITARY POSTAL SERV,base_enriched,09810,geonames|nearest:09810,queue_base_expansion,2,tabular_plus_nearest_defaults,,APO AE,26.2886,50.114,,False,,T3,False,False,False,False,13.0298273155416,44.6,315.605,L,False,False,False,False,False,80.67331670822942,82.16957605985037,64.0286783042394,False,False,False,False,False,False,False,67058.0,VS,100.33112582781456,state_original;region;distance_to_state_capital
379,09898,09898,MILITARY POSTAL SERV,base_enriched,09810,geonames|nearest:09810,queue_base_expansion,2,tabular_plus_nearest_defaults,,APO AE,26.2886,50.114,,False,,T3,False,False,False,False,13.0298273155416,44.6,315.605,L,False,False,False,False,False,80.67331670822942,82.16957605985037,64.0286783042394,False,False,False,False,False,False,False,67058.0,VS,100.33112582781456,state_original;region;distance_to_state_capital
380,09902,09902,MILITARY POSTAL SERV,base_stub,,,queue_base_expansion,2,tabular_plus_nearest_defaults,,,,,,False,,,False,False,False,False,,,315.605,,False,False,False,False,False,,,0.0,False,False,False,False,False,False,False,,,,state_original;major_city;latitude;longitude;region;distance_to_state_capital;city_tier;literacy_rate;median_age_estimate;income_bucket;internet_penetration_state;smartphone_penetration_state;district_population_numeric;district_population;sex_ratio
381,09903,09903,MILITARY POSTAL SERV,base_stub,,,queue_base_expansion,2,tabular_plus_nearest_defaults,,,,,,False,,,False,False,False,False,,,315.605,,False,False,False,False,False,,,0.0,False,False,False,False,False,False,False,,,,state_original;major_city;latitude;longitude;region;distance_to_state_capital;city_tier;literacy_rate;median_age_estimate;income_bucket;internet_penetration_state;smartphone_penetration_state;district_population_numeric;district_population;sex_ratio
382,09904,09904,MILITARY POSTAL SERV,base_stub,,,queue_base_expansion,2,tabular_plus_nearest_defaults,,,,,,False,,,False,False,False,False,,,315.605,,False,False,False,False,False,,,0.0,False,False,False,False,False,False,False,,,,state_original;major_city;latitude;longitude;region;distance_to_state_capital;city_tier;literacy_rate;median_age_estimate;income_bucket;internet_penetration_state;smartphone_penetration_state;district_population_numeric;district_population;sex_ratio
383,09905,09905,MILITARY POSTAL SERV,base_stub,,,queue_base_expansion,2,tabular_plus_nearest_defaults,,,,,,False,,,False,False,False,False,,,315.605,,False,False,False,False,False,,,0.0,False,False,False,False,False,False,False,,,,state_original;major_city;latitude;longitude;region;distance_to_state_capital;city_tier;literacy_rate;median_age_estimate;income_bucket;internet_penetration_state;smartphone_penetration_state;district_population_numeric;district_population;sex_ratio
384,09974,09974,MILITARY POSTAL SERV,base_stub,,,queue_base_expansion,2,tabular_plus_nearest_defaults,,,,,,False,,,False,False,False,False,,,315.605,,False,False,False,False,False,,,0.0,False,False,False,False,False,False,False,,,,state_original;major_city;latitude;longitude;region;distance_to_state_capital;city_tier;literacy_rate;median_age_estimate;income_bucket;internet_penetration_state;smartphone_penetration_state;district_population_numeric;district_population;sex_ratio
385,09975,09975,MILITARY POSTAL SERV,base_stub,,,queue_base_expansion,2,tabular_plus_nearest_defaults,,,,,,False,,,False,False,False,False,,,315.605,,False,False,False,False,False,,,0.0,False,False,False,False,False,False,False,,,,state_original;major_city;latitude;longitude;region;distance_to_state_capital;city_tier;literacy_rate;median_age_estimate;income_bucket;internet_penetration_state;smartphone_penetration_state;district_population_numeric;district_population;sex_ratio
386,09976,09976,MILITARY POSTAL SERV,base_stub,,,queue_base_expansion,2,tabular_plus_nearest_defaults,,,,,,False,,,False,False,False,False,,,315.605,,False,False,False,False,False,,,0.0,False,False,False,False,False,False,False,,,,state_original;major_city;latitude;longitude;region;distance_to_state_capital;city_tier;literacy_rate;median_age_estimate;income_bucket;internet_penetration_state;smartphone_penetration_state;district_population_numeric;district_population;sex_ratio
387,09977,09977,MILITARY POSTAL SERV,base_stub,,,queue_base_expansion,2,tabular_plus_nearest_defaults,,,,,,False,,,False,False,False,False,,,315.605,,False,False,False,False,False,,,0.0,False,False,False,False,False,False,False,,,,state_original;major_city;latitude;longitude;region;distance_to_state_capital;city_tier;literacy_rate;median_age_estimate;income_bucket;internet_penetration_state;smartphone_penetration_state;district_population_numeric;district_population;sex_ratio
388,09980,09980,MILITARY POSTAL SERV,base_stub,,,queue_base_expansion,2,tabular_plus_nearest_defaults,,,,,,False,,,False,False,False,False,,,315.605,,False,False,False,False,False,,,0.0,False,False,False,False,False,False,False,,,,state_original;major_city;latitude;longitude;region;distance_to_state_capital;city_tier;literacy_rate;median_age_estimate;income_bucket;internet_penetration_state;smartphone_penetration_state;district_population_numeric;district_population;sex_ratio
389,09981,09981,MILITARY POSTAL SERV,base_stub,,,queue_base_expansion,2,tabular_plus_nearest_defaults,,,,,,False,,,False,False,False,False,,,315.605,,False,False,False,False,False,,,0.0,False,False,False,False,False,False,False,,,,state_original;major_city;latitude;longitude;region;distance_to_state_capital;city_tier;literacy_rate;median_age_estimate;income_bucket;internet_penetration_state;smartphone_penetration_state;district_population_numeric;district_population;sex_ratio
390,09982,09982,MILITARY POSTAL SERV,base_stub,,,queue_base_expansion,2,tabular_plus_nearest_defaults,,,,,,False,,,False,False,False,False,,,315.605,,False,False,False,False,False,,,0.0,False,False,False,False,False,False,False,,,,state_original;major_city;latitude;longitude;region;distance_to_state_capital;city_tier;literacy_rate;median_age_estimate;income_bucket;internet_penetration_state;smartphone_penetration_state;district_population_numeric;district_population;sex_ratio
391,09983,09983,MILITARY POSTAL SERV,base_stub,,,queue_base_expansion,2,tabular_plus_nearest_defaults,,,,,,False,,,False,False,False,False,,,315.605,,False,False,False,False,False,,,0.0,False,False,False,False,False,False,False,,,,state_original;major_city;latitude;longitude;region;distance_to_state_capital;city_tier;literacy_rate;median_age_estimate;income_bucket;internet_penetration_state;smartphone_penetration_state;district_population_numeric;district_population;sex_ratio
392,09984,09984,MILITARY POSTAL SERV,base_stub,,,queue_base_expansion,2,tabular_plus_nearest_defaults,,,,,,False,,,False,False,False,False,,,315.605,,False,False,False,False,False,,,0.0,False,False,False,False,False,False,False,,,,state_original;major_city;latitude;longitude;region;distance_to_state_capital;city_tier;literacy_rate;median_age_estimate;income_bucket;internet_penetration_state;smartphone_penetration_state;district_population_numeric;district_population;sex_ratio
393,11805,11805,NEW YORK,base_stub,,,queue_base_expansion,2,tabular_plus_nearest_defaults,,,,,,False,,,False,False,False,False,,,315.605,,False,False,False,False,False,,,0.0,False,False,False,False,False,False,False,,,,state_original;major_city;latitude;longitude;region;distance_to_state_capital;city_tier;literacy_rate;median_age_estimate;income_bucket;internet_penetration_state;smartphone_penetration_state;district_population_numeric;district_population;sex_ratio
394,18005,18005,DE-PA,base_stub,,,queue_base_expansion,2,tabular_plus_nearest_defaults,,,,,,False,,,False,False,False,False,,,315.605,,False,False,False,False,False,,,0.0,False,False,False,False,False,False,False,,,,state_original;major_city;latitude;longitude;region;distance_to_state_capital;city_tier;literacy_rate;median_age_estimate;income_bucket;internet_penetration_state;smartphone_penetration_state;district_population_numeric;district_population;sex_ratio
395,18768,18768,DE-PA,base_stub,,,queue_base_expansion,2,tabular_plus_nearest_defaults,,,,,,False,,,False,False,False,False,,,315.605,,False,False,False,False,False,,,0.0,False,False,False,False,False,False,False,,,,state_original;major_city;latitude;longitude;region;distance_to_state_capital;city_tier;literacy_rate;median_age_estimate;income_bucket;internet_penetration_state;smartphone_penetration_state;district_population_numeric;district_population;sex_ratio
396,34000,34000,MILITARY POSTAL SERV,base_stub,,,queue_base_expansion,2,tabular_plus_nearest_defaults,,,,,,False,,,False,False,False,False,,,315.605,,False,False,False,False,False,,,0.0,False,False,False,False,False,False,False,,,,state_original;major_city;latitude;longitude;region;distance_to_state_capital;city_tier;literacy_rate;median_age_estimate;income_bucket;internet_penetration_state;smartphone_penetration_state;district_population_numeric;district_population;sex_ratio
397,34001,34001,MILITARY POSTAL SERV,base_stub,,,queue_base_expansion,2,tabular_plus_nearest_defaults,,,,,,False,,,False,False,False,False,,,315.605,,False,False,False,False,False,,,0.0,False,False,False,False,False,False,False,,,,state_original;major_city;latitude;longitude;region;distance_to_state_capital;city_tier;literacy_rate;median_age_estimate;income_bucket;internet_penetration_state;smartphone_penetration_state;district_population_numeric;district_population;sex_ratio
398,34002,34002,MILITARY POSTAL SERV,base_enriched,00680,geonames|nearest:00680,queue_base_expansion,2,tabular_plus_nearest_defaults,,APO AA,8.9733,-79.5556,,False,,T3,False,False,False,False,17.867058631389842,45.8,315.605,L,False,False,False,False,False,82.28902371759514,83.49145063430777,75.13761720904577,False,False,False,False,False,False,False,31305.0,VS,89.45943546955442,state_original;region;distance_to_state_capital
399,34004,34004,MILITARY POSTAL SERV,base_enriched,00680,geonames|nearest:00680,queue_base_expansion,2,tabular_plus_nearest_defaults,,APO AA,9,-79.75,,False,,T3,False,False,False,False,17.867058631389842,45.8,315.605,L,False,False,False,False,False,82.28902371759514,83.49145063430777,75.13761720904577,False,False,False,False,False,False,False,31305.0,VS,89.45943546955442,state_original;region;distance_to_state_capital
400,34007,34007,MILITARY POSTAL SERV,base_enriched,00680,geonames|nearest:00680,queue_base_expansion,2,tabular_plus_nearest_defaults,,APO AA,8.9395,-79.5491,,False,,T3,False,False,False,False,17.867058631389842,45.8,315.605,L,False,False,False,False,False,82.28902371759514,83.49145063430777,75.13761720904577,False,False,False,False,False,False,False,31305.0,VS,89.45943546955442,state_original;region;distance_to_state_capital
401,34008,34008,MILITARY POSTAL SERV,base_enriched,00680,geonames|nearest:00680,queue_base_expansion,2,tabular_plus_nearest_defaults,,APO AA,9.3219,-79.8697,,False,,T3,False,False,False,False,17.867058631389842,45.8,315.605,L,False,False,False,False,False,82.28902371759514,83.49145063430777,75.13761720904577,False,False,False,False,False,False,False,31305.0,VS,89.45943546955442,state_original;region;distance_to_state_capital
402,34009,34009,MILITARY POSTAL SERV,base_enriched,00680,geonames|nearest:00680,queue_base_expansion,2,tabular_plus_nearest_defaults,,APO AA,8.9667,-79.55,,False,,T3,False,False,False,False,17.867058631389842,45.8,315.605,L,False,False,False,False,False,82.28902371759514,83.49145063430777,75.13761720904577,False,False,False,False,False,False,False,31305.0,VS,89.45943546955442,state_original;region;distance_to_state_capital
403,34010,34010,MILITARY POSTAL SERV,base_enriched,33040,geonames|nearest:33040,queue_base_expansion,2,tabular_plus_nearest_defaults,,APO AA,14.0818,-87.2068,,False,,T3,False,False,False,False,23.659829121453548,43.8,315.605,M,False,False,False,False,False,88.60985316316729,93.65308082887334,85.72251955537259,False,False,False,False,False,False,False,81860.0,VS,107.38117536876612,state_original;region;distance_to_state_capital
404,34011,34011,MILITARY POSTAL SERV,base_enriched,00680,geonames|nearest:00680,queue_base_expansion,2,tabular_plus_nearest_defaults,,APO AA,8.9667,-79.55,,False,,T3,False,False,False,False,17.867058631389842,45.8,315.605,L,False,False,False,False,False,82.28902371759514,83.49145063430777,75.13761720904577,False,False,False,False,False,False,False,31305.0,VS,89.45943546955442,state_original;region;distance_to_state_capital
405,34013,34013,MILITARY POSTAL SERV,base_stub,,,queue_base_expansion,2,tabular_plus_nearest_defaults,,,,,,False,,,False,False,False,False,,,315.605,,False,False,False,False,False,,,0.0,False,False,False,False,False,False,False,,,,state_original;major_city;latitude;longitude;region;distance_to_state_capital;city_tier;literacy_rate;median_age_estimate;income_bucket;internet_penetration_state;smartphone_penetration_state;district_population_numeric;district_population;sex_ratio
406,34020,34020,MILITARY POSTAL SERV,base_enriched,33040,geonames|nearest:33040,queue_base_expansion,2,tabular_plus_nearest_defaults,,APO AA,9.9333,-84.0833,,False,,T3,False,False,False,False,23.659829121453548,43.8,315.605,M,False,False,False,False,False,88.60985316316729,93.65308082887334,85.72251955537259,False,False,False,False,False,False,False,81860.0,VS,107.38117536876612,state_original;region;distance_to_state_capital
407,34021,34021,MILITARY POSTAL SERV,base_enriched,33040,geonames|nearest:33040,queue_base_expansion,2,tabular_plus_nearest_defaults,,APO AA,12.1328,-86.2504,,False,,T3,False,False,False,False,23.659829121453548,43.8,315.605,M,False,False,False,False,False,88.60985316316729,93.65308082887334,85.72251955537259,False,False,False,False,False,False,False,81860.0,VS,107.38117536876612,state_original;region;distance_to_state_capital
408,34022,34022,MILITARY POSTAL SERV,base_enriched,33040,geonames|nearest:33040,queue_base_expansion,2,tabular_plus_nearest_defaults,,APO AA,14.0818,-87.2068,,False,,T3,False,False,False,False,23.659829121453548,43.8,315.605,M,False,False,False,False,False,88.60985316316729,93.65308082887334,85.72251955537259,False,False,False,False,False,False,False,81860.0,VS,107.38117536876612,state_original;region;distance_to_state_capital
409,34023,34023,MILITARY POSTAL SERV,base_enriched,33040,geonames|nearest:33040,queue_base_expansion,2,tabular_plus_nearest_defaults,,APO AA,13.6894,-89.1872,,False,,T3,False,False,False,False,23.659829121453548,43.8,315.605,M,False,False,False,False,False,88.60985316316729,93.65308082887334,85.72251955537259,False,False,False,False,False,False,False,81860.0,VS,107.38117536876612,state_original;region;distance_to_state_capital
410,34024,34024,MILITARY POSTAL SERV,base_enriched,33040,geonames|nearest:33040,queue_base_expansion,2,tabular_plus_nearest_defaults,,APO AA,14.6407,-90.5133,,False,,T3,False,False,False,False,23.659829121453548,43.8,315.605,M,False,False,False,False,False,88.60985316316729,93.65308082887334,85.72251955537259,False,False,False,False,False,False,False,81860.0,VS,107.38117536876612,state_original;region;distance_to_state_capital
411,34025,34025,MILITARY POSTAL SERV,base_stub,,,queue_base_expansion,2,tabular_plus_nearest_defaults,,,,,,False,,,False,False,False,False,,,315.605,,False,False,False,False,False,,,0.0,False,False,False,False,False,False,False,,,,state_original;major_city;latitude;longitude;region;distance_to_state_capital;city_tier;literacy_rate;median_age_estimate;income_bucket;internet_penetration_state;smartphone_penetration_state;district_population_numeric;district_population;sex_ratio
412,34030,34030,MILITARY POSTAL SERV,base_enriched,00820,geonames|nearest:00820,queue_base_expansion,2,tabular_plus_nearest_defaults,,APO AA,-22.9114,-43.1737,,False,,T3,False,False,False,False,16.125730226321863,42.0,315.605,VH,False,False,False,False,False,89.65517241379311,89.29392324068229,15.0,False,False,False,False,False,False,False,68973.0,VS,99.51161548519343,state_original;region;distance_to_state_capital
413,34031,34031,MILITARY POSTAL SERV,base_enriched,00622,geonames|nearest:00622,queue_base_expansion,2,tabular_plus_nearest_defaults,,APO AA,-12.0432,-77.0282,,False,,T3,False,False,False,False,18.636213174445547,48.1,315.605,L,False,False,False,False,False,80.06756756756756,80.71253071253072,73.27641277641277,False,False,False,False,False,False,False,23035.0,VS,88.58267716535433,state_original;region;distance_to_state_capital
414,34032,34032,MILITARY POSTAL SERV,base_enriched,00840,geonames|nearest:00840,queue_base_expansion,2,tabular_plus_nearest_defaults,,APO AA,-16.5,-68.15,,False,,T3,False,False,False,False,16.125730226321863,42.0,315.605,VH,False,False,False,False,False,89.65517241379311,89.29392324068229,15.0,False,False,False,False,False,False,False,68973.0,VS,99.51161548519343,state_original;region;distance_to_state_capital
415,34033,34033,MILITARY POSTAL SERV,base_enriched,00840,geonames|nearest:00840,queue_base_expansion,2,tabular_plus_nearest_defaults,,APO AA,-33.4569,-70.6483,,False,,T3,False,False,False,False,16.125730226321863,42.0,315.605,VH,False,False,False,False,False,89.65517241379311,89.29392324068229,15.0,False,False,False,False,False,False,False,68973.0,VS,99.51161548519343,state_original;region;distance_to_state_capital
416,34034,34034,MILITARY POSTAL SERV,base_enriched,00850,geonames|nearest:00850,queue_base_expansion,2,tabular_plus_nearest_defaults,,APO AA,-34.6131,-58.3772,,False,,T3,False,False,False,False,16.125730226321863,42.0,315.605,VH,False,False,False,False,False,89.65517241379311,89.29392324068229,15.0,False,False,False,False,False,False,False,68973.0,VS,99.51161548519343,state_original;region;distance_to_state_capital
417,34035,34035,MILITARY POSTAL SERV,base_enriched,00820,geonames|nearest:00820,queue_base_expansion,2,tabular_plus_nearest_defaults,,APO AA,-34.9033,-56.1882,,False,,T3,False,False,False,False,16.125730226321863,42.0,315.605,VH,False,False,False,False,False,89.65517241379311,89.29392324068229,15.0,False,False,False,False,False,False,False,68973.0,VS,99.51161548519343,state_original;region;distance_to_state_capital
418,34036,34036,MILITARY POSTAL SERV,base_enriched,00820,geonames|nearest:00820,queue_base_expansion,2,tabular_plus_nearest_defaults,,APO AA,-25.3007,-57.6359,,False,,T3,False,False,False,False,16.125730226321863,42.0,315.605,VH,False,False,False,False,False,89.65517241379311,89.29392324068229,15.0,False,False,False,False,False,False,False,68973.0,VS,99.51161548519343,state_original;region;distance_to_state_capital
419,34037,34037,MILITARY POSTAL SERV,base_enriched,00647,geonames|nearest:00647,queue_base_expansion,2,tabular_plus_nearest_defaults,,APO AA,10.488,-66.8792,,False,,T3,False,False,False,False,12.190535882168598,45.1,315.605,L,False,False,False,False,False,72.88676236044657,72.67410951621478,67.5906432748538,False,False,False,False,False,False,False,12855.0,VS,92.72165857962064,state_original;region;distance_to_state_capital
420,34038,34038,MILITARY POSTAL SERV,base_enriched,00622,geonames|nearest:00622,queue_base_expansion,2,tabular_plus_nearest_defaults,,APO AA,4.6097,-74.0818,,False,,T3,False,False,False,False,18.636213174445547,48.1,315.605,L,False,False,False,False,False,80.06756756756756,80.71253071253072,73.27641277641277,False,False,False,False,False,False,False,23035.0,VS,88.58267716535433,state_original;region;distance_to_state_capital
421,34039,34039,MILITARY POSTAL SERV,base_enriched,00622,geonames|nearest:00622,queue_base_expansion,2,tabular_plus_nearest_defaults,,APO AA,-0.2299,-78.525,,False,,T3,False,False,False,False,18.636213174445547,48.1,315.605,L,False,False,False,False,False,80.06756756756756,80.71253071253072,73.27641277641277,False,False,False,False,False,False,False,23035.0,VS,88.58267716535433,state_original;region;distance_to_state_capital
422,34041,34041,MILITARY POSTAL SERV,base_enriched,00680,geonames|nearest:00680,queue_base_expansion,2,tabular_plus_nearest_defaults,,APO AA,18.5001,-69.9886,,False,,T3,False,False,False,False,17.867058631389842,45.8,315.605,L,False,False,False,False,False,82.28902371759514,83.49145063430777,75.13761720904577,False,False,False,False,False,False,False,31305.0,VS,89.45943546955442,state_original;region;distance_to_state_capital
423,34042,34042,MILITARY POSTAL SERV,base_enriched,33040,geonames|nearest:33040,queue_base_expansion,2,tabular_plus_nearest_defaults,,APO AA,14.3824,-87.6212,,False,,T3,False,False,False,False,23.659829121453548,43.8,315.605,M,False,False,False,False,False,88.60985316316729,93.65308082887334,85.72251955537259,False,False,False,False,False,False,False,81860.0,VS,107.38117536876612,state_original;region;distance_to_state_capital
424,34050,34050,MILITARY POSTAL SERV,base_enriched,00603,geonames|nearest:00603,queue_base_expansion,2,tabular_plus_nearest_defaults,,FPO AA,18.4786,-67.1688,,False,,T3,False,False,False,False,18.42314985297755,46.1,315.605,L,False,False,False,False,False,84.10411802692364,80.16491977547066,74.69936913218419,False,False,False,False,False,False,False,37758.0,VS,91.03347659792594,state_original;region;distance_to_state_capital
425,34055,34055,MILITARY POSTAL SERV,base_stub,,,queue_base_expansion,2,tabular_plus_nearest_defaults,,,,,,False,,,False,False,False,False,,,315.605,,False,False,False,False,False,,,0.0,False,False,False,False,False,False,False,,,,state_original;major_city;latitude;longitude;region;distance_to_state_capital;city_tier;literacy_rate;median_age_estimate;income_bucket;internet_penetration_state;smartphone_penetration_state;district_population_numeric;district_population;sex_ratio
426,34058,34058,MILITARY POSTAL SERV,base_enriched,33037,geonames|nearest:33037,queue_base_expansion,2,tabular_plus_nearest_defaults,,FPO AA,24.4333,-77.95,,False,,T3,False,False,False,False,24.942772361169983,53.2,315.605,M,False,False,False,False,False,88.36100608252508,93.0461943120171,85.41057044221601,False,False,False,False,False,False,False,81860.0,VS,101.80352507173112,state_original;region;distance_to_state_capital
427,34060,34060,MILITARY POSTAL SERV,base_enriched,00680,geonames|nearest:00680,queue_base_expansion,2,tabular_plus_nearest_defaults,,FPO AA,9.4008,-79.8697,,False,,T3,False,False,False,False,17.867058631389842,45.8,315.605,L,False,False,False,False,False,82.28902371759514,83.49145063430777,75.13761720904577,False,False,False,False,False,False,False,31305.0,VS,89.45943546955442,state_original;region;distance_to_state_capital
428,34061,34061,MILITARY POSTAL SERV,base_enriched,00680,geonames|nearest:00680,queue_base_expansion,2,tabular_plus_nearest_defaults,,FPO AA,8.95,-79.5833,,False,,T3,False,False,False,False,17.867058631389842,45.8,315.605,L,False,False,False,False,False,82.28902371759514,83.49145063430777,75.13761720904577,False,False,False,False,False,False,False,31305.0,VS,89.45943546955442,state_original;region;distance_to_state_capital
429,34066,34066,MILITARY POSTAL SERV,base_stub,,,queue_base_expansion,2,tabular_plus_nearest_defaults,,,,,,False,,,False,False,False,False,,,315.605,,False,False,False,False,False,,,0.0,False,False,False,False,False,False,False,,,,state_original;major_city;latitude;longitude;region;distance_to_state_capital;city_tier;literacy_rate;median_age_estimate;income_bucket;internet_penetration_state;smartphone_penetration_state;district_population_numeric;district_population;sex_ratio
430,34067,34067,MILITARY POSTAL SERV,base_stub,,,queue_base_expansion,2,tabular_plus_nearest_defaults,,,,,,False,,,False,False,False,False,,,315.605,,False,False,False,False,False,,,0.0,False,False,False,False,False,False,False,,,,state_original;major_city;latitude;longitude;region;distance_to_state_capital;city_tier;literacy_rate;median_age_estimate;income_bucket;internet_penetration_state;smartphone_penetration_state;district_population_numeric;district_population;sex_ratio
431,34068,34068,MILITARY POSTAL SERV,base_stub,,,queue_base_expansion,2,tabular_plus_nearest_defaults,,,,,,False,,,False,False,False,False,,,315.605,,False,False,False,False,False,,,0.0,False,False,False,False,False,False,False,,,,state_original;major_city;latitude;longitude;region;distance_to_state_capital;city_tier;literacy_rate;median_age_estimate;income_bucket;internet_penetration_state;smartphone_penetration_state;district_population_numeric;district_population;sex_ratio
432,34069,34069,MILITARY POSTAL SERV,base_stub,,,queue_base_expansion,2,tabular_plus_nearest_defaults,,,,,,False,,,False,False,False,False,,,315.605,,False,False,False,False,False,,,0.0,False,False,False,False,False,False,False,,,,state_original;major_city;latitude;longitude;region;distance_to_state_capital;city_tier;literacy_rate;median_age_estimate;income_bucket;internet_penetration_state;smartphone_penetration_state;district_population_numeric;district_population;sex_ratio
433,34070,34070,MILITARY POSTAL SERV,base_stub,,,queue_base_expansion,2,tabular_plus_nearest_defaults,,,,,,False,,,False,False,False,False,,,315.605,,False,False,False,False,False,,,0.0,False,False,False,False,False,False,False,,,,state_original;major_city;latitude;longitude;region;distance_to_state_capital;city_tier;literacy_rate;median_age_estimate;income_bucket;internet_penetration_state;smartphone_penetration_state;district_population_numeric;district_population;sex_ratio
434,34071,34071,MILITARY POSTAL SERV,base_stub,,,queue_base_expansion,2,tabular_plus_nearest_defaults,,,,,,False,,,False,False,False,False,,,315.605,,False,False,False,False,False,,,0.0,False,False,False,False,False,False,False,,,,state_original;major_city;latitude;longitude;region;distance_to_state_capital;city_tier;literacy_rate;median_age_estimate;income_bucket;internet_penetration_state;smartphone_penetration_state;district_population_numeric;district_population;sex_ratio
435,34072,34072,MILITARY POSTAL SERV,base_stub,,,queue_base_expansion,2,tabular_plus_nearest_defaults,,,,,,False,,,False,False,False,False,,,315.605,,False,False,False,False,False,,,0.0,False,False,False,False,False,False,False,,,,state_original;major_city;latitude;longitude;region;distance_to_state_capital;city_tier;literacy_rate;median_age_estimate;income_bucket;internet_penetration_state;smartphone_penetration_state;district_population_numeric;district_population;sex_ratio
436,34073,34073,MILITARY POSTAL SERV,base_stub,,,queue_base_expansion,2,tabular_plus_nearest_defaults,,,,,,False,,,False,False,False,False,,,315.605,,False,False,False,False,False,,,0.0,False,False,False,False,False,False,False,,,,state_original;major_city;latitude;longitude;region;distance_to_state_capital;city_tier;literacy_rate;median_age_estimate;income_bucket;internet_penetration_state;smartphone_penetration_state;district_population_numeric;district_population;sex_ratio
437,34078,34078,MILITARY POSTAL SERV,base_stub,,,queue_base_expansion,2,tabular_plus_nearest_defaults,,,,,,False,,,False,False,False,False,,,315.605,,False,False,False,False,False,,,0.0,False,False,False,False,False,False,False,,,,state_original;major_city;latitude;longitude;region;distance_to_state_capital;city_tier;literacy_rate;median_age_estimate;income_bucket;internet_penetration_state;smartphone_penetration_state;district_population_numeric;district_population;sex_ratio
438,34080,34080,MILITARY POSTAL SERV,base_stub,,,queue_base_expansion,2,tabular_plus_nearest_defaults,,,,,,False,,,False,False,False,False,,,315.605,,False,False,False,False,False,,,0.0,False,False,False,False,False,False,False,,,,state_original;major_city;latitude;longitude;region;distance_to_state_capital;city_tier;literacy_rate;median_age_estimate;income_bucket;internet_penetration_state;smartphone_penetration_state;district_population_numeric;district_population;sex_ratio
439,34081,34081,MILITARY POSTAL SERV,base_stub,,,queue_base_expansion,2,tabular_plus_nearest_defaults,,,,,,False,,,False,False,False,False,,,315.605,,False,False,False,False,False,,,0.0,False,False,False,False,False,False,False,,,,state_original;major_city;latitude;longitude;region;distance_to_state_capital;city_tier;literacy_rate;median_age_estimate;income_bucket;internet_penetration_state;smartphone_penetration_state;district_population_numeric;district_population;sex_ratio
440,34082,34082,MILITARY POSTAL SERV,base_stub,,,queue_base_expansion,2,tabular_plus_nearest_defaults,,,,,,False,,,False,False,False,False,,,315.605,,False,False,False,False,False,,,0.0,False,False,False,False,False,False,False,,,,state_original;major_city;latitude;longitude;region;distance_to_state_capital;city_tier;literacy_rate;median_age_estimate;income_bucket;internet_penetration_state;smartphone_penetration_state;district_population_numeric;district_population;sex_ratio
441,34083,34083,MILITARY POSTAL SERV,base_stub,,,queue_base_expansion,2,tabular_plus_nearest_defaults,,,,,,False,,,False,False,False,False,,,315.605,,False,False,False,False,False,,,0.0,False,False,False,False,False,False,False,,,,state_original;major_city;latitude;longitude;region;distance_to_state_capital;city_tier;literacy_rate;median_age_estimate;income_bucket;internet_penetration_state;smartphone_penetration_state;district_population_numeric;district_population;sex_ratio
442,34084,34084,MILITARY POSTAL SERV,base_stub,,,queue_base_expansion,2,tabular_plus_nearest_defaults,,,,,,False,,,False,False,False,False,,,315.605,,False,False,False,False,False,,,0.0,False,False,False,False,False,False,False,,,,state_original;major_city;latitude;longitude;region;distance_to_state_capital;city_tier;literacy_rate;median_age_estimate;income_bucket;internet_penetration_state;smartphone_penetration_state;district_population_numeric;district_population;sex_ratio
443,34085,34085,MILITARY POSTAL SERV,base_stub,,,queue_base_expansion,2,tabular_plus_nearest_defaults,,,,,,False,,,False,False,False,False,,,315.605,,False,False,False,False,False,,,0.0,False,False,False,False,False,False,False,,,,state_original;major_city;latitude;longitude;region;distance_to_state_capital;city_tier;literacy_rate;median_age_estimate;income_bucket;internet_penetration_state;smartphone_penetration_state;district_population_numeric;district_population;sex_ratio
444,34086,34086,MILITARY POSTAL SERV,base_stub,,,queue_base_expansion,2,tabular_plus_nearest_defaults,,,,,,False,,,False,False,False,False,,,315.605,,False,False,False,False,False,,,0.0,False,False,False,False,False,False,False,,,,state_original;major_city;latitude;longitude;region;distance_to_state_capital;city_tier;literacy_rate;median_age_estimate;income_bucket;internet_penetration_state;smartphone_penetration_state;district_population_numeric;district_population;sex_ratio
445,34087,34087,MILITARY POSTAL SERV,base_stub,,,queue_base_expansion,2,tabular_plus_nearest_defaults,,,,,,False,,,False,False,False,False,,,315.605,,False,False,False,False,False,,,0.0,False,False,False,False,False,False,False,,,,state_original;major_city;latitude;longitude;region;distance_to_state_capital;city_tier;literacy_rate;median_age_estimate;income_bucket;internet_penetration_state;smartphone_penetration_state;district_population_numeric;district_population;sex_ratio
446,34088,34088,MILITARY POSTAL SERV,base_stub,,,queue_base_expansion,2,tabular_plus_nearest_defaults,,,,,,False,,,False,False,False,False,,,315.605,,False,False,False,False,False,,,0.0,False,False,False,False,False,False,False,,,,state_original;major_city;latitude;longitude;region;distance_to_state_capital;city_tier;literacy_rate;median_age_estimate;income_bucket;internet_penetration_state;smartphone_penetration_state;district_population_numeric;district_population;sex_ratio
447,34089,34089,MILITARY POSTAL SERV,base_stub,,,queue_base_expansion,2,tabular_plus_nearest_defaults,,,,,,False,,,False,False,False,False,,,315.605,,False,False,False,False,False,,,0.0,False,False,False,False,False,False,False,,,,state_original;major_city;latitude;longitude;region;distance_to_state_capital;city_tier;literacy_rate;median_age_estimate;income_bucket;internet_penetration_state;smartphone_penetration_state;district_population_numeric;district_population;sex_ratio
448,34090,34090,MILITARY POSTAL SERV,base_stub,,,queue_base_expansion,2,tabular_plus_nearest_defaults,,,,,,False,,,False,False,False,False,,,315.605,,False,False,False,False,False,,,0.0,False,False,False,False,False,False,False,,,,state_original;major_city;latitude;longitude;region;distance_to_state_capital;city_tier;literacy_rate;median_age_estimate;income_bucket;internet_penetration_state;smartphone_penetration_state;district_population_numeric;district_population;sex_ratio
449,34091,34091,MILITARY POSTAL SERV,base_stub,,,queue_base_expansion,2,tabular_plus_nearest_defaults,,,,,,False,,,False,False,False,False,,,315.605,,False,False,False,False,False,,,0.0,False,False,False,False,False,False,False,,,,state_original;major_city;latitude;longitude;region;distance_to_state_capital;city_tier;literacy_rate;median_age_estimate;income_bucket;internet_penetration_state;smartphone_penetration_state;district_population_numeric;district_population;sex_ratio
450,34092,34092,MILITARY POSTAL SERV,base_stub,,,queue_base_expansion,2,tabular_plus_nearest_defaults,,,,,,False,,,False,False,False,False,,,315.605,,False,False,False,False,False,,,0.0,False,False,False,False,False,False,False,,,,state_original;major_city;latitude;longitude;region;distance_to_state_capital;city_tier;literacy_rate;median_age_estimate;income_bucket;internet_penetration_state;smartphone_penetration_state;district_population_numeric;district_population;sex_ratio
451,34093,34093,MILITARY POSTAL SERV,base_stub,,,queue_base_expansion,2,tabular_plus_nearest_defaults,,,,,,False,,,False,False,False,False,,,315.605,,False,False,False,False,False,,,0.0,False,False,False,False,False,False,False,,,,state_original;major_city;latitude;longitude;region;distance_to_state_capital;city_tier;literacy_rate;median_age_estimate;income_bucket;internet_penetration_state;smartphone_penetration_state;district_population_numeric;district_population;sex_ratio
452,34094,34094,MILITARY POSTAL SERV,base_stub,,,queue_base_expansion,2,tabular_plus_nearest_defaults,,,,,,False,,,False,False,False,False,,,315.605,,False,False,False,False,False,,,0.0,False,False,False,False,False,False,False,,,,state_original;major_city;latitude;longitude;region;distance_to_state_capital;city_tier;literacy_rate;median_age_estimate;income_bucket;internet_penetration_state;smartphone_penetration_state;district_population_numeric;district_population;sex_ratio
453,34095,34095,MILITARY POSTAL SERV,base_stub,,,queue_base_expansion,2,tabular_plus_nearest_defaults,,,,,,False,,,False,False,False,False,,,315.605,,False,False,False,False,False,,,0.0,False,False,False,False,False,False,False,,,,state_original;major_city;latitude;longitude;region;distance_to_state_capital;city_tier;literacy_rate;median_age_estimate;income_bucket;internet_penetration_state;smartphone_penetration_state;district_population_numeric;district_population;sex_ratio
454,43165,43165,OHIO,base_stub,,,queue_base_expansion,2,tabular_plus_nearest_defaults,,,,,,False,,,False,False,False,False,,,315.605,,False,False,False,False,False,,,0.0,False,False,False,False,False,False,False,,,,state_original;major_city;latitude;longitude;region;distance_to_state_capital;city_tier;literacy_rate;median_age_estimate;income_bucket;internet_penetration_state;smartphone_penetration_state;district_population_numeric;district_population;sex_ratio
455,46245,46245,INDIANA,base_stub,,,queue_base_expansion,2,tabular_plus_nearest_defaults,,,,,,False,,,False,False,False,False,,,315.605,,False,False,False,False,False,,,0.0,False,False,False,False,False,False,False,,,,state_original;major_city;latitude;longitude;region;distance_to_state_capital;city_tier;literacy_rate;median_age_estimate;income_bucket;internet_penetration_state;smartphone_penetration_state;district_population_numeric;district_population;sex_ratio
456,48055,48055,MICHIGAN,base_stub,,,queue_base_expansion,2,tabular_plus_nearest_defaults,,,,,,False,,,False,False,False,False,,,315.605,,False,False,False,False,False,,,0.0,False,False,False,False,False,False,False,,,,state_original;major_city;latitude;longitude;region;distance_to_state_capital;city_tier;literacy_rate;median_age_estimate;income_bucket;internet_penetration_state;smartphone_penetration_state;district_population_numeric;district_population;sex_ratio
457,56902,56902,HEADQUARTERS,base_enriched,,hrsa,queue_base_expansion,2,tabular_plus_nearest_defaults,DC,Parcel Return Service,,,S,False,,T2,False,False,False,False,25.8984375,34.9,315.605,H,False,False,False,False,False,93.92650992538364,95.0979307292243,82.85487972538196,False,False,False,False,False,False,False,681294.0,M,96.03166649964926,latitude;longitude;distance_to_state_capital
458,56904,56904,HEADQUARTERS,base_enriched,,hrsa,queue_base_expansion,2,tabular_plus_nearest_defaults,DC,Parcel Return Service,,,S,False,,T2,False,False,False,False,25.8984375,34.9,315.605,H,False,False,False,False,False,93.92650992538364,95.0979307292243,82.85487972538196,False,False,False,False,False,False,False,681294.0,M,96.03166649964926,latitude;longitude;distance_to_state_capital
459,56908,56908,HEADQUARTERS,base_enriched,,hrsa,queue_base_expansion,2,tabular_plus_nearest_defaults,DC,Parcel Return Service,,,S,False,,T2,False,False,False,False,25.8984375,34.9,315.605,H,False,False,False,False,False,93.92650992538364,95.0979307292243,82.85487972538196,False,False,False,False,False,False,False,681294.0,M,96.03166649964926,latitude;longitude;distance_to_state_capital
460,56935,56935,HEADQUARTERS,base_enriched,,hrsa,queue_base_expansion,2,tabular_plus_nearest_defaults,DC,Parcel Return Service,,,S,False,,T2,False,False,False,False,25.8984375,34.9,315.605,H,False,False,False,False,False,93.92650992538364,95.0979307292243,82.85487972538196,False,False,False,False,False,False,False,681294.0,M,96.03166649964926,latitude;longitude;distance_to_state_capital
461,56945,56945,HEADQUARTERS,base_enriched,,hrsa,queue_base_expansion,2,tabular_plus_nearest_defaults,DC,Parcel Return Service,,,S,False,,T2,False,False,False,False,25.8984375,34.9,315.605,H,False,False,False,False,False,93.92650992538364,95.0979307292243,82.85487972538196,False,False,False,False,False,False,False,681294.0,M,96.03166649964926,latitude;longitude;distance_to_state_capital
462,56963,56963,HEADQUARTERS,base_stub,,,queue_base_expansion,2,tabular_plus_nearest_defaults,,,,,,False,,,False,False,False,False,,,315.605,,False,False,False,False,False,,,0.0,False,False,False,False,False,False,False,,,,state_original;major_city;latitude;longitude;region;distance_to_state_capital;city_tier;literacy_rate;median_age_estimate;income_bucket;internet_penetration_state;smartphone_penetration_state;district_population_numeric;district_population;sex_ratio
463,56964,56964,HEADQUARTERS,base_enriched,,hrsa,queue_base_expansion,2,tabular_plus_nearest_defaults,DC,Parcel Return Service,,,S,False,,T2,False,False,False,False,25.8984375,34.9,315.605,H,False,False,False,False,False,93.92650992538364,95.0979307292243,82.85487972538196,False,False,False,False,False,False,False,681294.0,M,96.03166649964926,latitude;longitude;distance_to_state_capital
464,56965,56965,HEADQUARTERS,base_enriched,,hrsa,queue_base_expansion,2,tabular_plus_nearest_defaults,DC,Parcel Return Service,,,S,False,,T2,False,False,False,False,25.8984375,34.9,315.605,H,False,False,False,False,False,93.92650992538364,95.0979307292243,82.85487972538196,False,False,False,False,False,False,False,681294.0,M,96.03166649964926,latitude;longitude;distance_to_state_capital
465,56966,56966,HEADQUARTERS,base_enriched,,hrsa,queue_base_expansion,2,tabular_plus_nearest_defaults,DC,Parcel Return Service,,,S,False,,T2,False,False,False,False,25.8984375,34.9,315.605,H,False,False,False,False,False,93.92650992538364,95.0979307292243,82.85487972538196,False,False,False,False,False,False,False,681294.0,M,96.03166649964926,latitude;longitude;distance_to_state_capital
466,56967,56967,HEADQUARTERS,base_enriched,,hrsa,queue_base_expansion,2,tabular_plus_nearest_defaults,DC,Parcel Return Service,,,S,False,,T2,False,False,False,False,25.8984375,34.9,315.605,H,False,False,False,False,False,93.92650992538364,95.0979307292243,82.85487972538196,False,False,False,False,False,False,False,681294.0,M,96.03166649964926,latitude;longitude;distance_to_state_capital
467,56968,56968,HEADQUARTERS,base_enriched,,hrsa,queue_base_expansion,2,tabular_plus_nearest_defaults,DC,Parcel Return Service,,,S,False,,T2,False,False,False,False,25.8984375,34.9,315.605,H,False,False,False,False,False,93.92650992538364,95.0979307292243,82.85487972538196,False,False,False,False,False,False,False,681294.0,M,96.03166649964926,latitude;longitude;distance_to_state_capital
468,56969,56969,HEADQUARTERS,base_enriched,,hrsa,queue_base_expansion,2,tabular_plus_nearest_defaults,DC,Parcel Return Service,,,S,False,,T2,False,False,False,False,25.8984375,34.9,315.605,H,False,False,False,False,False,93.92650992538364,95.0979307292243,82.85487972538196,False,False,False,False,False,False,False,681294.0,M,96.03166649964926,latitude;longitude;distance_to_state_capital
469,56970,56970,HEADQUARTERS,base_enriched,,hrsa,queue_base_expansion,2,tabular_plus_nearest_defaults,DC,Parcel Return Service,,,S,False,,T2,False,False,False,False,25.8984375,34.9,315.605,H,False,False,False,False,False,93.92650992538364,95.0979307292243,82.85487972538196,False,False,False,False,False,False,False,681294.0,M,96.03166649964926,latitude;longitude;distance_to_state_capital
470,56971,56971,HEADQUARTERS,base_enriched,,hrsa,queue_base_expansion,2,tabular_plus_nearest_defaults,DC,Parcel Return Service,,,S,False,,T2,False,False,False,False,25.8984375,34.9,315.605,H,False,False,False,False,False,93.92650992538364,95.0979307292243,82.85487972538196,False,False,False,False,False,False,False,681294.0,M,96.03166649964926,latitude;longitude;distance_to_state_capital
471,56973,56973,HEADQUARTERS,base_enriched,,hrsa,queue_base_expansion,2,tabular_plus_nearest_defaults,DC,Parcel Return Service,,,S,False,,T2,False,False,False,False,25.8984375,34.9,315.605,H,False,False,False,False,False,93.92650992538364,95.0979307292243,82.85487972538196,False,False,False,False,False,False,False,681294.0,M,96.03166649964926,latitude;longitude;distance_to_state_capital
472,56980,56980,HEADQUARTERS,base_enriched,,hrsa,queue_base_expansion,2,tabular_plus_nearest_defaults,DC,Parcel Return Service,,,S,False,,T2,False,False,False,False,25.8984375,34.9,315.605,H,False,False,False,False,False,93.92650992538364,95.0979307292243,82.85487972538196,False,False,False,False,False,False,False,681294.0,M,96.03166649964926,latitude;longitude;distance_to_state_capital
473,56981,56981,HEADQUARTERS,base_enriched,,hrsa,queue_base_expansion,2,tabular_plus_nearest_defaults,DC,Parcel Return Service,,,S,False,,T2,False,False,False,False,25.8984375,34.9,315.605,H,False,False,False,False,False,93.92650992538364,95.0979307292243,82.85487972538196,False,False,False,False,False,False,False,681294.0,M,96.03166649964926,latitude;longitude;distance_to_state_capital
474,56982,56982,HEADQUARTERS,base_enriched,,hrsa,queue_base_expansion,2,tabular_plus_nearest_defaults,DC,Parcel Return Service,,,S,False,,T2,False,False,False,False,25.8984375,34.9,315.605,H,False,False,False,False,False,93.92650992538364,95.0979307292243,82.85487972538196,False,False,False,False,False,False,False,681294.0,M,96.03166649964926,latitude;longitude;distance_to_state_capital
475,56983,56983,HEADQUARTERS,base_enriched,,hrsa,queue_base_expansion,2,tabular_plus_nearest_defaults,DC,Parcel Return Service,,,S,False,,T2,False,False,False,False,25.8984375,34.9,315.605,H,False,False,False,False,False,93.92650992538364,95.0979307292243,82.85487972538196,False,False,False,False,False,False,False,681294.0,M,96.03166649964926,latitude;longitude;distance_to_state_capital
476,56984,56984,HEADQUARTERS,base_enriched,,hrsa,queue_base_expansion,2,tabular_plus_nearest_defaults,DC,Parcel Return Service,,,S,False,,T2,False,False,False,False,25.8984375,34.9,315.605,H,False,False,False,False,False,93.92650992538364,95.0979307292243,82.85487972538196,False,False,False,False,False,False,False,681294.0,M,96.03166649964926,latitude;longitude;distance_to_state_capital
477,56985,56985,HEADQUARTERS,base_enriched,,hrsa,queue_base_expansion,2,tabular_plus_nearest_defaults,DC,Parcel Return Service,,,S,False,,T2,False,False,False,False,25.8984375,34.9,315.605,H,False,False,False,False,False,93.92650992538364,95.0979307292243,82.85487972538196,False,False,False,False,False,False,False,681294.0,M,96.03166649964926,latitude;longitude;distance_to_state_capital
478,56998,56998,HEADQUARTERS,base_enriched,,hrsa,queue_base_expansion,2,tabular_plus_nearest_defaults,DC,Parcel Return Service,,,S,False,,T2,False,False,False,False,25.8984375,34.9,315.605,H,False,False,False,False,False,93.92650992538364,95.0979307292243,82.85487972538196,False,False,False,False,False,False,False,681294.0,M,96.03166649964926,latitude;longitude;distance_to_state_capital
479,56999,56999,HEADQUARTERS,base_enriched,,hrsa,queue_base_expansion,2,tabular_plus_nearest_defaults,DC,Parcel Return Service,,,S,False,,T2,False,False,False,False,25.8984375,34.9,315.605,H,False,False,False,False,False,93.92650992538364,95.0979307292243,82.85487972538196,False,False,False,False,False,False,False,681294.0,M,96.03166649964926,latitude;longitude;distance_to_state_capital
480,77352,77352,TEXAS,base_stub,,,queue_base_expansion,2,tabular_plus_nearest_defaults,,,,,,False,,,False,False,False,False,,,315.605,,False,False,False,False,False,,,0.0,False,False,False,False,False,False,False,,,,state_original;major_city;latitude;longitude;region;distance_to_state_capital;city_tier;literacy_rate;median_age_estimate;income_bucket;internet_penetration_state;smartphone_penetration_state;district_population_numeric;district_population;sex_ratio
481,88888,88888,HEADQUARTERS,base_enriched,,hrsa,queue_base_expansion,2,tabular_plus_nearest_defaults,DC,North Pole,,,S,False,,T2,False,False,False,False,25.8984375,34.9,315.605,H,False,False,False,False,False,93.92650992538364,95.0979307292243,82.85487972538196,False,False,False,False,False,False,False,681294.0,M,96.03166649964926,latitude;longitude;distance_to_state_capital
482,90140,90140,CALIFORNIA,base_stub,,,queue_base_expansion,2,tabular_plus_nearest_defaults,,,,,,False,,,False,False,False,False,,,315.605,,False,False,False,False,False,,,0.0,False,False,False,False,False,False,False,,,,state_original;major_city;latitude;longitude;region;distance_to_state_capital;city_tier;literacy_rate;median_age_estimate;income_bucket;internet_penetration_state;smartphone_penetration_state;district_population_numeric;district_population;sex_ratio
483,90205,90205,CALIFORNIA,base_stub,,,queue_base_expansion,2,tabular_plus_nearest_defaults,,,,,,False,,,False,False,False,False,,,315.605,,False,False,False,False,False,,,0.0,False,False,False,False,False,False,False,,,,state_original;major_city;latitude;longitude;region;distance_to_state_capital;city_tier;literacy_rate;median_age_estimate;income_bucket;internet_penetration_state;smartphone_penetration_state;district_population_numeric;district_population;sex_ratio
484,96200,96200,MILITARY POSTAL SERV,base_stub,,,queue_base_expansion,2,tabular_plus_nearest_defaults,,,,,,False,,,False,False,False,False,,,315.605,,False,False,False,False,False,,,0.0,False,False,False,False,False,False,False,,,,state_original;major_city;latitude;longitude;region;distance_to_state_capital;city_tier;literacy_rate;median_age_estimate;income_bucket;internet_penetration_state;smartphone_penetration_state;district_population_numeric;district_population;sex_ratio
485,96201,96201,MILITARY POSTAL SERV,base_enriched,96950,geonames|nearest:96950,queue_base_expansion,2,tabular_plus_nearest_defaults,,APO AA,34.7167,128.5833,,False,,T3,False,False,False,False,16.125730226321863,42.0,315.605,VH,False,False,False,False,False,89.65517241379311,89.29392324068229,15.0,False,False,False,False,False,False,False,68973.0,VS,99.51161548519343,state_original;region;distance_to_state_capital
486,96202,96202,MILITARY POSTAL SERV,base_enriched,96950,geonames|nearest:96950,queue_base_expansion,2,tabular_plus_nearest_defaults,,APO AA,34.7167,128.5833,,False,,T3,False,False,False,False,16.125730226321863,42.0,315.605,VH,False,False,False,False,False,89.65517241379311,89.29392324068229,15.0,False,False,False,False,False,False,False,68973.0,VS,99.51161548519343,state_original;region;distance_to_state_capital
487,96204,96204,MILITARY POSTAL SERV,base_enriched,96950,geonames|nearest:96950,queue_base_expansion,2,tabular_plus_nearest_defaults,,APO AA,37.5339,126.9775,,False,,T3,False,False,False,False,16.125730226321863,42.0,315.605,VH,False,False,False,False,False,89.65517241379311,89.29392324068229,15.0,False,False,False,False,False,False,False,68973.0,VS,99.51161548519343,state_original;region;distance_to_state_capital
488,96205,96205,MILITARY POSTAL SERV,base_enriched,96950,geonames|nearest:96950,queue_base_expansion,2,tabular_plus_nearest_defaults,,APO AA,37.5339,126.9775,,False,,T3,False,False,False,False,16.125730226321863,42.0,315.605,VH,False,False,False,False,False,89.65517241379311,89.29392324068229,15.0,False,False,False,False,False,False,False,68973.0,VS,99.51161548519343,state_original;region;distance_to_state_capital
489,96206,96206,MILITARY POSTAL SERV,base_enriched,96950,geonames|nearest:96950,queue_base_expansion,2,tabular_plus_nearest_defaults,,APO AA,37.5339,126.9775,,False,,T3,False,False,False,False,16.125730226321863,42.0,315.605,VH,False,False,False,False,False,89.65517241379311,89.29392324068229,15.0,False,False,False,False,False,False,False,68973.0,VS,99.51161548519343,state_original;region;distance_to_state_capital
490,96208,96208,MILITARY POSTAL SERV,base_enriched,96950,geonames|nearest:96950,queue_base_expansion,2,tabular_plus_nearest_defaults,,APO AA,37.8747,127.7342,,False,,T3,False,False,False,False,16.125730226321863,42.0,315.605,VH,False,False,False,False,False,89.65517241379311,89.29392324068229,15.0,False,False,False,False,False,False,False,68973.0,VS,99.51161548519343,state_original;region;distance_to_state_capital
491,96209,96209,MILITARY POSTAL SERV,base_stub,,,queue_base_expansion,2,tabular_plus_nearest_defaults,,,,,,False,,,False,False,False,False,,,315.605,,False,False,False,False,False,,,0.0,False,False,False,False,False,False,False,,,,state_original;major_city;latitude;longitude;region;distance_to_state_capital;city_tier;literacy_rate;median_age_estimate;income_bucket;internet_penetration_state;smartphone_penetration_state;district_population_numeric;district_population;sex_ratio
492,96210,96210,MILITARY POSTAL SERV,base_stub,,,queue_base_expansion,2,tabular_plus_nearest_defaults,,,,,,False,,,False,False,False,False,,,315.605,,False,False,False,False,False,,,0.0,False,False,False,False,False,False,False,,,,state_original;major_city;latitude;longitude;region;distance_to_state_capital;city_tier;literacy_rate;median_age_estimate;income_bucket;internet_penetration_state;smartphone_penetration_state;district_population_numeric;district_population;sex_ratio
493,96212,96212,MILITARY POSTAL SERV,base_enriched,96950,geonames|nearest:96950,queue_base_expansion,2,tabular_plus_nearest_defaults,,APO AA,35.8703,128.5911,,False,,T3,False,False,False,False,16.125730226321863,42.0,315.605,VH,False,False,False,False,False,89.65517241379311,89.29392324068229,15.0,False,False,False,False,False,False,False,68973.0,VS,99.51161548519343,state_original;region;distance_to_state_capital
494,96213,96213,MILITARY POSTAL SERV,base_enriched,96950,geonames|nearest:96950,queue_base_expansion,2,tabular_plus_nearest_defaults,,APO AA,35.8703,128.5911,,False,,T3,False,False,False,False,16.125730226321863,42.0,315.605,VH,False,False,False,False,False,89.65517241379311,89.29392324068229,15.0,False,False,False,False,False,False,False,68973.0,VS,99.51161548519343,state_original;region;distance_to_state_capital
495,96214,96214,MILITARY POSTAL SERV,base_enriched,96950,geonames|nearest:96950,queue_base_expansion,2,tabular_plus_nearest_defaults,,APO AA,35.2342,128.8811,,False,,T3,False,False,False,False,16.125730226321863,42.0,315.605,VH,False,False,False,False,False,89.65517241379311,89.29392324068229,15.0,False,False,False,False,False,False,False,68973.0,VS,99.51161548519343,state_original;region;distance_to_state_capital
496,96215,96215,MILITARY POSTAL SERV,base_stub,,,queue_base_expansion,2,tabular_plus_nearest_defaults,,,,,,False,,,False,False,False,False,,,315.605,,False,False,False,False,False,,,0.0,False,False,False,False,False,False,False,,,,state_original;major_city;latitude;longitude;region;distance_to_state_capital;city_tier;literacy_rate;median_age_estimate;income_bucket;internet_penetration_state;smartphone_penetration_state;district_population_numeric;district_population;sex_ratio
497,96218,96218,MILITARY POSTAL SERV,base_enriched,96950,geonames|nearest:96950,queue_base_expansion,2,tabular_plus_nearest_defaults,,APO AA,35.8703,128.5911,,False,,T3,False,False,False,False,16.125730226321863,42.0,315.605,VH,False,False,False,False,False,89.65517241379311,89.29392324068229,15.0,False,False,False,False,False,False,False,68973.0,VS,99.51161548519343,state_original;region;distance_to_state_capital
498,96224,96224,MILITARY POSTAL SERV,base_enriched,96950,geonames|nearest:96950,queue_base_expansion,2,tabular_plus_nearest_defaults,,APO AA,37.9211,127.0626,,False,,T3,False,False,False,False,16.125730226321863,42.0,315.605,VH,False,False,False,False,False,89.65517241379311,89.29392324068229,15.0,False,False,False,False,False,False,False,68973.0,VS,99.51161548519343,state_original;region;distance_to_state_capital
499,96251,96251,MILITARY POSTAL SERV,base_stub,,,queue_base_expansion,2,tabular_plus_nearest_defaults,,,,,,False,,,False,False,False,False,,,315.605,,False,False,False,False,False,,,0.0,False,False,False,False,False,False,False,,,,state_original;major_city;latitude;longitude;region;distance_to_state_capital;city_tier;literacy_rate;median_age_estimate;income_bucket;internet_penetration_state;smartphone_penetration_state;district_population_numeric;district_population;sex_ratio
500,96257,96257,MILITARY POSTAL SERV,base_enriched,96950,geonames|nearest:96950,queue_base_expansion,2,tabular_plus_nearest_defaults,,APO AA,37.754,127.0255,,False,,T3,False,False,False,False,16.125730226321863,42.0,315.605,VH,False,False,False,False,False,89.65517241379311,89.29392324068229,15.0,False,False,False,False,False,False,False,68973.0,VS,99.51161548519343,state_original;region;distance_to_state_capital
501,96260,96260,MILITARY POSTAL SERV,base_enriched,96950,geonames|nearest:96950,queue_base_expansion,2,tabular_plus_nearest_defaults,,APO AA,35.9925,128.3979,,False,,T3,False,False,False,False,16.125730226321863,42.0,315.605,VH,False,False,False,False,False,89.65517241379311,89.29392324068229,15.0,False,False,False,False,False,False,False,68973.0,VS,99.51161548519343,state_original;region;distance_to_state_capital
502,96262,96262,MILITARY POSTAL SERV,base_stub,,,queue_base_expansion,2,tabular_plus_nearest_defaults,,,,,,False,,,False,False,False,False,,,315.605,,False,False,False,False,False,,,0.0,False,False,False,False,False,False,False,,,,state_original;major_city;latitude;longitude;region;distance_to_state_capital;city_tier;literacy_rate;median_age_estimate;income_bucket;internet_penetration_state;smartphone_penetration_state;district_population_numeric;district_population;sex_ratio
503,96264,96264,MILITARY POSTAL SERV,base_enriched,96950,geonames|nearest:96950,queue_base_expansion,2,tabular_plus_nearest_defaults,,APO AA,35.9786,126.7114,,False,,T3,False,False,False,False,16.125730226321863,42.0,315.605,VH,False,False,False,False,False,89.65517241379311,89.29392324068229,15.0,False,False,False,False,False,False,False,68973.0,VS,99.51161548519343,state_original;region;distance_to_state_capital
504,96266,96266,MILITARY POSTAL SERV,base_enriched,96950,geonames|nearest:96950,queue_base_expansion,2,tabular_plus_nearest_defaults,,APO AA,37.1522,127.0706,,False,,T3,False,False,False,False,16.125730226321863,42.0,315.605,VH,False,False,False,False,False,89.65517241379311,89.29392324068229,15.0,False,False,False,False,False,False,False,68973.0,VS,99.51161548519343,state_original;region;distance_to_state_capital
505,96269,96269,MILITARY POSTAL SERV,base_enriched,96950,geonames|nearest:96950,queue_base_expansion,2,tabular_plus_nearest_defaults,,FPO AA,35.0642,128.7653,,False,,T3,False,False,False,False,16.125730226321863,42.0,315.605,VH,False,False,False,False,False,89.65517241379311,89.29392324068229,15.0,False,False,False,False,False,False,False,68973.0,VS,99.51161548519343,state_original;region;distance_to_state_capital
506,96271,96271,MILITARY POSTAL SERV,base_enriched,96950,geonames|nearest:96950,queue_base_expansion,2,tabular_plus_nearest_defaults,,APO AA,36.9622,127.0311,,False,,T3,False,False,False,False,16.125730226321863,42.0,315.605,VH,False,False,False,False,False,89.65517241379311,89.29392324068229,15.0,False,False,False,False,False,False,False,68973.0,VS,99.51161548519343,state_original;region;distance_to_state_capital
507,96273,96273,MILITARY POSTAL SERV,base_stub,,,queue_base_expansion,2,tabular_plus_nearest_defaults,,,,,,False,,,False,False,False,False,,,315.605,,False,False,False,False,False,,,0.0,False,False,False,False,False,False,False,,,,state_original;major_city;latitude;longitude;region;distance_to_state_capital;city_tier;literacy_rate;median_age_estimate;income_bucket;internet_penetration_state;smartphone_penetration_state;district_population_numeric;district_population;sex_ratio
508,96276,96276,MILITARY POSTAL SERV,base_enriched,96950,geonames|nearest:96950,queue_base_expansion,2,tabular_plus_nearest_defaults,,APO AA,37.566,126.9784,,False,,T3,False,False,False,False,16.125730226321863,42.0,315.605,VH,False,False,False,False,False,89.65517241379311,89.29392324068229,15.0,False,False,False,False,False,False,False,68973.0,VS,99.51161548519343,state_original;region;distance_to_state_capital
509,96278,96278,MILITARY POSTAL SERV,base_enriched,96950,geonames|nearest:96950,queue_base_expansion,2,tabular_plus_nearest_defaults,,APO AA,37.0906,127.0296,,False,,T3,False,False,False,False,16.125730226321863,42.0,315.605,VH,False,False,False,False,False,89.65517241379311,89.29392324068229,15.0,False,False,False,False,False,False,False,68973.0,VS,99.51161548519343,state_original;region;distance_to_state_capital
510,96283,96283,MILITARY POSTAL SERV,base_enriched,96950,geonames|nearest:96950,queue_base_expansion,2,tabular_plus_nearest_defaults,,APO AA,34.9586,126.9728,,False,,T3,False,False,False,False,16.125730226321863,42.0,315.605,VH,False,False,False,False,False,89.65517241379311,89.29392324068229,15.0,False,False,False,False,False,False,False,68973.0,VS,99.51161548519343,state_original;region;distance_to_state_capital
511,96284,96284,MILITARY POSTAL SERV,base_enriched,96950,geonames|nearest:96950,queue_base_expansion,2,tabular_plus_nearest_defaults,,APO AA,34.9586,126.9728,,False,,T3,False,False,False,False,16.125730226321863,42.0,315.605,VH,False,False,False,False,False,89.65517241379311,89.29392324068229,15.0,False,False,False,False,False,False,False,68973.0,VS,99.51161548519343,state_original;region;distance_to_state_capital
512,96297,96297,MILITARY POSTAL SERV,base_stub,,,queue_base_expansion,2,tabular_plus_nearest_defaults,,,,,,False,,,False,False,False,False,,,315.605,,False,False,False,False,False,,,0.0,False,False,False,False,False,False,False,,,,state_original;major_city;latitude;longitude;region;distance_to_state_capital;city_tier;literacy_rate;median_age_estimate;income_bucket;internet_penetration_state;smartphone_penetration_state;district_population_numeric;district_population;sex_ratio
513,96301,96301,MILITARY POSTAL SERV,base_stub,,,queue_base_expansion,2,tabular_plus_nearest_defaults,,,,,,False,,,False,False,False,False,,,315.605,,False,False,False,False,False,,,0.0,False,False,False,False,False,False,False,,,,state_original;major_city;latitude;longitude;region;distance_to_state_capital;city_tier;literacy_rate;median_age_estimate;income_bucket;internet_penetration_state;smartphone_penetration_state;district_population_numeric;district_population;sex_ratio
514,96303,96303,MILITARY POSTAL SERV,base_stub,,,queue_base_expansion,2,tabular_plus_nearest_defaults,,,,,,False,,,False,False,False,False,,,315.605,,False,False,False,False,False,,,0.0,False,False,False,False,False,False,False,,,,state_original;major_city;latitude;longitude;region;distance_to_state_capital;city_tier;literacy_rate;median_age_estimate;income_bucket;internet_penetration_state;smartphone_penetration_state;district_population_numeric;district_population;sex_ratio
515,96306,96306,MILITARY POSTAL SERV,base_enriched,96950,geonames|nearest:96950,queue_base_expansion,2,tabular_plus_nearest_defaults,,FPO AA,35.4427,139.3693,,False,,T3,False,False,False,False,16.125730226321863,42.0,315.605,VH,False,False,False,False,False,89.65517241379311,89.29392324068229,15.0,False,False,False,False,False,False,False,68973.0,VS,99.51161548519343,state_original;region;distance_to_state_capital
516,96309,96309,MILITARY POSTAL SERV,base_stub,,,queue_base_expansion,2,tabular_plus_nearest_defaults,,,,,,False,,,False,False,False,False,,,315.605,,False,False,False,False,False,,,0.0,False,False,False,False,False,False,False,,,,state_original;major_city;latitude;longitude;region;distance_to_state_capital;city_tier;literacy_rate;median_age_estimate;income_bucket;internet_penetration_state;smartphone_penetration_state;district_population_numeric;district_population;sex_ratio
517,96310,96310,MILITARY POSTAL SERV,base_enriched,96950,geonames|nearest:96950,queue_base_expansion,2,tabular_plus_nearest_defaults,,FPO AA,34.163,132.22,,False,,T3,False,False,False,False,16.125730226321863,42.0,315.605,VH,False,False,False,False,False,89.65517241379311,89.29392324068229,15.0,False,False,False,False,False,False,False,68973.0,VS,99.51161548519343,state_original;region;distance_to_state_capital
518,96311,96311,MILITARY POSTAL SERV,base_stub,,,queue_base_expansion,2,tabular_plus_nearest_defaults,,,,,,False,,,False,False,False,False,,,315.605,,False,False,False,False,False,,,0.0,False,False,False,False,False,False,False,,,,state_original;major_city;latitude;longitude;region;distance_to_state_capital;city_tier;literacy_rate;median_age_estimate;income_bucket;internet_penetration_state;smartphone_penetration_state;district_population_numeric;district_population;sex_ratio
519,96315,96315,MILITARY POSTAL SERV,base_stub,,,queue_base_expansion,2,tabular_plus_nearest_defaults,,,,,,False,,,False,False,False,False,,,315.605,,False,False,False,False,False,,,0.0,False,False,False,False,False,False,False,,,,state_original;major_city;latitude;longitude;region;distance_to_state_capital;city_tier;literacy_rate;median_age_estimate;income_bucket;internet_penetration_state;smartphone_penetration_state;district_population_numeric;district_population;sex_ratio
520,96319,96319,MILITARY POSTAL SERV,base_enriched,96950,geonames|nearest:96950,queue_base_expansion,2,tabular_plus_nearest_defaults,,APO AA,40.6868,141.3897,,False,,T3,False,False,False,False,16.125730226321863,42.0,315.605,VH,False,False,False,False,False,89.65517241379311,89.29392324068229,15.0,False,False,False,False,False,False,False,68973.0,VS,99.51161548519343,state_original;region;distance_to_state_capital
521,96321,96321,MILITARY POSTAL SERV,base_enriched,96950,geonames|nearest:96950,queue_base_expansion,2,tabular_plus_nearest_defaults,,FPO AA,33.1592,129.7228,,False,,T3,False,False,False,False,16.125730226321863,42.0,315.605,VH,False,False,False,False,False,89.65517241379311,89.29392324068229,15.0,False,False,False,False,False,False,False,68973.0,VS,99.51161548519343,state_original;region;distance_to_state_capital
522,96322,96322,MILITARY POSTAL SERV,base_enriched,96950,geonames|nearest:96950,queue_base_expansion,2,tabular_plus_nearest_defaults,,FPO AA,33.1592,129.7228,,False,,T3,False,False,False,False,16.125730226321863,42.0,315.605,VH,False,False,False,False,False,89.65517241379311,89.29392324068229,15.0,False,False,False,False,False,False,False,68973.0,VS,99.51161548519343,state_original;region;distance_to_state_capital
523,96326,96326,MILITARY POSTAL SERV,base_enriched,96950,geonames|nearest:96950,queue_base_expansion,2,tabular_plus_nearest_defaults,,APO AA,35.7485,139.3485,,False,,T3,False,False,False,False,16.125730226321863,42.0,315.605,VH,False,False,False,False,False,89.65517241379311,89.29392324068229,15.0,False,False,False,False,False,False,False,68973.0,VS,99.51161548519343,state_original;region;distance_to_state_capital
524,96328,96328,MILITARY POSTAL SERV,base_enriched,96950,geonames|nearest:96950,queue_base_expansion,2,tabular_plus_nearest_defaults,,APO AA,35.7485,139.3485,,False,,T3,False,False,False,False,16.125730226321863,42.0,315.605,VH,False,False,False,False,False,89.65517241379311,89.29392324068229,15.0,False,False,False,False,False,False,False,68973.0,VS,99.51161548519343,state_original;region;distance_to_state_capital
525,96331,96331,MILITARY POSTAL SERV,base_stub,,,queue_base_expansion,2,tabular_plus_nearest_defaults,,,,,,False,,,False,False,False,False,,,315.605,,False,False,False,False,False,,,0.0,False,False,False,False,False,False,False,,,,state_original;major_city;latitude;longitude;region;distance_to_state_capital;city_tier;literacy_rate;median_age_estimate;income_bucket;internet_penetration_state;smartphone_penetration_state;district_population_numeric;district_population;sex_ratio
526,96336,96336,MILITARY POSTAL SERV,base_enriched,96950,geonames|nearest:96950,queue_base_expansion,2,tabular_plus_nearest_defaults,,APO AA,35.6895,139.6917,,False,,T3,False,False,False,False,16.125730226321863,42.0,315.605,VH,False,False,False,False,False,89.65517241379311,89.29392324068229,15.0,False,False,False,False,False,False,False,68973.0,VS,99.51161548519343,state_original;region;distance_to_state_capital
527,96337,96337,MILITARY POSTAL SERV,base_enriched,96950,geonames|nearest:96950,queue_base_expansion,2,tabular_plus_nearest_defaults,,APO AA,35.6895,139.6917,,False,,T3,False,False,False,False,16.125730226321863,42.0,315.605,VH,False,False,False,False,False,89.65517241379311,89.29392324068229,15.0,False,False,False,False,False,False,False,68973.0,VS,99.51161548519343,state_original;region;distance_to_state_capital
528,96338,96338,MILITARY POSTAL SERV,base_enriched,96950,geonames|nearest:96950,queue_base_expansion,2,tabular_plus_nearest_defaults,,APO AA,35.6895,139.6917,,False,,T3,False,False,False,False,16.125730226321863,42.0,315.605,VH,False,False,False,False,False,89.65517241379311,89.29392324068229,15.0,False,False,False,False,False,False,False,68973.0,VS,99.51161548519343,state_original;region;distance_to_state_capital
529,96339,96339,MILITARY POSTAL SERV,base_enriched,96950,geonames|nearest:96950,queue_base_expansion,2,tabular_plus_nearest_defaults,,APO AA,35.5138,139.3937,,False,,T3,False,False,False,False,16.125730226321863,42.0,315.605,VH,False,False,False,False,False,89.65517241379311,89.29392324068229,15.0,False,False,False,False,False,False,False,68973.0,VS,99.51161548519343,state_original;region;distance_to_state_capital
530,96346,96346,MILITARY POSTAL SERV,base_stub,,,queue_base_expansion,2,tabular_plus_nearest_defaults,,,,,,False,,,False,False,False,False,,,315.605,,False,False,False,False,False,,,0.0,False,False,False,False,False,False,False,,,,state_original;major_city;latitude;longitude;region;distance_to_state_capital;city_tier;literacy_rate;median_age_estimate;income_bucket;internet_penetration_state;smartphone_penetration_state;district_population_numeric;district_population;sex_ratio
531,96347,96347,MILITARY POSTAL SERV,base_enriched,96950,geonames|nearest:96950,queue_base_expansion,2,tabular_plus_nearest_defaults,,FPO AA,35.4333,139.65,,False,,T3,False,False,False,False,16.125730226321863,42.0,315.605,VH,False,False,False,False,False,89.65517241379311,89.29392324068229,15.0,False,False,False,False,False,False,False,68973.0,VS,99.51161548519343,state_original;region;distance_to_state_capital
532,96349,96349,MILITARY POSTAL SERV,base_enriched,96950,geonames|nearest:96950,queue_base_expansion,2,tabular_plus_nearest_defaults,,FPO AA,35.2836,139.6672,,False,,T3,False,False,False,False,16.125730226321863,42.0,315.605,VH,False,False,False,False,False,89.65517241379311,89.29392324068229,15.0,False,False,False,False,False,False,False,68973.0,VS,99.51161548519343,state_original;region;distance_to_state_capital
533,96350,96350,MILITARY POSTAL SERV,base_enriched,96950,geonames|nearest:96950,queue_base_expansion,2,tabular_plus_nearest_defaults,,FPO AA,35.2836,139.6672,,False,,T3,False,False,False,False,16.125730226321863,42.0,315.605,VH,False,False,False,False,False,89.65517241379311,89.29392324068229,15.0,False,False,False,False,False,False,False,68973.0,VS,99.51161548519343,state_original;region;distance_to_state_capital
534,96351,96351,MILITARY POSTAL SERV,base_stub,,,queue_base_expansion,2,tabular_plus_nearest_defaults,,,,,,False,,,False,False,False,False,,,315.605,,False,False,False,False,False,,,0.0,False,False,False,False,False,False,False,,,,state_original;major_city;latitude;longitude;region;distance_to_state_capital;city_tier;literacy_rate;median_age_estimate;income_bucket;internet_penetration_state;smartphone_penetration_state;district_population_numeric;district_population;sex_ratio
535,96362,96362,MILITARY POSTAL SERV,base_enriched,96950,geonames|nearest:96950,queue_base_expansion,2,tabular_plus_nearest_defaults,,FPO AA,26.3,127.7667,,False,,T3,False,False,False,False,16.125730226321863,42.0,315.605,VH,False,False,False,False,False,89.65517241379311,89.29392324068229,15.0,False,False,False,False,False,False,False,68973.0,VS,99.51161548519343,state_original;region;distance_to_state_capital
536,96365,96365,MILITARY POSTAL SERV,base_enriched,96950,geonames|nearest:96950,queue_base_expansion,2,tabular_plus_nearest_defaults,,APO STA,26.3652,127.7586,,False,,T3,False,False,False,False,16.125730226321863,42.0,315.605,VH,False,False,False,False,False,89.65517241379311,89.29392324068229,15.0,False,False,False,False,False,False,False,68973.0,VS,99.51161548519343,state_original;region;distance_to_state_capital
537,96367,96367,MILITARY POSTAL SERV,base_enriched,96950,geonames|nearest:96950,queue_base_expansion,2,tabular_plus_nearest_defaults,,APO AA,26.3652,127.7586,,False,,T3,False,False,False,False,16.125730226321863,42.0,315.605,VH,False,False,False,False,False,89.65517241379311,89.29392324068229,15.0,False,False,False,False,False,False,False,68973.0,VS,99.51161548519343,state_original;region;distance_to_state_capital
538,96368,96368,MILITARY POSTAL SERV,base_enriched,96950,geonames|nearest:96950,queue_base_expansion,2,tabular_plus_nearest_defaults,,APO AA,26.3652,127.7586,,False,,T3,False,False,False,False,16.125730226321863,42.0,315.605,VH,False,False,False,False,False,89.65517241379311,89.29392324068229,15.0,False,False,False,False,False,False,False,68973.0,VS,99.51161548519343,state_original;region;distance_to_state_capital
539,96370,96370,MILITARY POSTAL SERV,base_enriched,96950,geonames|nearest:96950,queue_base_expansion,2,tabular_plus_nearest_defaults,,FPO AA,26.35,127.7667,,False,,T3,False,False,False,False,16.125730226321863,42.0,315.605,VH,False,False,False,False,False,89.65517241379311,89.29392324068229,15.0,False,False,False,False,False,False,False,68973.0,VS,99.51161548519343,state_original;region;distance_to_state_capital
540,96371,96371,MILITARY POSTAL SERV,base_stub,,,queue_base_expansion,2,tabular_plus_nearest_defaults,,,,,,False,,,False,False,False,False,,,315.605,,False,False,False,False,False,,,0.0,False,False,False,False,False,False,False,,,,state_original;major_city;latitude;longitude;region;distance_to_state_capital;city_tier;literacy_rate;median_age_estimate;income_bucket;internet_penetration_state;smartphone_penetration_state;district_population_numeric;district_population;sex_ratio
541,96374,96374,MILITARY POSTAL SERV,base_enriched,96950,geonames|nearest:96950,queue_base_expansion,2,tabular_plus_nearest_defaults,,APO AA,26.2644,127.7244,,False,,T3,False,False,False,False,16.125730226321863,42.0,315.605,VH,False,False,False,False,False,89.65517241379311,89.29392324068229,15.0,False,False,False,False,False,False,False,68973.0,VS,99.51161548519343,state_original;region;distance_to_state_capital
542,96375,96375,MILITARY POSTAL SERV,base_enriched,96950,geonames|nearest:96950,queue_base_expansion,2,tabular_plus_nearest_defaults,,FPO AA,26.2644,127.7244,,False,,T3,False,False,False,False,16.125730226321863,42.0,315.605,VH,False,False,False,False,False,89.65517241379311,89.29392324068229,15.0,False,False,False,False,False,False,False,68973.0,VS,99.51161548519343,state_original;region;distance_to_state_capital
543,96376,96376,MILITARY POSTAL SERV,base_enriched,96950,geonames|nearest:96950,queue_base_expansion,2,tabular_plus_nearest_defaults,,APO AA,26.2644,127.7244,,False,,T3,False,False,False,False,16.125730226321863,42.0,315.605,VH,False,False,False,False,False,89.65517241379311,89.29392324068229,15.0,False,False,False,False,False,False,False,68973.0,VS,99.51161548519343,state_original;region;distance_to_state_capital
544,96377,96377,MILITARY POSTAL SERV,base_enriched,96950,geonames|nearest:96950,queue_base_expansion,2,tabular_plus_nearest_defaults,,FPO AA,26.3905,127.8588,,False,,T3,False,False,False,False,16.125730226321863,42.0,315.605,VH,False,False,False,False,False,89.65517241379311,89.29392324068229,15.0,False,False,False,False,False,False,False,68973.0,VS,99.51161548519343,state_original;region;distance_to_state_capital
545,96379,96379,MILITARY POSTAL SERV,base_enriched,96950,geonames|nearest:96950,queue_base_expansion,2,tabular_plus_nearest_defaults,,FPO AA,26.3086,127.7804,,False,,T3,False,False,False,False,16.125730226321863,42.0,315.605,VH,False,False,False,False,False,89.65517241379311,89.29392324068229,15.0,False,False,False,False,False,False,False,68973.0,VS,99.51161548519343,state_original;region;distance_to_state_capital
546,96384,96384,MILITARY POSTAL SERV,base_stub,,,queue_base_expansion,2,tabular_plus_nearest_defaults,,,,,,False,,,False,False,False,False,,,315.605,,False,False,False,False,False,,,0.0,False,False,False,False,False,False,False,,,,state_original;major_city;latitude;longitude;region;distance_to_state_capital;city_tier;literacy_rate;median_age_estimate;income_bucket;internet_penetration_state;smartphone_penetration_state;district_population_numeric;district_population;sex_ratio
547,96386,96386,MILITARY POSTAL SERV,base_stub,,,queue_base_expansion,2,tabular_plus_nearest_defaults,,,,,,False,,,False,False,False,False,,,315.605,,False,False,False,False,False,,,0.0,False,False,False,False,False,False,False,,,,state_original;major_city;latitude;longitude;region;distance_to_state_capital;city_tier;literacy_rate;median_age_estimate;income_bucket;internet_penetration_state;smartphone_penetration_state;district_population_numeric;district_population;sex_ratio
548,96387,96387,MILITARY POSTAL SERV,base_stub,,,queue_base_expansion,2,tabular_plus_nearest_defaults,,,,,,False,,,False,False,False,False,,,315.605,,False,False,False,False,False,,,0.0,False,False,False,False,False,False,False,,,,state_original;major_city;latitude;longitude;region;distance_to_state_capital;city_tier;literacy_rate;median_age_estimate;income_bucket;internet_penetration_state;smartphone_penetration_state;district_population_numeric;district_population;sex_ratio
549,96388,96388,MILITARY POSTAL SERV,base_stub,,,queue_base_expansion,2,tabular_plus_nearest_defaults,,,,,,False,,,False,False,False,False,,,315.605,,False,False,False,False,False,,,0.0,False,False,False,False,False,False,False,,,,state_original;major_city;latitude;longitude;region;distance_to_state_capital;city_tier;literacy_rate;median_age_estimate;income_bucket;internet_penetration_state;smartphone_penetration_state;district_population_numeric;district_population;sex_ratio
550,96400,96400,MILITARY POSTAL SERV,base_stub,,,queue_base_expansion,2,tabular_plus_nearest_defaults,,,,,,False,,,False,False,False,False,,,315.605,,False,False,False,False,False,,,0.0,False,False,False,False,False,False,False,,,,state_original;major_city;latitude;longitude;region;distance_to_state_capital;city_tier;literacy_rate;median_age_estimate;income_bucket;internet_penetration_state;smartphone_penetration_state;district_population_numeric;district_population;sex_ratio
551,96401,96401,MILITARY POSTAL SERV,base_stub,,,queue_base_expansion,2,tabular_plus_nearest_defaults,,,,,,False,,,False,False,False,False,,,315.605,,False,False,False,False,False,,,0.0,False,False,False,False,False,False,False,,,,state_original;major_city;latitude;longitude;region;distance_to_state_capital;city_tier;literacy_rate;median_age_estimate;income_bucket;internet_penetration_state;smartphone_penetration_state;district_population_numeric;district_population;sex_ratio
552,96502,96502,MILITARY POSTAL SERV,base_stub,,,queue_base_expansion,2,tabular_plus_nearest_defaults,,,,,,False,,,False,False,False,False,,,315.605,,False,False,False,False,False,,,0.0,False,False,False,False,False,False,False,,,,state_original;major_city;latitude;longitude;region;distance_to_state_capital;city_tier;literacy_rate;median_age_estimate;income_bucket;internet_penetration_state;smartphone_penetration_state;district_population_numeric;district_population;sex_ratio
553,96503,96503,MILITARY POSTAL SERV,base_stub,,,queue_base_expansion,2,tabular_plus_nearest_defaults,,,,,,False,,,False,False,False,False,,,315.605,,False,False,False,False,False,,,0.0,False,False,False,False,False,False,False,,,,state_original;major_city;latitude;longitude;region;distance_to_state_capital;city_tier;literacy_rate;median_age_estimate;income_bucket;internet_penetration_state;smartphone_penetration_state;district_population_numeric;district_population;sex_ratio
554,96504,96504,MILITARY POSTAL SERV,base_stub,,,queue_base_expansion,2,tabular_plus_nearest_defaults,,,,,,False,,,False,False,False,False,,,315.605,,False,False,False,False,False,,,0.0,False,False,False,False,False,False,False,,,,state_original;major_city;latitude;longitude;region;distance_to_state_capital;city_tier;literacy_rate;median_age_estimate;income_bucket;internet_penetration_state;smartphone_penetration_state;district_population_numeric;district_population;sex_ratio
555,96505,96505,MILITARY POSTAL SERV,base_enriched,96506,geonames|nearest:96506,queue_base_expansion,2,tabular_plus_nearest_defaults,,FPO AA,51.88,-176.6581,,False,,T3,False,False,False,False,12.676056338028168,56.5,315.605,VH,False,False,False,False,False,96.55172413793105,100.0,88.62068965517241,False,False,False,False,False,False,False,5235.0,VS,421.4285714285714,state_original;region;distance_to_state_capital
556,96507,96507,MILITARY POSTAL SERV,base_enriched,96950,geonames|nearest:96950,queue_base_expansion,2,tabular_plus_nearest_defaults,,FPO AA,51.5672,178.8775,,False,,T3,False,False,False,False,16.125730226321863,42.0,315.605,VH,False,False,False,False,False,89.65517241379311,89.29392324068229,15.0,False,False,False,False,False,False,False,68973.0,VS,99.51161548519343,state_original;region;distance_to_state_capital
557,96508,96508,MILITARY POSTAL SERV,base_enriched,49864,geonames|nearest:49864,queue_base_expansion,2,tabular_plus_nearest_defaults,,APO AA,45.7833,-86.7001,,False,,T3,False,False,False,False,59.09090909090909,69.0,315.605,H,False,False,False,False,False,57.14285714285714,71.42857142857143,69.85714285714286,False,False,False,False,False,False,False,36813.0,VS,120.0,state_original;region;distance_to_state_capital
558,96509,96509,MILITARY POSTAL SERV,base_enriched,99744,geonames|nearest:99744,queue_base_expansion,2,tabular_plus_nearest_defaults,,APO AA,64.3006,-149.1128,,False,,T3,False,False,False,False,13.157894736842104,38.0,315.605,H,False,False,False,False,False,95.34883720930232,100.0,85.13953488372093,False,False,False,False,False,False,False,1969.0,VS,79.1044776119403,state_original;region;distance_to_state_capital
559,96510,96510,MILITARY POSTAL SERV,base_enriched,99741,geonames|nearest:99741,queue_base_expansion,2,tabular_plus_nearest_defaults,,APO AA,64.7361,-156.9372,,False,,T3,False,False,False,False,16.707616707616708,35.3,315.605,M,False,False,False,False,False,61.694915254237294,96.27118644067797,65.87288135593221,False,False,False,False,False,False,False,5195.0,VS,87.42331288343557,state_original;region;distance_to_state_capital
560,96511,96511,MILITARY POSTAL SERV,base_enriched,96950,geonames|nearest:96950,queue_base_expansion,2,tabular_plus_nearest_defaults,,FPO AA,34.2322,132.5666,,False,,T3,False,False,False,False,16.125730226321863,42.0,315.605,VH,False,False,False,False,False,89.65517241379311,89.29392324068229,15.0,False,False,False,False,False,False,False,68973.0,VS,99.51161548519343,state_original;region;distance_to_state_capital
561,96512,96512,MILITARY POSTAL SERV,base_enriched,96950,geonames|nearest:96950,queue_base_expansion,2,tabular_plus_nearest_defaults,,APO AA,52.7242,174.1189,,False,,T3,False,False,False,False,16.125730226321863,42.0,315.605,VH,False,False,False,False,False,89.65517241379311,89.29392324068229,15.0,False,False,False,False,False,False,False,68973.0,VS,99.51161548519343,state_original;region;distance_to_state_capital
562,96515,96515,MILITARY POSTAL SERV,base_stub,,,queue_base_expansion,2,tabular_plus_nearest_defaults,,,,,,False,,,False,False,False,False,,,315.605,,False,False,False,False,False,,,0.0,False,False,False,False,False,False,False,,,,state_original;major_city;latitude;longitude;region;distance_to_state_capital;city_tier;literacy_rate;median_age_estimate;income_bucket;internet_penetration_state;smartphone_penetration_state;district_population_numeric;district_population;sex_ratio
563,96516,96516,MILITARY POSTAL SERV,base_enriched,96752,geonames|nearest:96752,queue_base_expansion,2,tabular_plus_nearest_defaults,,FPO AA,28.228,-177.389,,False,,T3,False,False,False,False,13.399602385685885,41.4,315.605,M,False,False,False,False,False,93.51005484460696,90.6764168190128,86.64076782449726,False,False,False,False,False,False,False,73731.0,VS,106.449864498645,state_original;region;distance_to_state_capital
564,96517,96517,MILITARY POSTAL SERV,base_enriched,96950,geonames|nearest:96950,queue_base_expansion,2,tabular_plus_nearest_defaults,,FPO AA,34.2322,132.5666,,False,,T3,False,False,False,False,16.125730226321863,42.0,315.605,VH,False,False,False,False,False,89.65517241379311,89.29392324068229,15.0,False,False,False,False,False,False,False,68973.0,VS,99.51161548519343,state_original;region;distance_to_state_capital
565,96520,96520,MILITARY POSTAL SERV,base_enriched,96916,geonames|nearest:96916,queue_base_expansion,2,tabular_plus_nearest_defaults,,APO AA,-6.2146,106.8451,,False,,T3,False,False,False,False,16.125730226321863,42.0,315.605,VH,False,False,False,False,False,89.65517241379311,89.29392324068229,15.0,False,False,False,False,False,False,False,68973.0,VS,99.51161548519343,state_original;region;distance_to_state_capital
566,96521,96521,MILITARY POSTAL SERV,base_enriched,96928,geonames|nearest:96928,queue_base_expansion,2,tabular_plus_nearest_defaults,,FPO AA,22.2783,114.1747,,False,,T3,False,False,False,False,16.125730226321863,42.0,315.605,VH,False,False,False,False,False,89.65517241379311,89.29392324068229,15.0,False,False,False,False,False,False,False,68973.0,VS,99.51161548519343,state_original;region;distance_to_state_capital
567,96530,96530,MILITARY POSTAL SERV,base_stub,,,queue_base_expansion,2,tabular_plus_nearest_defaults,,,,,,False,,,False,False,False,False,,,315.605,,False,False,False,False,False,,,0.0,False,False,False,False,False,False,False,,,,state_original;major_city;latitude;longitude;region;distance_to_state_capital;city_tier;literacy_rate;median_age_estimate;income_bucket;internet_penetration_state;smartphone_penetration_state;district_population_numeric;district_population;sex_ratio
568,96531,96531,MILITARY POSTAL SERV,base_enriched,96917,geonames|nearest:96917,queue_base_expansion,2,tabular_plus_nearest_defaults,,FPO AA,-43.5333,172.6333,,False,,T3,False,False,False,False,16.125730226321863,42.0,315.605,VH,False,False,False,False,False,89.65517241379311,89.29392324068229,15.0,False,False,False,False,False,False,False,68973.0,VS,99.51161548519343,state_original;region;distance_to_state_capital
569,96532,96532,MILITARY POSTAL SERV,base_stub,,,queue_base_expansion,2,tabular_plus_nearest_defaults,,,,,,False,,,False,False,False,False,,,315.605,,False,False,False,False,False,,,0.0,False,False,False,False,False,False,False,,,,state_original;major_city;latitude;longitude;region;distance_to_state_capital;city_tier;literacy_rate;median_age_estimate;income_bucket;internet_penetration_state;smartphone_penetration_state;district_population_numeric;district_population;sex_ratio
570,96534,96534,MILITARY POSTAL SERV,base_enriched,96928,geonames|nearest:96928,queue_base_expansion,2,tabular_plus_nearest_defaults,,FPO AA,1.2897,103.8501,,False,,T3,False,False,False,False,16.125730226321863,42.0,315.605,VH,False,False,False,False,False,89.65517241379311,89.29392324068229,15.0,False,False,False,False,False,False,False,68973.0,VS,99.51161548519343,state_original;region;distance_to_state_capital
571,96535,96535,MILITARY POSTAL SERV,base_stub,,,queue_base_expansion,2,tabular_plus_nearest_defaults,,,,,,False,,,False,False,False,False,,,315.605,,False,False,False,False,False,,,0.0,False,False,False,False,False,False,False,,,,state_original;major_city;latitude;longitude;region;distance_to_state_capital;city_tier;literacy_rate;median_age_estimate;income_bucket;internet_penetration_state;smartphone_penetration_state;district_population_numeric;district_population;sex_ratio
572,96537,96537,MILITARY POSTAL SERV,base_stub,,,queue_base_expansion,2,tabular_plus_nearest_defaults,,,,,,False,,,False,False,False,False,,,315.605,,False,False,False,False,False,,,0.0,False,False,False,False,False,False,False,,,,state_original;major_city;latitude;longitude;region;distance_to_state_capital;city_tier;literacy_rate;median_age_estimate;income_bucket;internet_penetration_state;smartphone_penetration_state;district_population_numeric;district_population;sex_ratio
573,96539,96539,MILITARY POSTAL SERV,base_enriched,96910,geonames|nearest:96910,queue_base_expansion,2,tabular_plus_nearest_defaults,,FPO AA,13.4757,144.7489,,False,,T3,False,False,False,False,16.125730226321863,42.0,315.605,VH,False,False,False,False,False,89.65517241379311,89.29392324068229,15.0,False,False,False,False,False,False,False,68973.0,VS,99.51161548519343,state_original;region;distance_to_state_capital
574,96540,96540,MILITARY POSTAL SERV,base_enriched,96910,geonames|nearest:96910,queue_base_expansion,2,tabular_plus_nearest_defaults,,FPO AA,13.4757,144.7489,,False,,T3,False,False,False,False,16.125730226321863,42.0,315.605,VH,False,False,False,False,False,89.65517241379311,89.29392324068229,15.0,False,False,False,False,False,False,False,68973.0,VS,99.51161548519343,state_original;region;distance_to_state_capital
575,96542,96542,MILITARY POSTAL SERV,base_enriched,96910,geonames|nearest:96910,queue_base_expansion,2,tabular_plus_nearest_defaults,,APO AA,13.4757,144.7489,,False,,T3,False,False,False,False,16.125730226321863,42.0,315.605,VH,False,False,False,False,False,89.65517241379311,89.29392324068229,15.0,False,False,False,False,False,False,False,68973.0,VS,99.51161548519343,state_original;region;distance_to_state_capital
576,96543,96543,MILITARY POSTAL SERV,base_enriched,96910,geonames|nearest:96910,queue_base_expansion,2,tabular_plus_nearest_defaults,,APO AA,13.4757,144.7489,,False,,T3,False,False,False,False,16.125730226321863,42.0,315.605,VH,False,False,False,False,False,89.65517241379311,89.29392324068229,15.0,False,False,False,False,False,False,False,68973.0,VS,99.51161548519343,state_original;region;distance_to_state_capital
577,96548,96548,MILITARY POSTAL SERV,base_enriched,96916,geonames|nearest:96916,queue_base_expansion,2,tabular_plus_nearest_defaults,,APO AA,-23.6975,133.8836,,False,,T3,False,False,False,False,16.125730226321863,42.0,315.605,VH,False,False,False,False,False,89.65517241379311,89.29392324068229,15.0,False,False,False,False,False,False,False,68973.0,VS,99.51161548519343,state_original;region;distance_to_state_capital
578,96549,96549,MILITARY POSTAL SERV,base_enriched,96916,geonames|nearest:96916,queue_base_expansion,2,tabular_plus_nearest_defaults,,APO AA,-35.3065,149.1162,,False,,T3,False,False,False,False,16.125730226321863,42.0,315.605,VH,False,False,False,False,False,89.65517241379311,89.29392324068229,15.0,False,False,False,False,False,False,False,68973.0,VS,99.51161548519343,state_original;region;distance_to_state_capital
579,96550,96550,MILITARY POSTAL SERV,base_enriched,96916,geonames|nearest:96916,queue_base_expansion,2,tabular_plus_nearest_defaults,,FPO AA,-21.9306,114.1209,,False,,T3,False,False,False,False,16.125730226321863,42.0,315.605,VH,False,False,False,False,False,89.65517241379311,89.29392324068229,15.0,False,False,False,False,False,False,False,68973.0,VS,99.51161548519343,state_original;region;distance_to_state_capital
580,96551,96551,MILITARY POSTAL SERV,base_enriched,96916,geonames|nearest:96916,queue_base_expansion,2,tabular_plus_nearest_defaults,,APO AA,-37.847,144.9809,,False,,T3,False,False,False,False,16.125730226321863,42.0,315.605,VH,False,False,False,False,False,89.65517241379311,89.29392324068229,15.0,False,False,False,False,False,False,False,68973.0,VS,99.51161548519343,state_original;region;distance_to_state_capital
581,96552,96552,MILITARY POSTAL SERV,base_enriched,96916,geonames|nearest:96916,queue_base_expansion,2,tabular_plus_nearest_defaults,,APO AA,-31.1998,136.8326,,False,,T3,False,False,False,False,16.125730226321863,42.0,315.605,VH,False,False,False,False,False,89.65517241379311,89.29392324068229,15.0,False,False,False,False,False,False,False,68973.0,VS,99.51161548519343,state_original;region;distance_to_state_capital
582,96553,96553,MILITARY POSTAL SERV,base_enriched,96916,geonames|nearest:96916,queue_base_expansion,2,tabular_plus_nearest_defaults,,APO AA,-33.8678,151.2073,,False,,T3,False,False,False,False,16.125730226321863,42.0,315.605,VH,False,False,False,False,False,89.65517241379311,89.29392324068229,15.0,False,False,False,False,False,False,False,68973.0,VS,99.51161548519343,state_original;region;distance_to_state_capital
583,96554,96554,MILITARY POSTAL SERV,base_enriched,96916,geonames|nearest:96916,queue_base_expansion,2,tabular_plus_nearest_defaults,,APO AA,-33.8678,151.2073,,False,,T3,False,False,False,False,16.125730226321863,42.0,315.605,VH,False,False,False,False,False,89.65517241379311,89.29392324068229,15.0,False,False,False,False,False,False,False,68973.0,VS,99.51161548519343,state_original;region;distance_to_state_capital
584,96555,96555,MILITARY POSTAL SERV,base_stub,,,queue_base_expansion,2,tabular_plus_nearest_defaults,,,,,,False,,,False,False,False,False,,,315.605,,False,False,False,False,False,,,0.0,False,False,False,False,False,False,False,,,,state_original;major_city;latitude;longitude;region;distance_to_state_capital;city_tier;literacy_rate;median_age_estimate;income_bucket;internet_penetration_state;smartphone_penetration_state;district_population_numeric;district_population;sex_ratio
585,96557,96557,MILITARY POSTAL SERV,base_stub,,,queue_base_expansion,2,tabular_plus_nearest_defaults,,,,,,False,,,False,False,False,False,,,315.605,,False,False,False,False,False,,,0.0,False,False,False,False,False,False,False,,,,state_original;major_city;latitude;longitude;region;distance_to_state_capital;city_tier;literacy_rate;median_age_estimate;income_bucket;internet_penetration_state;smartphone_penetration_state;district_population_numeric;district_population;sex_ratio
586,96562,96562,MILITARY POSTAL SERV,base_stub,,,queue_base_expansion,2,tabular_plus_nearest_defaults,,,,,,False,,,False,False,False,False,,,315.605,,False,False,False,False,False,,,0.0,False,False,False,False,False,False,False,,,,state_original;major_city;latitude;longitude;region;distance_to_state_capital;city_tier;literacy_rate;median_age_estimate;income_bucket;internet_penetration_state;smartphone_penetration_state;district_population_numeric;district_population;sex_ratio
587,96577,96577,MILITARY POSTAL SERV,base_stub,,,queue_base_expansion,2,tabular_plus_nearest_defaults,,,,,,False,,,False,False,False,False,,,315.605,,False,False,False,False,False,,,0.0,False,False,False,False,False,False,False,,,,state_original;major_city;latitude;longitude;region;distance_to_state_capital;city_tier;literacy_rate;median_age_estimate;income_bucket;internet_penetration_state;smartphone_penetration_state;district_population_numeric;district_population;sex_ratio
588,96578,96578,MILITARY POSTAL SERV,base_stub,,,queue_base_expansion,2,tabular_plus_nearest_defaults,,,,,,False,,,False,False,False,False,,,315.605,,False,False,False,False,False,,,0.0,False,False,False,False,False,False,False,,,,state_original;major_city;latitude;longitude;region;distance_to_state_capital;city_tier;literacy_rate;median_age_estimate;income_bucket;internet_penetration_state;smartphone_penetration_state;district_population_numeric;district_population;sex_ratio
589,96579,96579,MILITARY POSTAL SERV,base_stub,,,queue_base_expansion,2,tabular_plus_nearest_defaults,,,,,,False,,,False,False,False,False,,,315.605,,False,False,False,False,False,,,0.0,False,False,False,False,False,False,False,,,,state_original;major_city;latitude;longitude;region;distance_to_state_capital;city_tier;literacy_rate;median_age_estimate;income_bucket;internet_penetration_state;smartphone_penetration_state;district_population_numeric;district_population;sex_ratio
590,96595,96595,MILITARY POSTAL SERV,base_stub,,,queue_base_expansion,2,tabular_plus_nearest_defaults,,,,,,False,,,False,False,False,False,,,315.605,,False,False,False,False,False,,,0.0,False,False,False,False,False,False,False,,,,state_original;major_city;latitude;longitude;region;distance_to_state_capital;city_tier;literacy_rate;median_age_estimate;income_bucket;internet_penetration_state;smartphone_penetration_state;district_population_numeric;district_population;sex_ratio
591,96598,96598,MILITARY POSTAL SERV,base_enriched,96916,geonames|nearest:96916,queue_base_expansion,2,tabular_plus_nearest_defaults,,FPO AA,-89.9976,139.2729,,False,,T3,False,False,False,False,16.125730226321863,42.0,315.605,VH,False,False,False,False,False,89.65517241379311,89.29392324068229,15.0,False,False,False,False,False,False,False,68973.0,VS,99.51161548519343,state_original;region;distance_to_state_capital
592,96599,96599,MILITARY POSTAL SERV,base_enriched,96916,geonames|nearest:96916,queue_base_expansion,2,tabular_plus_nearest_defaults,,FPO AA,-77.846,166.676,,False,,T3,False,False,False,False,16.125730226321863,42.0,315.605,VH,False,False,False,False,False,89.65517241379311,89.29392324068229,15.0,False,False,False,False,False,False,False,68973.0,VS,99.51161548519343,state_original;region;distance_to_state_capital
593,96601,96601,MILITARY POSTAL SERV,base_stub,,,queue_base_expansion,2,tabular_plus_nearest_defaults,,,,,,False,,,False,False,False,False,,,315.605,,False,False,False,False,False,,,0.0,False,False,False,False,False,False,False,,,,state_original;major_city;latitude;longitude;region;distance_to_state_capital;city_tier;literacy_rate;median_age_estimate;income_bucket;internet_penetration_state;smartphone_penetration_state;district_population_numeric;district_population;sex_ratio
594,96602,96602,MILITARY POSTAL SERV,base_stub,,,queue_base_expansion,2,tabular_plus_nearest_defaults,,,,,,False,,,False,False,False,False,,,315.605,,False,False,False,False,False,,,0.0,False,False,False,False,False,False,False,,,,state_original;major_city;latitude;longitude;region;distance_to_state_capital;city_tier;literacy_rate;median_age_estimate;income_bucket;internet_penetration_state;smartphone_penetration_state;district_population_numeric;district_population;sex_ratio
595,96603,96603,MILITARY POSTAL SERV,base_stub,,,queue_base_expansion,2,tabular_plus_nearest_defaults,,,,,,False,,,False,False,False,False,,,315.605,,False,False,False,False,False,,,0.0,False,False,False,False,False,False,False,,,,state_original;major_city;latitude;longitude;region;distance_to_state_capital;city_tier;literacy_rate;median_age_estimate;income_bucket;internet_penetration_state;smartphone_penetration_state;district_population_numeric;district_population;sex_ratio
596,96604,96604,MILITARY POSTAL SERV,base_stub,,,queue_base_expansion,2,tabular_plus_nearest_defaults,,,,,,False,,,False,False,False,False,,,315.605,,False,False,False,False,False,,,0.0,False,False,False,False,False,False,False,,,,state_original;major_city;latitude;longitude;region;distance_to_state_capital;city_tier;literacy_rate;median_age_estimate;income_bucket;internet_penetration_state;smartphone_penetration_state;district_population_numeric;district_population;sex_ratio
597,96605,96605,MILITARY POSTAL SERV,base_stub,,,queue_base_expansion,2,tabular_plus_nearest_defaults,,,,,,False,,,False,False,False,False,,,315.605,,False,False,False,False,False,,,0.0,False,False,False,False,False,False,False,,,,state_original;major_city;latitude;longitude;region;distance_to_state_capital;city_tier;literacy_rate;median_age_estimate;income_bucket;internet_penetration_state;smartphone_penetration_state;district_population_numeric;district_population;sex_ratio
598,96607,96607,MILITARY POSTAL SERV,base_stub,,,queue_base_expansion,2,tabular_plus_nearest_defaults,,,,,,False,,,False,False,False,False,,,315.605,,False,False,False,False,False,,,0.0,False,False,False,False,False,False,False,,,,state_original;major_city;latitude;longitude;region;distance_to_state_capital;city_tier;literacy_rate;median_age_estimate;income_bucket;internet_penetration_state;smartphone_penetration_state;district_population_numeric;district_population;sex_ratio
599,96610,96610,MILITARY POSTAL SERV,base_stub,,,queue_base_expansion,2,tabular_plus_nearest_defaults,,,,,,False,,,False,False,False,False,,,315.605,,False,False,False,False,False,,,0.0,False,False,False,False,False,False,False,,,,state_original;major_city;latitude;longitude;region;distance_to_state_capital;city_tier;literacy_rate;median_age_estimate;income_bucket;internet_penetration_state;smartphone_penetration_state;district_population_numeric;district_population;sex_ratio
600,96611,96611,MILITARY POSTAL SERV,base_stub,,,queue_base_expansion,2,tabular_plus_nearest_defaults,,,,,,False,,,False,False,False,False,,,315.605,,False,False,False,False,False,,,0.0,False,False,False,False,False,False,False,,,,state_original;major_city;latitude;longitude;region;distance_to_state_capital;city_tier;literacy_rate;median_age_estimate;income_bucket;internet_penetration_state;smartphone_penetration_state;district_population_numeric;district_population;sex_ratio
601,96612,96612,MILITARY POSTAL SERV,base_stub,,,queue_base_expansion,2,tabular_plus_nearest_defaults,,,,,,False,,,False,False,False,False,,,315.605,,False,False,False,False,False,,,0.0,False,False,False,False,False,False,False,,,,state_original;major_city;latitude;longitude;region;distance_to_state_capital;city_tier;literacy_rate;median_age_estimate;income_bucket;internet_penetration_state;smartphone_penetration_state;district_population_numeric;district_population;sex_ratio
602,96613,96613,MILITARY POSTAL SERV,base_stub,,,queue_base_expansion,2,tabular_plus_nearest_defaults,,,,,,False,,,False,False,False,False,,,315.605,,False,False,False,False,False,,,0.0,False,False,False,False,False,False,False,,,,state_original;major_city;latitude;longitude;region;distance_to_state_capital;city_tier;literacy_rate;median_age_estimate;income_bucket;internet_penetration_state;smartphone_penetration_state;district_population_numeric;district_population;sex_ratio
603,96615,96615,MILITARY POSTAL SERV,base_stub,,,queue_base_expansion,2,tabular_plus_nearest_defaults,,,,,,False,,,False,False,False,False,,,315.605,,False,False,False,False,False,,,0.0,False,False,False,False,False,False,False,,,,state_original;major_city;latitude;longitude;region;distance_to_state_capital;city_tier;literacy_rate;median_age_estimate;income_bucket;internet_penetration_state;smartphone_penetration_state;district_population_numeric;district_population;sex_ratio
604,96616,96616,MILITARY POSTAL SERV,base_stub,,,queue_base_expansion,2,tabular_plus_nearest_defaults,,,,,,False,,,False,False,False,False,,,315.605,,False,False,False,False,False,,,0.0,False,False,False,False,False,False,False,,,,state_original;major_city;latitude;longitude;region;distance_to_state_capital;city_tier;literacy_rate;median_age_estimate;income_bucket;internet_penetration_state;smartphone_penetration_state;district_population_numeric;district_population;sex_ratio
605,96619,96619,MILITARY POSTAL SERV,base_stub,,,queue_base_expansion,2,tabular_plus_nearest_defaults,,,,,,False,,,False,False,False,False,,,315.605,,False,False,False,False,False,,,0.0,False,False,False,False,False,False,False,,,,state_original;major_city;latitude;longitude;region;distance_to_state_capital;city_tier;literacy_rate;median_age_estimate;income_bucket;internet_penetration_state;smartphone_penetration_state;district_population_numeric;district_population;sex_ratio
606,96620,96620,MILITARY POSTAL SERV,base_stub,,,queue_base_expansion,2,tabular_plus_nearest_defaults,,,,,,False,,,False,False,False,False,,,315.605,,False,False,False,False,False,,,0.0,False,False,False,False,False,False,False,,,,state_original;major_city;latitude;longitude;region;distance_to_state_capital;city_tier;literacy_rate;median_age_estimate;income_bucket;internet_penetration_state;smartphone_penetration_state;district_population_numeric;district_population;sex_ratio
607,96628,96628,MILITARY POSTAL SERV,base_stub,,,queue_base_expansion,2,tabular_plus_nearest_defaults,,,,,,False,,,False,False,False,False,,,315.605,,False,False,False,False,False,,,0.0,False,False,False,False,False,False,False,,,,state_original;major_city;latitude;longitude;region;distance_to_state_capital;city_tier;literacy_rate;median_age_estimate;income_bucket;internet_penetration_state;smartphone_penetration_state;district_population_numeric;district_population;sex_ratio
608,96629,96629,MILITARY POSTAL SERV,base_stub,,,queue_base_expansion,2,tabular_plus_nearest_defaults,,,,,,False,,,False,False,False,False,,,315.605,,False,False,False,False,False,,,0.0,False,False,False,False,False,False,False,,,,state_original;major_city;latitude;longitude;region;distance_to_state_capital;city_tier;literacy_rate;median_age_estimate;income_bucket;internet_penetration_state;smartphone_penetration_state;district_population_numeric;district_population;sex_ratio
609,96632,96632,MILITARY POSTAL SERV,base_stub,,,queue_base_expansion,2,tabular_plus_nearest_defaults,,,,,,False,,,False,False,False,False,,,315.605,,False,False,False,False,False,,,0.0,False,False,False,False,False,False,False,,,,state_original;major_city;latitude;longitude;region;distance_to_state_capital;city_tier;literacy_rate;median_age_estimate;income_bucket;internet_penetration_state;smartphone_penetration_state;district_population_numeric;district_population;sex_ratio
610,96633,96633,MILITARY POSTAL SERV,base_stub,,,queue_base_expansion,2,tabular_plus_nearest_defaults,,,,,,False,,,False,False,False,False,,,315.605,,False,False,False,False,False,,,0.0,False,False,False,False,False,False,False,,,,state_original;major_city;latitude;longitude;region;distance_to_state_capital;city_tier;literacy_rate;median_age_estimate;income_bucket;internet_penetration_state;smartphone_penetration_state;district_population_numeric;district_population;sex_ratio
611,96641,96641,MILITARY POSTAL SERV,base_stub,,,queue_base_expansion,2,tabular_plus_nearest_defaults,,,,,,False,,,False,False,False,False,,,315.605,,False,False,False,False,False,,,0.0,False,False,False,False,False,False,False,,,,state_original;major_city;latitude;longitude;region;distance_to_state_capital;city_tier;literacy_rate;median_age_estimate;income_bucket;internet_penetration_state;smartphone_penetration_state;district_population_numeric;district_population;sex_ratio
612,96642,96642,MILITARY POSTAL SERV,base_stub,,,queue_base_expansion,2,tabular_plus_nearest_defaults,,,,,,False,,,False,False,False,False,,,315.605,,False,False,False,False,False,,,0.0,False,False,False,False,False,False,False,,,,state_original;major_city;latitude;longitude;region;distance_to_state_capital;city_tier;literacy_rate;median_age_estimate;income_bucket;internet_penetration_state;smartphone_penetration_state;district_population_numeric;district_population;sex_ratio
613,96643,96643,MILITARY POSTAL SERV,base_stub,,,queue_base_expansion,2,tabular_plus_nearest_defaults,,,,,,False,,,False,False,False,False,,,315.605,,False,False,False,False,False,,,0.0,False,False,False,False,False,False,False,,,,state_original;major_city;latitude;longitude;region;distance_to_state_capital;city_tier;literacy_rate;median_age_estimate;income_bucket;internet_penetration_state;smartphone_penetration_state;district_population_numeric;district_population;sex_ratio
614,96644,96644,MILITARY POSTAL SERV,base_stub,,,queue_base_expansion,2,tabular_plus_nearest_defaults,,,,,,False,,,False,False,False,False,,,315.605,,False,False,False,False,False,,,0.0,False,False,False,False,False,False,False,,,,state_original;major_city;latitude;longitude;region;distance_to_state_capital;city_tier;literacy_rate;median_age_estimate;income_bucket;internet_penetration_state;smartphone_penetration_state;district_population_numeric;district_population;sex_ratio
615,96645,96645,MILITARY POSTAL SERV,base_stub,,,queue_base_expansion,2,tabular_plus_nearest_defaults,,,,,,False,,,False,False,False,False,,,315.605,,False,False,False,False,False,,,0.0,False,False,False,False,False,False,False,,,,state_original;major_city;latitude;longitude;region;distance_to_state_capital;city_tier;literacy_rate;median_age_estimate;income_bucket;internet_penetration_state;smartphone_penetration_state;district_population_numeric;district_population;sex_ratio
616,96649,96649,MILITARY POSTAL SERV,base_stub,,,queue_base_expansion,2,tabular_plus_nearest_defaults,,,,,,False,,,False,False,False,False,,,315.605,,False,False,False,False,False,,,0.0,False,False,False,False,False,False,False,,,,state_original;major_city;latitude;longitude;region;distance_to_state_capital;city_tier;literacy_rate;median_age_estimate;income_bucket;internet_penetration_state;smartphone_penetration_state;district_population_numeric;district_population;sex_ratio
617,96650,96650,MILITARY POSTAL SERV,base_stub,,,queue_base_expansion,2,tabular_plus_nearest_defaults,,,,,,False,,,False,False,False,False,,,315.605,,False,False,False,False,False,,,0.0,False,False,False,False,False,False,False,,,,state_original;major_city;latitude;longitude;region;distance_to_state_capital;city_tier;literacy_rate;median_age_estimate;income_bucket;internet_penetration_state;smartphone_penetration_state;district_population_numeric;district_population;sex_ratio
618,96657,96657,MILITARY POSTAL SERV,base_stub,,,queue_base_expansion,2,tabular_plus_nearest_defaults,,,,,,False,,,False,False,False,False,,,315.605,,False,False,False,False,False,,,0.0,False,False,False,False,False,False,False,,,,state_original;major_city;latitude;longitude;region;distance_to_state_capital;city_tier;literacy_rate;median_age_estimate;income_bucket;internet_penetration_state;smartphone_penetration_state;district_population_numeric;district_population;sex_ratio
619,96660,96660,MILITARY POSTAL SERV,base_stub,,,queue_base_expansion,2,tabular_plus_nearest_defaults,,,,,,False,,,False,False,False,False,,,315.605,,False,False,False,False,False,,,0.0,False,False,False,False,False,False,False,,,,state_original;major_city;latitude;longitude;region;distance_to_state_capital;city_tier;literacy_rate;median_age_estimate;income_bucket;internet_penetration_state;smartphone_penetration_state;district_population_numeric;district_population;sex_ratio
620,96661,96661,MILITARY POSTAL SERV,base_stub,,,queue_base_expansion,2,tabular_plus_nearest_defaults,,,,,,False,,,False,False,False,False,,,315.605,,False,False,False,False,False,,,0.0,False,False,False,False,False,False,False,,,,state_original;major_city;latitude;longitude;region;distance_to_state_capital;city_tier;literacy_rate;median_age_estimate;income_bucket;internet_penetration_state;smartphone_penetration_state;district_population_numeric;district_population;sex_ratio
621,96662,96662,MILITARY POSTAL SERV,base_stub,,,queue_base_expansion,2,tabular_plus_nearest_defaults,,,,,,False,,,False,False,False,False,,,315.605,,False,False,False,False,False,,,0.0,False,False,False,False,False,False,False,,,,state_original;major_city;latitude;longitude;region;distance_to_state_capital;city_tier;literacy_rate;median_age_estimate;income_bucket;internet_penetration_state;smartphone_penetration_state;district_population_numeric;district_population;sex_ratio
622,96663,96663,MILITARY POSTAL SERV,base_stub,,,queue_base_expansion,2,tabular_plus_nearest_defaults,,,,,,False,,,False,False,False,False,,,315.605,,False,False,False,False,False,,,0.0,False,False,False,False,False,False,False,,,,state_original;major_city;latitude;longitude;region;distance_to_state_capital;city_tier;literacy_rate;median_age_estimate;income_bucket;internet_penetration_state;smartphone_penetration_state;district_population_numeric;district_population;sex_ratio
623,96664,96664,MILITARY POSTAL SERV,base_stub,,,queue_base_expansion,2,tabular_plus_nearest_defaults,,,,,,False,,,False,False,False,False,,,315.605,,False,False,False,False,False,,,0.0,False,False,False,False,False,False,False,,,,state_original;major_city;latitude;longitude;region;distance_to_state_capital;city_tier;literacy_rate;median_age_estimate;income_bucket;internet_penetration_state;smartphone_penetration_state;district_population_numeric;district_population;sex_ratio
624,96665,96665,MILITARY POSTAL SERV,base_stub,,,queue_base_expansion,2,tabular_plus_nearest_defaults,,,,,,False,,,False,False,False,False,,,315.605,,False,False,False,False,False,,,0.0,False,False,False,False,False,False,False,,,,state_original;major_city;latitude;longitude;region;distance_to_state_capital;city_tier;literacy_rate;median_age_estimate;income_bucket;internet_penetration_state;smartphone_penetration_state;district_population_numeric;district_population;sex_ratio
625,96666,96666,MILITARY POSTAL SERV,base_stub,,,queue_base_expansion,2,tabular_plus_nearest_defaults,,,,,,False,,,False,False,False,False,,,315.605,,False,False,False,False,False,,,0.0,False,False,False,False,False,False,False,,,,state_original;major_city;latitude;longitude;region;distance_to_state_capital;city_tier;literacy_rate;median_age_estimate;income_bucket;internet_penetration_state;smartphone_penetration_state;district_population_numeric;district_population;sex_ratio
626,96667,96667,MILITARY POSTAL SERV,base_stub,,,queue_base_expansion,2,tabular_plus_nearest_defaults,,,,,,False,,,False,False,False,False,,,315.605,,False,False,False,False,False,,,0.0,False,False,False,False,False,False,False,,,,state_original;major_city;latitude;longitude;region;distance_to_state_capital;city_tier;literacy_rate;median_age_estimate;income_bucket;internet_penetration_state;smartphone_penetration_state;district_population_numeric;district_population;sex_ratio
627,96668,96668,MILITARY POSTAL SERV,base_stub,,,queue_base_expansion,2,tabular_plus_nearest_defaults,,,,,,False,,,False,False,False,False,,,315.605,,False,False,False,False,False,,,0.0,False,False,False,False,False,False,False,,,,state_original;major_city;latitude;longitude;region;distance_to_state_capital;city_tier;literacy_rate;median_age_estimate;income_bucket;internet_penetration_state;smartphone_penetration_state;district_population_numeric;district_population;sex_ratio
628,96669,96669,MILITARY POSTAL SERV,base_stub,,,queue_base_expansion,2,tabular_plus_nearest_defaults,,,,,,False,,,False,False,False,False,,,315.605,,False,False,False,False,False,,,0.0,False,False,False,False,False,False,False,,,,state_original;major_city;latitude;longitude;region;distance_to_state_capital;city_tier;literacy_rate;median_age_estimate;income_bucket;internet_penetration_state;smartphone_penetration_state;district_population_numeric;district_population;sex_ratio
629,96670,96670,MILITARY POSTAL SERV,base_stub,,,queue_base_expansion,2,tabular_plus_nearest_defaults,,,,,,False,,,False,False,False,False,,,315.605,,False,False,False,False,False,,,0.0,False,False,False,False,False,False,False,,,,state_original;major_city;latitude;longitude;region;distance_to_state_capital;city_tier;literacy_rate;median_age_estimate;income_bucket;internet_penetration_state;smartphone_penetration_state;district_population_numeric;district_population;sex_ratio
630,96671,96671,MILITARY POSTAL SERV,base_stub,,,queue_base_expansion,2,tabular_plus_nearest_defaults,,,,,,False,,,False,False,False,False,,,315.605,,False,False,False,False,False,,,0.0,False,False,False,False,False,False,False,,,,state_original;major_city;latitude;longitude;region;distance_to_state_capital;city_tier;literacy_rate;median_age_estimate;income_bucket;internet_penetration_state;smartphone_penetration_state;district_population_numeric;district_population;sex_ratio
631,96672,96672,MILITARY POSTAL SERV,base_stub,,,queue_base_expansion,2,tabular_plus_nearest_defaults,,,,,,False,,,False,False,False,False,,,315.605,,False,False,False,False,False,,,0.0,False,False,False,False,False,False,False,,,,state_original;major_city;latitude;longitude;region;distance_to_state_capital;city_tier;literacy_rate;median_age_estimate;income_bucket;internet_penetration_state;smartphone_penetration_state;district_population_numeric;district_population;sex_ratio
632,96673,96673,MILITARY POSTAL SERV,base_stub,,,queue_base_expansion,2,tabular_plus_nearest_defaults,,,,,,False,,,False,False,False,False,,,315.605,,False,False,False,False,False,,,0.0,False,False,False,False,False,False,False,,,,state_original;major_city;latitude;longitude;region;distance_to_state_capital;city_tier;literacy_rate;median_age_estimate;income_bucket;internet_penetration_state;smartphone_penetration_state;district_population_numeric;district_population;sex_ratio
633,96674,96674,MILITARY POSTAL SERV,base_stub,,,queue_base_expansion,2,tabular_plus_nearest_defaults,,,,,,False,,,False,False,False,False,,,315.605,,False,False,False,False,False,,,0.0,False,False,False,False,False,False,False,,,,state_original;major_city;latitude;longitude;region;distance_to_state_capital;city_tier;literacy_rate;median_age_estimate;income_bucket;internet_penetration_state;smartphone_penetration_state;district_population_numeric;district_population;sex_ratio
634,96675,96675,MILITARY POSTAL SERV,base_stub,,,queue_base_expansion,2,tabular_plus_nearest_defaults,,,,,,False,,,False,False,False,False,,,315.605,,False,False,False,False,False,,,0.0,False,False,False,False,False,False,False,,,,state_original;major_city;latitude;longitude;region;distance_to_state_capital;city_tier;literacy_rate;median_age_estimate;income_bucket;internet_penetration_state;smartphone_penetration_state;district_population_numeric;district_population;sex_ratio
635,96677,96677,MILITARY POSTAL SERV,base_stub,,,queue_base_expansion,2,tabular_plus_nearest_defaults,,,,,,False,,,False,False,False,False,,,315.605,,False,False,False,False,False,,,0.0,False,False,False,False,False,False,False,,,,state_original;major_city;latitude;longitude;region;distance_to_state_capital;city_tier;literacy_rate;median_age_estimate;income_bucket;internet_penetration_state;smartphone_penetration_state;district_population_numeric;district_population;sex_ratio
636,96678,96678,MILITARY POSTAL SERV,base_stub,,,queue_base_expansion,2,tabular_plus_nearest_defaults,,,,,,False,,,False,False,False,False,,,315.605,,False,False,False,False,False,,,0.0,False,False,False,False,False,False,False,,,,state_original;major_city;latitude;longitude;region;distance_to_state_capital;city_tier;literacy_rate;median_age_estimate;income_bucket;internet_penetration_state;smartphone_penetration_state;district_population_numeric;district_population;sex_ratio
637,96679,96679,MILITARY POSTAL SERV,base_stub,,,queue_base_expansion,2,tabular_plus_nearest_defaults,,,,,,False,,,False,False,False,False,,,315.605,,False,False,False,False,False,,,0.0,False,False,False,False,False,False,False,,,,state_original;major_city;latitude;longitude;region;distance_to_state_capital;city_tier;literacy_rate;median_age_estimate;income_bucket;internet_penetration_state;smartphone_penetration_state;district_population_numeric;district_population;sex_ratio
638,96681,96681,MILITARY POSTAL SERV,base_stub,,,queue_base_expansion,2,tabular_plus_nearest_defaults,,,,,,False,,,False,False,False,False,,,315.605,,False,False,False,False,False,,,0.0,False,False,False,False,False,False,False,,,,state_original;major_city;latitude;longitude;region;distance_to_state_capital;city_tier;literacy_rate;median_age_estimate;income_bucket;internet_penetration_state;smartphone_penetration_state;district_population_numeric;district_population;sex_ratio
639,96682,96682,MILITARY POSTAL SERV,base_stub,,,queue_base_expansion,2,tabular_plus_nearest_defaults,,,,,,False,,,False,False,False,False,,,315.605,,False,False,False,False,False,,,0.0,False,False,False,False,False,False,False,,,,state_original;major_city;latitude;longitude;region;distance_to_state_capital;city_tier;literacy_rate;median_age_estimate;income_bucket;internet_penetration_state;smartphone_penetration_state;district_population_numeric;district_population;sex_ratio
640,96683,96683,MILITARY POSTAL SERV,base_stub,,,queue_base_expansion,2,tabular_plus_nearest_defaults,,,,,,False,,,False,False,False,False,,,315.605,,False,False,False,False,False,,,0.0,False,False,False,False,False,False,False,,,,state_original;major_city;latitude;longitude;region;distance_to_state_capital;city_tier;literacy_rate;median_age_estimate;income_bucket;internet_penetration_state;smartphone_penetration_state;district_population_numeric;district_population;sex_ratio
641,96686,96686,MILITARY POSTAL SERV,base_stub,,,queue_base_expansion,2,tabular_plus_nearest_defaults,,,,,,False,,,False,False,False,False,,,315.605,,False,False,False,False,False,,,0.0,False,False,False,False,False,False,False,,,,state_original;major_city;latitude;longitude;region;distance_to_state_capital;city_tier;literacy_rate;median_age_estimate;income_bucket;internet_penetration_state;smartphone_penetration_state;district_population_numeric;district_population;sex_ratio
642,96691,96691,MILITARY POSTAL SERV,base_stub,,,queue_base_expansion,2,tabular_plus_nearest_defaults,,,,,,False,,,False,False,False,False,,,315.605,,False,False,False,False,False,,,0.0,False,False,False,False,False,False,False,,,,state_original;major_city;latitude;longitude;region;distance_to_state_capital;city_tier;literacy_rate;median_age_estimate;income_bucket;internet_penetration_state;smartphone_penetration_state;district_population_numeric;district_population;sex_ratio
643,96692,96692,MILITARY POSTAL SERV,base_stub,,,queue_base_expansion,2,tabular_plus_nearest_defaults,,,,,,False,,,False,False,False,False,,,315.605,,False,False,False,False,False,,,0.0,False,False,False,False,False,False,False,,,,state_original;major_city;latitude;longitude;region;distance_to_state_capital;city_tier;literacy_rate;median_age_estimate;income_bucket;internet_penetration_state;smartphone_penetration_state;district_population_numeric;district_population;sex_ratio
644,96693,96693,MILITARY POSTAL SERV,base_stub,,,queue_base_expansion,2,tabular_plus_nearest_defaults,,,,,,False,,,False,False,False,False,,,315.605,,False,False,False,False,False,,,0.0,False,False,False,False,False,False,False,,,,state_original;major_city;latitude;longitude;region;distance_to_state_capital;city_tier;literacy_rate;median_age_estimate;income_bucket;internet_penetration_state;smartphone_penetration_state;district_population_numeric;district_population;sex_ratio
645,96694,96694,MILITARY POSTAL SERV,base_stub,,,queue_base_expansion,2,tabular_plus_nearest_defaults,,,,,,False,,,False,False,False,False,,,315.605,,False,False,False,False,False,,,0.0,False,False,False,False,False,False,False,,,,state_original;major_city;latitude;longitude;region;distance_to_state_capital;city_tier;literacy_rate;median_age_estimate;income_bucket;internet_penetration_state;smartphone_penetration_state;district_population_numeric;district_population;sex_ratio
646,96695,96695,MILITARY POSTAL SERV,base_stub,,,queue_base_expansion,2,tabular_plus_nearest_defaults,,,,,,False,,,False,False,False,False,,,315.605,,False,False,False,False,False,,,0.0,False,False,False,False,False,False,False,,,,state_original;major_city;latitude;longitude;region;distance_to_state_capital;city_tier;literacy_rate;median_age_estimate;income_bucket;internet_penetration_state;smartphone_penetration_state;district_population_numeric;district_population;sex_ratio
647,96696,96696,MILITARY POSTAL SERV,base_stub,,,queue_base_expansion,2,tabular_plus_nearest_defaults,,,,,,False,,,False,False,False,False,,,315.605,,False,False,False,False,False,,,0.0,False,False,False,False,False,False,False,,,,state_original;major_city;latitude;longitude;region;distance_to_state_capital;city_tier;literacy_rate;median_age_estimate;income_bucket;internet_penetration_state;smartphone_penetration_state;district_population_numeric;district_population;sex_ratio
648,96698,96698,MILITARY POSTAL SERV,base_stub,,,queue_base_expansion,2,tabular_plus_nearest_defaults,,,,,,False,,,False,False,False,False,,,315.605,,False,False,False,False,False,,,0.0,False,False,False,False,False,False,False,,,,state_original;major_city;latitude;longitude;region;distance_to_state_capital;city_tier;literacy_rate;median_age_estimate;income_bucket;internet_penetration_state;smartphone_penetration_state;district_population_numeric;district_population;sex_ratio
649,96912,96912,HAWAII,base_enriched,,hrsa,queue_base_expansion,2,tabular_plus_nearest_defaults,GU,Dededo,,,W,False,,T3,False,False,False,False,16.125730226321863,42.0,315.605,VH,False,False,False,False,False,89.65517241379311,89.29392324068229,82.11494209975605,False,False,False,False,False,False,False,68973.0,VS,99.51161548519345,latitude;longitude;distance_to_state_capital
650,96921,96921,HAWAII,base_enriched,,hrsa,queue_base_expansion,2,tabular_plus_nearest_defaults,GU,Barrigada,,,W,False,,T3,False,False,False,False,16.125730226321863,42.0,315.605,VH,False,False,False,False,False,89.65517241379311,89.29392324068229,82.11494209975605,False,False,False,False,False,False,False,68973.0,VS,99.51161548519345,latitude;longitude;distance_to_state_capital
651,96923,96923,HAWAII,base_enriched,,hrsa,queue_base_expansion,2,tabular_plus_nearest_defaults,GU,Mangilao,,,W,False,,T3,False,False,False,False,16.125730226321863,42.0,315.605,VH,False,False,False,False,False,89.65517241379311,89.29392324068229,82.11494209975605,False,False,False,False,False,False,False,68973.0,VS,99.51161548519345,latitude;longitude;distance_to_state_capital
652,96931,96931,HAWAII,base_enriched,,hrsa,queue_base_expansion,2,tabular_plus_nearest_defaults,GU,Tamuning,,,W,False,,T3,False,False,False,False,16.125730226321863,42.0,315.605,VH,False,False,False,False,False,89.65517241379311,89.29392324068229,82.11494209975605,False,False,False,False,False,False,False,68973.0,VS,99.51161548519345,latitude;longitude;distance_to_state_capital
653,96932,96932,HAWAII,base_enriched,,hrsa,queue_base_expansion,2,tabular_plus_nearest_defaults,GU,Hagatna,,,W,False,,T3,False,False,False,False,16.125730226321863,42.0,315.605,VH,False,False,False,False,False,89.65517241379311,89.29392324068229,82.11494209975605,False,False,False,False,False,False,False,68973.0,VS,99.51161548519345,latitude;longitude;distance_to_state_capital
654,96939,96939,HAWAII,base_enriched,,hrsa,queue_base_expansion,2,tabular_plus_nearest_defaults,PW,Ngerulmud,,,,False,,T3,False,False,False,False,16.009280742459396,41.9,315.605,M,False,False,False,False,False,89.66565349544074,89.3719806763285,74.64645463489127,False,False,False,False,False,False,False,68973.0,VS,99.51161548519345,latitude;longitude;region;distance_to_state_capital
655,96940,96940,HAWAII,base_enriched,,hrsa,queue_base_expansion,2,tabular_plus_nearest_defaults,PW,Koror,,,,False,,T3,False,False,False,False,16.009280742459396,41.9,315.605,M,False,False,False,False,False,89.66565349544074,89.3719806763285,74.64645463489127,False,False,False,False,False,False,False,68973.0,VS,99.51161548519345,latitude;longitude;region;distance_to_state_capital
656,96941,96941,HAWAII,base_enriched,,hrsa,queue_base_expansion,2,tabular_plus_nearest_defaults,FM,Pohnpei,,,,False,,T3,False,False,False,False,16.009280742459396,41.9,315.605,M,False,False,False,False,False,89.66565349544074,89.3719806763285,74.64645463489127,False,False,False,False,False,False,False,68973.0,VS,99.51161548519345,latitude;longitude;region;distance_to_state_capital
657,96942,96942,HAWAII,base_enriched,,hrsa,queue_base_expansion,2,tabular_plus_nearest_defaults,FM,Chuuk,,,,False,,T3,False,False,False,False,16.009280742459396,41.9,315.605,M,False,False,False,False,False,89.66565349544074,89.3719806763285,74.64645463489127,False,False,False,False,False,False,False,68973.0,VS,99.51161548519345,latitude;longitude;region;distance_to_state_capital
658,96943,96943,HAWAII,base_enriched,,hrsa,queue_base_expansion,2,tabular_plus_nearest_defaults,FM,Yap,,,,False,,T3,False,False,False,False,16.009280742459396,41.9,315.605,M,False,False,False,False,False,89.66565349544074,89.3719806763285,74.64645463489127,False,False,False,False,False,False,False,68973.0,VS,99.51161548519345,latitude;longitude;region;distance_to_state_capital
659,96944,96944,HAWAII,base_enriched,,hrsa,queue_base_expansion,2,tabular_plus_nearest_defaults,FM,Kosrae,,,,False,,T3,False,False,False,False,16.009280742459396,41.9,315.605,M,False,False,False,False,False,89.66565349544074,89.3719806763285,74.64645463489127,False,False,False,False,False,False,False,68973.0,VS,99.51161548519345,latitude;longitude;region;distance_to_state_capital
660,96960,96960,HAWAII,base_enriched,96950,hrsa|geonames|nearest:96950,queue_base_expansion,2,tabular_plus_nearest_defaults,MH,Majuro,7.1128,171.237,,False,,T3,False,False,False,False,16.125730226321863,42.0,315.605,VH,False,False,False,False,False,89.65517241379311,89.29392324068229,15.0,False,False,False,False,False,False,False,68973.0,VS,99.51161548519343,region;distance_to_state_capital
661,96970,96970,HAWAII,base_enriched,96950,hrsa|geonames|nearest:96950,queue_base_expansion,2,tabular_plus_nearest_defaults,MH,Ebeye,8.786,167.7365,,False,,T3,False,False,False,False,16.125730226321863,42.0,315.605,VH,False,False,False,False,False,89.65517241379311,89.29392324068229,15.0,False,False,False,False,False,False,False,68973.0,VS,99.51161548519343,region;distance_to_state_capital
