postal_code,name
00501,NEW YORK
00544,NEW YORK
00601,PUERTO RICO
00602,PUERTO RICO
00603,PUERTO RICO
00604,PUERTO RICO
00605,PUERTO RICO
00606,PUERTO RICO
00610,PUERTO RICO
00611,PUERTO RICO
00612,PUERTO RICO
00613,PUERTO RICO
00614,PUERTO RICO
00616,PUERTO RICO
00617,PUERTO RICO
00622,PUERTO RICO
00623,PUERTO RICO
00624,PUERTO RICO
00627,PUERTO RICO
00631,PUERTO RICO
00637,PUERTO RICO
00638,PUERTO RICO
00641,PUERTO RICO
00646,PUERTO RICO
00647,PUERTO RICO
00650,PUERTO RICO
00652,PUERTO RICO
00653,PUERTO RICO
00656,PUERTO RICO
00659,PUERTO RICO
00660,PUERTO RICO
00662,PUERTO RICO
00664,PUERTO RICO
00667,PUERTO RICO
00669,PUERTO RICO
00670,PUERTO RICO
00674,PUERTO RICO
00676,PUERTO RICO
00677,PUERTO RICO
00678,PUERTO RICO
00680,PUERTO RICO
00681,PUERTO RICO
00682,PUERTO RICO
00683,PUERTO RICO
00685,PUERTO RICO
00687,PUERTO RICO
00688,PUERTO RICO
00690,PUERTO RICO
00692,PUERTO RICO
00693,PUERTO RICO
00694,PUERTO RICO
00698,PUERTO RICO
00703,PUERTO RICO
00704,PUERTO RICO
00705,PUERTO RICO
00707,PUERTO RICO
00714,PUERTO RICO
00715,PUERTO RICO
00716,PUERTO RICO
00717,PUERTO RICO
00718,PUERTO RICO
00719,PUERTO RICO
00720,PUERTO RICO
00721,PUERTO RICO
00723,PUERTO RICO
00725,PUERTO RICO
00726,PUERTO RICO
00727,PUERTO RICO
00728,PUERTO RICO
00729,PUERTO RICO
00730,PUERTO RICO
00731,PUERTO RICO
00732,PUERTO RICO
00733,PUERTO RICO
00734,PUERTO RICO
00735,PUERTO RICO
00736,PUERTO RICO
00737,PUERTO RICO
00738,PUERTO RICO
00739,PUERTO RICO
00740,PUERTO RICO
00741,PUERTO RICO
00742,PUERTO RICO
00744,PUERTO RICO
00745,PUERTO RICO
00751,PUERTO RICO
00754,PUERTO RICO
00757,PUERTO RICO
00765,PUERTO RICO
00766,PUERTO RICO
00767,PUERTO RICO
00769,PUERTO RICO
00771,PUERTO RICO
00772,PUERTO RICO
00773,PUERTO RICO
00775,PUERTO RICO
00777,PUERTO RICO
00778,PUERTO RICO
00780,PUERTO RICO
00782,PUERTO RICO
00783,PUERTO RICO
00784,PUERTO RICO
00785,PUERTO RICO
00786,PUERTO RICO
00791,PUERTO RICO
00792,PUERTO RICO
00794,PUERTO RICO
00795,PUERTO RICO
00801,PUERTO RICO
00802,PUERTO RICO
00803,PUERTO RICO
00804,PUERTO RICO
00805,PUERTO RICO
00820,PUERTO RICO
00821,PUERTO RICO
00822,PUERTO RICO
00823,PUERTO RICO
00824,PUERTO RICO
00830,PUERTO RICO
00831,PUERTO RICO
00840,PUERTO RICO
00841,PUERTO RICO
00850,PUERTO RICO
00851,PUERTO RICO
00901,PUERTO RICO
00902,PUERTO RICO
00906,PUERTO RICO
00907,PUERTO RICO
00908,PUERTO RICO
00909,PUERTO RICO
00910,PUERTO RICO
00911,PUERTO RICO
00912,PUERTO RICO
00913,PUERTO RICO
00914,PUERTO RICO
00915,PUERTO RICO
00916,PUERTO RICO
00917,PUERTO RICO
00918,PUERTO RICO
00919,PUERTO RICO
00920,PUERTO RICO
00921,PUERTO RICO
00922,PUERTO RICO
00923,PUERTO RICO
00924,PUERTO RICO
00925,PUERTO RICO
00926,PUERTO RICO
00927,PUERTO RICO
00928,PUERTO RICO
00929,PUERTO RICO
00931,PUERTO RICO
00933,PUERTO RICO
00934,PUERTO RICO
00935,PUERTO RICO
00936,PUERTO RICO
00937,PUERTO RICO
00939,PUERTO RICO
00940,PUERTO RICO
00949,PUERTO RICO
00950,PUERTO RICO
00951,PUERTO RICO
00952,PUERTO RICO
00953,PUERTO RICO
00954,PUERTO RICO
00955,PUERTO RICO
00956,PUERTO RICO
00957,PUERTO RICO
00958,PUERTO RICO
00959,PUERTO RICO
00960,PUERTO RICO
00961,PUERTO RICO
00962,PUERTO RICO
00963,PUERTO RICO
00965,PUERTO RICO
00966,PUERTO RICO
00968,PUERTO RICO
00969,PUERTO RICO
00970,PUERTO RICO
00971,PUERTO RICO
00975,PUERTO RICO
00976,PUERTO RICO
00977,PUERTO RICO
00978,PUERTO RICO
00979,PUERTO RICO
00981,PUERTO RICO
00982,PUERTO RICO
00983,PUERTO RICO
00984,PUERTO RICO
00985,PUERTO RICO
00986,PUERTO RICO
00987,PUERTO RICO
00988,PUERTO RICO
01001,MA-RI
01002,MA-RI
01003,MA-RI
01004,MA-RI
01005,MA-RI
01007,MA-RI
01008,MA-RI
01009,MA-RI
01010,MA-RI
01011,MA-RI
01012,MA-RI
01013,MA-RI
01014,MA-RI
01020,MA-RI
01021,MA-RI
01022,MA-RI
01026,MA-RI
01027,MA-RI
01028,MA-RI
01029,MA-RI
01030,MA-RI
01031,MA-RI
01032,MA-RI
01033,MA-RI
01034,MA-RI
01035,MA-RI
01036,MA-RI
01037,MA-RI
01038,MA-RI
01039,MA-RI
01040,MA-RI
01041,MA-RI
01050,MA-RI
01053,MA-RI
01054,MA-RI
01056,MA-RI
01057,MA-RI
01059,MA-RI
01060,MA-RI
01061,MA-RI
01062,MA-RI
01063,MA-RI
01066,MA-RI
01068,MA-RI
01069,MA-RI
01070,MA-RI
01071,MA-RI
01072,MA-RI
01073,MA-RI
01074,MA-RI
01075,MA-RI
01077,MA-RI
01079,MA-RI
01080,MA-RI
01081,MA-RI
01082,MA-RI
01083,MA-RI
01084,MA-RI
01085,MA-RI
01086,MA-RI
01088,MA-RI
01089,MA-RI
01090,MA-RI
01092,MA-RI
01093,MA-RI
01094,MA-RI
01095,MA-RI
01096,MA-RI
01097,MA-RI
01098,MA-RI
01101,MA-RI
01102,MA-RI
01103,MA-RI
01104,MA-RI
01105,MA-RI
01106,MA-RI
01107,MA-RI
01108,MA-RI
01109,MA-RI
01111,MA-RI
01115,MA-RI
01116,MA-RI
01118,MA-RI
01119,MA-RI
01128,MA-RI
01129,MA-RI
01138,MA-RI
01139,MA-RI
01144,MA-RI
01151,MA-RI
01152,MA-RI
01199,MA-RI
01201,MA-RI
01202,MA-RI
01203,MA-RI
01220,MA-RI
01222,MA-RI
01223,MA-RI
01224,MA-RI
01225,MA-RI
01226,MA-RI
01227,MA-RI
01229,MA-RI
01230,MA-RI
01235,MA-RI
01236,MA-RI
01237,MA-RI
01238,MA-RI
01240,MA-RI
01242,MA-RI
01243,MA-RI
01244,MA-RI
01245,MA-RI
01247,MA-RI
01252,MA-RI
01253,MA-RI
01254,MA-RI
01255,MA-RI
01256,MA-RI
01257,MA-RI
01258,MA-RI
01259,MA-RI
01260,MA-RI
01262,MA-RI
01263,MA-RI
01264,MA-RI
01266,MA-RI
01267,MA-RI
01270,MA-RI
01301,MA-RI
01302,MA-RI
01330,MA-RI
01331,MA-RI
01337,MA-RI
01338,MA-RI
01339,MA-RI
01340,MA-RI
01341,MA-RI
01342,MA-RI
01343,MA-RI
01344,MA-RI
01346,MA-RI
01347,MA-RI
01349,MA-RI
01350,MA-RI
01351,MA-RI
01354,MA-RI
01355,MA-RI
01360,MA-RI
01364,MA-RI
01366,MA-RI
01367,MA-RI
01368,MA-RI
01370,MA-RI
01373,MA-RI
01375,MA-RI
01376,MA-RI
01378,MA-RI
01379,MA-RI
01380,MA-RI
01420,MA-RI
01430,MA-RI
01431,MA-RI
01432,MA-RI
01434,MA-RI
01436,MA-RI
01438,MA-RI
01440,MA-RI
01441,MA-RI
01450,MA-RI
01451,MA-RI
01452,MA-RI
01453,MA-RI
01460,MA-RI
01462,MA-RI
01463,MA-RI
01464,MA-RI
01467,MA-RI
01468,MA-RI
01469,MA-RI
01472,MA-RI
01473,MA-RI
01474,MA-RI
01475,MA-RI
01501,MA-RI
01503,MA-RI
01504,MA-RI
01505,MA-RI
01506,MA-RI
01507,MA-RI
01508,MA-RI
01509,MA-RI
01510,MA-RI
01515,MA-RI
01516,MA-RI
01518,MA-RI
01519,MA-RI
01520,MA-RI
01521,MA-RI
01522,MA-RI
01523,MA-RI
01524,MA-RI
01525,MA-RI
01526,MA-RI
01527,MA-RI
01529,MA-RI
01531,MA-RI
01532,MA-RI
01534,MA-RI
01535,MA-RI
01536,MA-RI
01537,MA-RI
01538,MA-RI
01540,MA-RI
01541,MA-RI
01542,MA-RI
01543,MA-RI
01545,MA-RI
01546,MA-RI
01550,MA-RI
01560,MA-RI
01561,MA-RI
01562,MA-RI
01564,MA-RI
01566,MA-RI
01568,MA-RI
01569,MA-RI
01570,MA-RI
01571,MA-RI
01581,MA-RI
01583,MA-RI
01585,MA-RI
01586,MA-RI
01588,MA-RI
01590,MA-RI
01601,MA-RI
01602,MA-RI
01603,MA-RI
01604,MA-RI
01605,MA-RI
01606,MA-RI
01607,MA-RI
01608,MA-RI
01609,MA-RI
01610,MA-RI
01611,MA-RI
01612,MA-RI
01613,MA-RI
01614,MA-RI
01615,MA-RI
01653,MA-RI
01655,MA-RI
01701,MA-RI
01702,MA-RI
01703,MA-RI
01704,MA-RI
01705,MA-RI
01718,MA-RI
01719,MA-RI
01720,MA-RI
01721,MA-RI
01730,MA-RI
01731,MA-RI
01740,MA-RI
01741,MA-RI
01742,MA-RI
01745,MA-RI
01746,MA-RI
01747,MA-RI
01748,MA-RI
01749,MA-RI
01752,MA-RI
01754,MA-RI
01756,MA-RI
01757,MA-RI
01760,MA-RI
01770,MA-RI
01772,MA-RI
01773,MA-RI
01775,MA-RI
01776,MA-RI
01778,MA-RI
01784,MA-RI
01801,MA-RI
01803,MA-RI
01805,MA-RI
01810,MA-RI
01812,MA-RI
01813,MA-RI
01815,MA-RI
01821,MA-RI
01822,MA-RI
01824,MA-RI
01825,MA-RI
01826,MA-RI
01827,MA-RI
01830,MA-RI
01831,MA-RI
01832,MA-RI
01833,MA-RI
01834,MA-RI
01835,MA-RI
01840,MA-RI
01841,MA-RI
01842,MA-RI
01843,MA-RI
01844,MA-RI
01845,MA-RI
01850,MA-RI
01851,MA-RI
01852,MA-RI
01853,MA-RI
01854,MA-RI
01860,MA-RI
01862,MA-RI
01863,MA-RI
01864,MA-RI
01865,MA-RI
01866,MA-RI
01867,MA-RI
01876,MA-RI
01879,MA-RI
01880,MA-RI
01885,MA-RI
01886,MA-RI
01887,MA-RI
01888,MA-RI
01889,MA-RI
01890,MA-RI
01899,MA-RI
01901,MA-RI
01902,MA-RI
01903,MA-RI
01904,MA-RI
01905,MA-RI
01906,MA-RI
01907,MA-RI
01908,MA-RI
01910,MA-RI
01913,MA-RI
01915,MA-RI
01921,MA-RI
01922,MA-RI
01923,MA-RI
01929,MA-RI
01930,MA-RI
01931,MA-RI
01936,MA-RI
01937,MA-RI
01938,MA-RI
01940,MA-RI
01944,MA-RI
01945,MA-RI
01949,MA-RI
01950,MA-RI
01951,MA-RI
01952,MA-RI
01960,MA-RI
01961,MA-RI
01965,MA-RI
01966,MA-RI
01969,MA-RI
01970,MA-RI
01971,MA-RI
01982,MA-RI
01983,MA-RI
01984,MA-RI
01985,MA-RI
02018,MA-RI
02019,MA-RI
02020,MA-RI
02021,MA-RI
02025,MA-RI
02026,MA-RI
02027,MA-RI
02030,MA-RI
02032,MA-RI
02035,MA-RI
02038,MA-RI
02040,MA-RI
02041,MA-RI
02043,MA-RI
02044,MA-RI
02045,MA-RI
02047,MA-RI
02048,MA-RI
02050,MA-RI
02051,MA-RI
02052,MA-RI
02053,MA-RI
02054,MA-RI
02055,MA-RI
02056,MA-RI
02059,MA-RI
02060,MA-RI
02061,MA-RI
02062,MA-RI
02065,MA-RI
02066,MA-RI
02067,MA-RI
02070,MA-RI
02071,MA-RI
02072,MA-RI
02081,MA-RI
02090,MA-RI
02093,MA-RI
02108,MA-RI
02109,MA-RI
02110,MA-RI
02111,MA-RI
02112,MA-RI
02113,MA-RI
02114,MA-RI
02115,MA-RI
02116,MA-RI
02117,MA-RI
02118,MA-RI
02119,MA-RI
02120,MA-RI
02121,MA-RI
02122,MA-RI
02123,MA-RI
02124,MA-RI
02125,MA-RI
02126,MA-RI
02127,MA-RI
02128,MA-RI
02129,MA-RI
02130,MA-RI
02131,MA-RI
02132,MA-RI
02133,MA-RI
02134,MA-RI
02135,MA-RI
02136,MA-RI
02137,MA-RI
02138,MA-RI
02139,MA-RI
02140,MA-RI
02141,MA-RI
02142,MA-RI
02143,MA-RI
02144,MA-RI
02145,MA-RI
02148,MA-RI
02149,MA-RI
02150,MA-RI
02151,MA-RI
02152,MA-RI
02153,MA-RI
02155,MA-RI
02156,MA-RI
02163,MA-RI
02169,MA-RI
02170,MA-RI
02171,MA-RI
02176,MA-RI
02180,MA-RI
02184,MA-RI
02185,MA-RI
02186,MA-RI
02187,MA-RI
02188,MA-RI
02189,MA-RI
02190,MA-RI
02191,MA-RI
02196,MA-RI
02199,MA-RI
02201,MA-RI
02203,MA-RI
02204,MA-RI
02205,MA-RI
02206,MA-RI
02210,MA-RI
02211,MA-RI
02212,MA-RI
02215,MA-RI
02217,MA-RI
02222,MA-RI
02238,MA-RI
02241,MA-RI
02269,MA-RI
02283,MA-RI
02284,MA-RI
02293,MA-RI
02297,MA-RI
02298,MA-RI
02301,MA-RI
02302,MA-RI
02303,MA-RI
02304,MA-RI
02305,MA-RI
02322,MA-RI
02324,MA-RI
02325,MA-RI
02327,MA-RI
02330,MA-RI
02331,MA-RI
02332,MA-RI
02333,MA-RI
02334,MA-RI
02337,MA-RI
02338,MA-RI
02339,MA-RI
02341,MA-RI
02343,MA-RI
02344,MA-RI
02345,MA-RI
02346,MA-RI
02347,MA-RI
02348,MA-RI
02349,MA-RI
02350,MA-RI
02351,MA-RI
02355,MA-RI
02356,MA-RI
02357,MA-RI
02358,MA-RI
02359,MA-RI
02360,MA-RI
02361,MA-RI
02362,MA-RI
02364,MA-RI
02366,MA-RI
02367,MA-RI
02368,MA-RI
02370,MA-RI
02375,MA-RI
02379,MA-RI
02381,MA-RI
02382,MA-RI
02420,MA-RI
02421,MA-RI
02445,MA-RI
02446,MA-RI
02447,MA-RI
02451,MA-RI
02452,MA-RI
02453,MA-RI
02454,MA-RI
02455,MA-RI
02456,MA-RI
02457,MA-RI
02458,MA-RI
02459,MA-RI
02460,MA-RI
02461,MA-RI
02462,MA-RI
02464,MA-RI
02465,MA-RI
02466,MA-RI
02467,MA-RI
02468,MA-RI
02471,MA-RI
02472,MA-RI
02474,MA-RI
02475,MA-RI
02476,MA-RI
02477,MA-RI
02478,MA-RI
02479,MA-RI
02481,MA-RI
02482,MA-RI
02492,MA-RI
02493,MA-RI
02494,MA-RI
02495,MA-RI
02532,MA-RI
02534,MA-RI
02535,MA-RI
02536,MA-RI
02537,MA-RI
02538,MA-RI
02539,MA-RI
02540,MA-RI
02541,MA-RI
02542,MA-RI
02543,MA-RI
02552,MA-RI
02553,MA-RI
02554,MA-RI
02556,MA-RI
02557,MA-RI
02558,MA-RI
02559,MA-RI
02561,MA-RI
02562,MA-RI
02563,MA-RI
02564,MA-RI
02568,MA-RI
02571,MA-RI
02574,MA-RI
02575,MA-RI
02576,MA-RI
02584,MA-RI
02601,MA-RI
02630,MA-RI
02631,MA-RI
02632,MA-RI
02633,MA-RI
02634,MA-RI
02635,MA-RI
02637,MA-RI
02638,MA-RI
02639,MA-RI
02641,MA-RI
02642,MA-RI
02643,MA-RI
02644,MA-RI
02645,MA-RI
02646,MA-RI
02647,MA-RI
02648,MA-RI
02649,MA-RI
02650,MA-RI
02651,MA-RI
02652,MA-RI
02653,MA-RI
02655,MA-RI
02657,MA-RI
02659,MA-RI
02660,MA-RI
02661,MA-RI
02662,MA-RI
02663,MA-RI
02664,MA-RI
02666,MA-RI
02667,MA-RI
02668,MA-RI
02669,MA-RI
02670,MA-RI
02671,MA-RI
02672,MA-RI
02673,MA-RI
02675,MA-RI
02702,MA-RI
02703,MA-RI
02712,MA-RI
02713,MA-RI
02714,MA-RI
02715,MA-RI
02717,MA-RI
02718,MA-RI
02719,MA-RI
02720,MA-RI
02721,MA-RI
02722,MA-RI
02723,MA-RI
02724,MA-RI
02725,MA-RI
02726,MA-RI
02738,MA-RI
02739,MA-RI
02740,MA-RI
02741,MA-RI
02742,MA-RI
02743,MA-RI
02744,MA-RI
02745,MA-RI
02746,MA-RI
02747,MA-RI
02748,MA-RI
02760,MA-RI
02761,MA-RI
02762,MA-RI
02763,MA-RI
02764,MA-RI
02766,MA-RI
02767,MA-RI
02768,MA-RI
02769,MA-RI
02770,MA-RI
02771,MA-RI
02777,MA-RI
02779,MA-RI
02780,MA-RI
02790,MA-RI
02791,MA-RI
02801,MA-RI
02802,MA-RI
02804,MA-RI
02806,MA-RI
02807,MA-RI
02808,MA-RI
02809,MA-RI
02812,MA-RI
02813,MA-RI
02814,MA-RI
02815,MA-RI
02816,MA-RI
02817,MA-RI
02818,MA-RI
02822,MA-RI
02823,MA-RI
02824,MA-RI
02825,MA-RI
02826,MA-RI
02827,MA-RI
02828,MA-RI
02829,MA-RI
02830,MA-RI
02831,MA-RI
02832,MA-RI
02833,MA-RI
02835,MA-RI
02836,MA-RI
02837,MA-RI
02838,MA-RI
02839,MA-RI
02840,MA-RI
02841,MA-RI
02842,MA-RI
02852,MA-RI
02857,MA-RI
02858,MA-RI
02859,MA-RI
02860,MA-RI
02861,MA-RI
02862,MA-RI
02863,MA-RI
02864,MA-RI
02865,MA-RI
02871,MA-RI
02872,MA-RI
02873,MA-RI
02874,MA-RI
02875,MA-RI
02876,MA-RI
02877,MA-RI
02878,MA-RI
02879,MA-RI
02880,MA-RI
02881,MA-RI
02882,MA-RI
02883,MA-RI
02885,MA-RI
02886,MA-RI
02887,MA-RI
02888,MA-RI
02889,MA-RI
02891,MA-RI
02892,MA-RI
02893,MA-RI
02894,MA-RI
02895,MA-RI
02896,MA-RI
02898,MA-RI
02901,MA-RI
02902,MA-RI
02903,MA-RI
02904,MA-RI
02905,MA-RI
02906,MA-RI
02907,MA-RI
02908,MA-RI
02909,MA-RI
02910,MA-RI
02911,MA-RI
02912,MA-RI
02914,MA-RI
02915,MA-RI
02916,MA-RI
02917,MA-RI
02918,MA-RI
02919,MA-RI
02920,MA-RI
02921,MA-RI
02940,MA-RI
03031,ME-NH-VT
03032,ME-NH-VT
03033,ME-NH-VT
03034,ME-NH-VT
03036,ME-NH-VT
03037,ME-NH-VT
03038,ME-NH-VT
03040,ME-NH-VT
03041,ME-NH-VT
03042,ME-NH-VT
03043,ME-NH-VT
03044,ME-NH-VT
03045,ME-NH-VT
03046,ME-NH-VT
03047,ME-NH-VT
03048,ME-NH-VT
03049,ME-NH-VT
03051,ME-NH-VT
03052,ME-NH-VT
03053,ME-NH-VT
03054,ME-NH-VT
03055,ME-NH-VT
03057,ME-NH-VT
03060,ME-NH-VT
03061,ME-NH-VT
03062,ME-NH-VT
03063,ME-NH-VT
03064,ME-NH-VT
03070,ME-NH-VT
03071,ME-NH-VT
03073,ME-NH-VT
03076,ME-NH-VT
03077,ME-NH-VT
03079,ME-NH-VT
03082,ME-NH-VT
03084,ME-NH-VT
03086,ME-NH-VT
03087,ME-NH-VT
03101,ME-NH-VT
03102,ME-NH-VT
03103,ME-NH-VT
03104,ME-NH-VT
03105,ME-NH-VT
03106,ME-NH-VT
03108,ME-NH-VT
03109,ME-NH-VT
03110,ME-NH-VT
03111,ME-NH-VT
03215,ME-NH-VT
03216,ME-NH-VT
03217,ME-NH-VT
03218,ME-NH-VT
03220,ME-NH-VT
03221,ME-NH-VT
03222,ME-NH-VT
03223,ME-NH-VT
03224,ME-NH-VT
03225,ME-NH-VT
03226,ME-NH-VT
03227,ME-NH-VT
03229,ME-NH-VT
03230,ME-NH-VT
03231,ME-NH-VT
03233,ME-NH-VT
03234,ME-NH-VT
03235,ME-NH-VT
03237,ME-NH-VT
03238,ME-NH-VT
03240,ME-NH-VT
03241,ME-NH-VT
03242,ME-NH-VT
03243,ME-NH-VT
03244,ME-NH-VT
03245,ME-NH-VT
03246,ME-NH-VT
03247,ME-NH-VT
03249,ME-NH-VT
03251,ME-NH-VT
03252,ME-NH-VT
03253,ME-NH-VT
03254,ME-NH-VT
03255,ME-NH-VT
03256,ME-NH-VT
03257,ME-NH-VT
03258,ME-NH-VT
03259,ME-NH-VT
03260,ME-NH-VT
03261,ME-NH-VT
03262,ME-NH-VT
03263,ME-NH-VT
03264,ME-NH-VT
03266,ME-NH-VT
03268,ME-NH-VT
03269,ME-NH-VT
03272,ME-NH-VT
03273,ME-NH-VT
03275,ME-NH-VT
03276,ME-NH-VT
03278,ME-NH-VT
03279,ME-NH-VT
03280,ME-NH-VT
03281,ME-NH-VT
03282,ME-NH-VT
03284,ME-NH-VT
03285,ME-NH-VT
03287,ME-NH-VT
03289,ME-NH-VT
03290,ME-NH-VT
03291,ME-NH-VT
03293,ME-NH-VT
03298,ME-NH-VT
03299,ME-NH-VT
03301,ME-NH-VT
03302,ME-NH-VT
03303,ME-NH-VT
03304,ME-NH-VT
03305,ME-NH-VT
03307,ME-NH-VT
03431,ME-NH-VT
03435,ME-NH-VT
03440,ME-NH-VT
03441,ME-NH-VT
03442,ME-NH-VT
03443,ME-NH-VT
03444,ME-NH-VT
03445,ME-NH-VT
03446,ME-NH-VT
03447,ME-NH-VT
03448,ME-NH-VT
03449,ME-NH-VT
03450,ME-NH-VT
03451,ME-NH-VT
03452,ME-NH-VT
03455,ME-NH-VT
03456,ME-NH-VT
03457,ME-NH-VT
03458,ME-NH-VT
03461,ME-NH-VT
03462,ME-NH-VT
03464,ME-NH-VT
03465,ME-NH-VT
03466,ME-NH-VT
03467,ME-NH-VT
03468,ME-NH-VT
03469,ME-NH-VT
03470,ME-NH-VT
03561,ME-NH-VT
03570,ME-NH-VT
03574,ME-NH-VT
03575,ME-NH-VT
03576,ME-NH-VT
03579,ME-NH-VT
03580,ME-NH-VT
03581,ME-NH-VT
03582,ME-NH-VT
03583,ME-NH-VT
03584,ME-NH-VT
03585,ME-NH-VT
03586,ME-NH-VT
03588,ME-NH-VT
03589,ME-NH-VT
03590,ME-NH-VT
03592,ME-NH-VT
03593,ME-NH-VT
03595,ME-NH-VT
03597,ME-NH-VT
03598,ME-NH-VT
03601,ME-NH-VT
03602,ME-NH-VT
03603,ME-NH-VT
03604,ME-NH-VT
03605,ME-NH-VT
03607,ME-NH-VT
03608,ME-NH-VT
03609,ME-NH-VT
03740,ME-NH-VT
03741,ME-NH-VT
03743,ME-NH-VT
03745,ME-NH-VT
03746,ME-NH-VT
03748,ME-NH-VT
03749,ME-NH-VT
03750,ME-NH-VT
03751,ME-NH-VT
03752,ME-NH-VT
03753,ME-NH-VT
03754,ME-NH-VT
03755,ME-NH-VT
03756,ME-NH-VT
03765,ME-NH-VT
03766,ME-NH-VT
03768,ME-NH-VT
03769,ME-NH-VT
03770,ME-NH-VT
03771,ME-NH-VT
03773,ME-NH-VT
03774,ME-NH-VT
03777,ME-NH-VT
03779,ME-NH-VT
03780,ME-NH-VT
03781,ME-NH-VT
03782,ME-NH-VT
03784,ME-NH-VT
03785,ME-NH-VT
03801,ME-NH-VT
03802,ME-NH-VT
03803,ME-NH-VT
03804,ME-NH-VT
03809,ME-NH-VT
03810,ME-NH-VT
03811,ME-NH-VT
03812,ME-NH-VT
03813,ME-NH-VT
03814,ME-NH-VT
03815,ME-NH-VT
03816,ME-NH-VT
03817,ME-NH-VT
03818,ME-NH-VT
03819,ME-NH-VT
03820,ME-NH-VT
03821,ME-NH-VT
03822,ME-NH-VT
03823,ME-NH-VT
03824,ME-NH-VT
03825,ME-NH-VT
03826,ME-NH-VT
03827,ME-NH-VT
03830,ME-NH-VT
03832,ME-NH-VT
03833,ME-NH-VT
03835,ME-NH-VT
03836,ME-NH-VT
03837,ME-NH-VT
03838,ME-NH-VT
03839,ME-NH-VT
03840,ME-NH-VT
03841,ME-NH-VT
03842,ME-NH-VT
03843,ME-NH-VT
03844,ME-NH-VT
03845,ME-NH-VT
03846,ME-NH-VT
03847,ME-NH-VT
03848,ME-NH-VT
03849,ME-NH-VT
03850,ME-NH-VT
03851,ME-NH-VT
03852,ME-NH-VT
03853,ME-NH-VT
03854,ME-NH-VT
03855,ME-NH-VT
03856,ME-NH-VT
03857,ME-NH-VT
03858,ME-NH-VT
03859,ME-NH-VT
03860,ME-NH-VT
03861,ME-NH-VT
03862,ME-NH-VT
03864,ME-NH-VT
03865,ME-NH-VT
03866,ME-NH-VT
03867,ME-NH-VT
03868,ME-NH-VT
03869,ME-NH-VT
03870,ME-NH-VT
03871,ME-NH-VT
03872,ME-NH-VT
03873,ME-NH-VT
03874,ME-NH-VT
03875,ME-NH-VT
03878,ME-NH-VT
03882,ME-NH-VT
03883,ME-NH-VT
03884,ME-NH-VT
03885,ME-NH-VT
03886,ME-NH-VT
03887,ME-NH-VT
03890,ME-NH-VT
03894,ME-NH-VT
03896,ME-NH-VT
03897,ME-NH-VT
03901,ME-NH-VT
03902,ME-NH-VT
03903,ME-NH-VT
03904,ME-NH-VT
03905,ME-NH-VT
03906,ME-NH-VT
03907,ME-NH-VT
03908,ME-NH-VT
03909,ME-NH-VT
03910,ME-NH-VT
03911,ME-NH-VT
04001,ME-NH-VT
04002,ME-NH-VT
04003,ME-NH-VT
04004,ME-NH-VT
04005,ME-NH-VT
04006,ME-NH-VT
04007,ME-NH-VT
04008,ME-NH-VT
04009,ME-NH-VT
04010,ME-NH-VT
04011,ME-NH-VT
04013,ME-NH-VT
04014,ME-NH-VT
04015,ME-NH-VT
04016,ME-NH-VT
04017,ME-NH-VT
04019,ME-NH-VT
04020,ME-NH-VT
04021,ME-NH-VT
04022,ME-NH-VT
04024,ME-NH-VT
04027,ME-NH-VT
04028,ME-NH-VT
04029,ME-NH-VT
04030,ME-NH-VT
04032,ME-NH-VT
04033,ME-NH-VT
04034,ME-NH-VT
04037,ME-NH-VT
04038,ME-NH-VT
04039,ME-NH-VT
04040,ME-NH-VT
04041,ME-NH-VT
04042,ME-NH-VT
04043,ME-NH-VT
04046,ME-NH-VT
04047,ME-NH-VT
04048,ME-NH-VT
04049,ME-NH-VT
04050,ME-NH-VT
04051,ME-NH-VT
04054,ME-NH-VT
04055,ME-NH-VT
04056,ME-NH-VT
04057,ME-NH-VT
04061,ME-NH-VT
04062,ME-NH-VT
04063,ME-NH-VT
04064,ME-NH-VT
04066,ME-NH-VT
04068,ME-NH-VT
04069,ME-NH-VT
04070,ME-NH-VT
04071,ME-NH-VT
04072,ME-NH-VT
04073,ME-NH-VT
04074,ME-NH-VT
04076,ME-NH-VT
04077,ME-NH-VT
04078,ME-NH-VT
04079,ME-NH-VT
04082,ME-NH-VT
04083,ME-NH-VT
04084,ME-NH-VT
04085,ME-NH-VT
04086,ME-NH-VT
04087,ME-NH-VT
04088,ME-NH-VT
04090,ME-NH-VT
04091,ME-NH-VT
04092,ME-NH-VT
04093,ME-NH-VT
04094,ME-NH-VT
04095,ME-NH-VT
04096,ME-NH-VT
04097,ME-NH-VT
04098,ME-NH-VT
04101,ME-NH-VT
04102,ME-NH-VT
04103,ME-NH-VT
04104,ME-NH-VT
04105,ME-NH-VT
04106,ME-NH-VT
04107,ME-NH-VT
04108,ME-NH-VT
04109,ME-NH-VT
04110,ME-NH-VT
04112,ME-NH-VT
04116,ME-NH-VT
04122,ME-NH-VT
04210,ME-NH-VT
04211,ME-NH-VT
04212,ME-NH-VT
04216,ME-NH-VT
04217,ME-NH-VT
04219,ME-NH-VT
04220,ME-NH-VT
04221,ME-NH-VT
04222,ME-NH-VT
04223,ME-NH-VT
04224,ME-NH-VT
04225,ME-NH-VT
04226,ME-NH-VT
04227,ME-NH-VT
04228,ME-NH-VT
04230,ME-NH-VT
04231,ME-NH-VT
04234,ME-NH-VT
04236,ME-NH-VT
04237,ME-NH-VT
04238,ME-NH-VT
04239,ME-NH-VT
04240,ME-NH-VT
04241,ME-NH-VT
04243,ME-NH-VT
04250,ME-NH-VT
04252,ME-NH-VT
04253,ME-NH-VT
04254,ME-NH-VT
04255,ME-NH-VT
04256,ME-NH-VT
04257,ME-NH-VT
04258,ME-NH-VT
04259,ME-NH-VT
04260,ME-NH-VT
04261,ME-NH-VT
04262,ME-NH-VT
04263,ME-NH-VT
04265,ME-NH-VT
04266,ME-NH-VT
04267,ME-NH-VT
04268,ME-NH-VT
04270,ME-NH-VT
04271,ME-NH-VT
04274,ME-NH-VT
04275,ME-NH-VT
04276,ME-NH-VT
04280,ME-NH-VT
04281,ME-NH-VT
04282,ME-NH-VT
04284,ME-NH-VT
04285,ME-NH-VT
04286,ME-NH-VT
04287,ME-NH-VT
04288,ME-NH-VT
04289,ME-NH-VT
04290,ME-NH-VT
04291,ME-NH-VT
04292,ME-NH-VT
04294,ME-NH-VT
04330,ME-NH-VT
04332,ME-NH-VT
04333,ME-NH-VT
04336,ME-NH-VT
04338,ME-NH-VT
04341,ME-NH-VT
04342,ME-NH-VT
04343,ME-NH-VT
04344,ME-NH-VT
04345,ME-NH-VT
04346,ME-NH-VT
04347,ME-NH-VT
04348,ME-NH-VT
04349,ME-NH-VT
04350,ME-NH-VT
04351,ME-NH-VT
04352,ME-NH-VT
04353,ME-NH-VT
04354,ME-NH-VT
04355,ME-NH-VT
04357,ME-NH-VT
04358,ME-NH-VT
04359,ME-NH-VT
04360,ME-NH-VT
04363,ME-NH-VT
04364,ME-NH-VT
04401,ME-NH-VT
04402,ME-NH-VT
04406,ME-NH-VT
04408,ME-NH-VT
04410,ME-NH-VT
04411,ME-NH-VT
04412,ME-NH-VT
04413,ME-NH-VT
04414,ME-NH-VT
04415,ME-NH-VT
04416,ME-NH-VT
04417,ME-NH-VT
04418,ME-NH-VT
04419,ME-NH-VT
04420,ME-NH-VT
04421,ME-NH-VT
04422,ME-NH-VT
04424,ME-NH-VT
04426,ME-NH-VT
04427,ME-NH-VT
04428,ME-NH-VT
04429,ME-NH-VT
04430,ME-NH-VT
04431,ME-NH-VT
04434,ME-NH-VT
04435,ME-NH-VT
04438,ME-NH-VT
04441,ME-NH-VT
04442,ME-NH-VT
04443,ME-NH-VT
04444,ME-NH-VT
04448,ME-NH-VT
04449,ME-NH-VT
04450,ME-NH-VT
04451,ME-NH-VT
04453,ME-NH-VT
04454,ME-NH-VT
04455,ME-NH-VT
04456,ME-NH-VT
04457,ME-NH-VT
04459,ME-NH-VT
04460,ME-NH-VT
04461,ME-NH-VT
04462,ME-NH-VT
04463,ME-NH-VT
04464,ME-NH-VT
04468,ME-NH-VT
04469,ME-NH-VT
04471,ME-NH-VT
04472,ME-NH-VT
04473,ME-NH-VT
04474,ME-NH-VT
04475,ME-NH-VT
04476,ME-NH-VT
04478,ME-NH-VT
04479,ME-NH-VT
04481,ME-NH-VT
04485,ME-NH-VT
04487,ME-NH-VT
04488,ME-NH-VT
04489,ME-NH-VT
04490,ME-NH-VT
04491,ME-NH-VT
04492,ME-NH-VT
04493,ME-NH-VT
04495,ME-NH-VT
04496,ME-NH-VT
04497,ME-NH-VT
04530,ME-NH-VT
04535,ME-NH-VT
04537,ME-NH-VT
04538,ME-NH-VT
04539,ME-NH-VT
04541,ME-NH-VT
04543,ME-NH-VT
04544,ME-NH-VT
04547,ME-NH-VT
04548,ME-NH-VT
04549,ME-NH-VT
04551,ME-NH-VT
04553,ME-NH-VT
04554,ME-NH-VT
04555,ME-NH-VT
04556,ME-NH-VT
04558,ME-NH-VT
04562,ME-NH-VT
04563,ME-NH-VT
04564,ME-NH-VT
04565,ME-NH-VT
04568,ME-NH-VT
04570,ME-NH-VT
04571,ME-NH-VT
04572,ME-NH-VT
04573,ME-NH-VT
04574,ME-NH-VT
04575,ME-NH-VT
04576,ME-NH-VT
04578,ME-NH-VT
04579,ME-NH-VT
04605,ME-NH-VT
04606,ME-NH-VT
04607,ME-NH-VT
04609,ME-NH-VT
04611,ME-NH-VT
04612,ME-NH-VT
04613,ME-NH-VT
04614,ME-NH-VT
04616,ME-NH-VT
04617,ME-NH-VT
04619,ME-NH-VT
04622,ME-NH-VT
04623,ME-NH-VT
04624,ME-NH-VT
04625,ME-NH-VT
04626,ME-NH-VT
04627,ME-NH-VT
04628,ME-NH-VT
04629,ME-NH-VT
04630,ME-NH-VT
04631,ME-NH-VT
04634,ME-NH-VT
04635,ME-NH-VT
04637,ME-NH-VT
04640,ME-NH-VT
04642,ME-NH-VT
04643,ME-NH-VT
04644,ME-NH-VT
04645,ME-NH-VT
04646,ME-NH-VT
04648,ME-NH-VT
04649,ME-NH-VT
04650,ME-NH-VT
04652,ME-NH-VT
04653,ME-NH-VT
04654,ME-NH-VT
04655,ME-NH-VT
04657,ME-NH-VT
04658,ME-NH-VT
04660,ME-NH-VT
04662,ME-NH-VT
04664,ME-NH-VT
04666,ME-NH-VT
04667,ME-NH-VT
04668,ME-NH-VT
04669,ME-NH-VT
04671,ME-NH-VT
04672,ME-NH-VT
04673,ME-NH-VT
04674,ME-NH-VT
04675,ME-NH-VT
04676,ME-NH-VT
04677,ME-NH-VT
04679,ME-NH-VT
04680,ME-NH-VT
04681,ME-NH-VT
04683,ME-NH-VT
04684,ME-NH-VT
04685,ME-NH-VT
04686,ME-NH-VT
04691,ME-NH-VT
04693,ME-NH-VT
04694,ME-NH-VT
04730,ME-NH-VT
04732,ME-NH-VT
04733,ME-NH-VT
04734,ME-NH-VT
04735,ME-NH-VT
04736,ME-NH-VT
04737,ME-NH-VT
04738,ME-NH-VT
04739,ME-NH-VT
04740,ME-NH-VT
04741,ME-NH-VT
04742,ME-NH-VT
04743,ME-NH-VT
04744,ME-NH-VT
04745,ME-NH-VT
04746,ME-NH-VT
04747,ME-NH-VT
04750,ME-NH-VT
04751,ME-NH-VT
04756,ME-NH-VT
04757,ME-NH-VT
04758,ME-NH-VT
04760,ME-NH-VT
04761,ME-NH-VT
04762,ME-NH-VT
04763,ME-NH-VT
04764,ME-NH-VT
04765,ME-NH-VT
04766,ME-NH-VT
04768,ME-NH-VT
04769,ME-NH-VT
04772,ME-NH-VT
04773,ME-NH-VT
04774,ME-NH-VT
04775,ME-NH-VT
04776,ME-NH-VT
04777,ME-NH-VT
04779,ME-NH-VT
04780,ME-NH-VT
04781,ME-NH-VT
04783,ME-NH-VT
04785,ME-NH-VT
04786,ME-NH-VT
04787,ME-NH-VT
04841,ME-NH-VT
04843,ME-NH-VT
04847,ME-NH-VT
04848,ME-NH-VT
04849,ME-NH-VT
04850,ME-NH-VT
04851,ME-NH-VT
04852,ME-NH-VT
04853,ME-NH-VT
04854,ME-NH-VT
04855,ME-NH-VT
04856,ME-NH-VT
04858,ME-NH-VT
04859,ME-NH-VT
04860,ME-NH-VT
04861,ME-NH-VT
04862,ME-NH-VT
04863,ME-NH-VT
04864,ME-NH-VT
04865,ME-NH-VT
04901,ME-NH-VT
04903,ME-NH-VT
04910,ME-NH-VT
04911,ME-NH-VT
04912,ME-NH-VT
04915,ME-NH-VT
04917,ME-NH-VT
04918,ME-NH-VT
04920,ME-NH-VT
04921,ME-NH-VT
04922,ME-NH-VT
04923,ME-NH-VT
04924,ME-NH-VT
04925,ME-NH-VT
04926,ME-NH-VT
04927,ME-NH-VT
04928,ME-NH-VT
04929,ME-NH-VT
04930,ME-NH-VT
04932,ME-NH-VT
04933,ME-NH-VT
04935,ME-NH-VT
04936,ME-NH-VT
04937,ME-NH-VT
04938,ME-NH-VT
04939,ME-NH-VT
04940,ME-NH-VT
04941,ME-NH-VT
04942,ME-NH-VT
04943,ME-NH-VT
04944,ME-NH-VT
04945,ME-NH-VT
04947,ME-NH-VT
04949,ME-NH-VT
04950,ME-NH-VT
04951,ME-NH-VT
04952,ME-NH-VT
04953,ME-NH-VT
04954,ME-NH-VT
04955,ME-NH-VT
04956,ME-NH-VT
04957,ME-NH-VT
04958,ME-NH-VT
04961,ME-NH-VT
04962,ME-NH-VT
04963,ME-NH-VT
04964,ME-NH-VT
04965,ME-NH-VT
04966,ME-NH-VT
04967,ME-NH-VT
04969,ME-NH-VT
04970,ME-NH-VT
04971,ME-NH-VT
04972,ME-NH-VT
04973,ME-NH-VT
04974,ME-NH-VT
04975,ME-NH-VT
04976,ME-NH-VT
04978,ME-NH-VT
04979,ME-NH-VT
04981,ME-NH-VT
04982,ME-NH-VT
04983,ME-NH-VT
04984,ME-NH-VT
04985,ME-NH-VT
04986,ME-NH-VT
04987,ME-NH-VT
04988,ME-NH-VT
04989,ME-NH-VT
04992,ME-NH-VT
05001,ME-NH-VT
05009,ME-NH-VT
05030,ME-NH-VT
05031,ME-NH-VT
05032,ME-NH-VT
05033,ME-NH-VT
05034,ME-NH-VT
05035,ME-NH-VT
05036,ME-NH-VT
05037,ME-NH-VT
05038,ME-NH-VT
05039,ME-NH-VT
05040,ME-NH-VT
05041,ME-NH-VT
05042,ME-NH-VT
05043,ME-NH-VT
05045,ME-NH-VT
05046,ME-NH-VT
05047,ME-NH-VT
05048,ME-NH-VT
05049,ME-NH-VT
05050,ME-NH-VT
05051,ME-NH-VT
05052,ME-NH-VT
05053,ME-NH-VT
05054,ME-NH-VT
05055,ME-NH-VT
05056,ME-NH-VT
05058,ME-NH-VT
05059,ME-NH-VT
05060,ME-NH-VT
05061,ME-NH-VT
05062,ME-NH-VT
05065,ME-NH-VT
05067,ME-NH-VT
05068,ME-NH-VT
05069,ME-NH-VT
05070,ME-NH-VT
05071,ME-NH-VT
05072,ME-NH-VT
05073,ME-NH-VT
05074,ME-NH-VT
05075,ME-NH-VT
05076,ME-NH-VT
05077,ME-NH-VT
05079,ME-NH-VT
05081,ME-NH-VT
05083,ME-NH-VT
05084,ME-NH-VT
05085,ME-NH-VT
05086,ME-NH-VT
05088,ME-NH-VT
05089,ME-NH-VT
05091,ME-NH-VT
05101,ME-NH-VT
05141,ME-NH-VT
05142,ME-NH-VT
05143,ME-NH-VT
05146,ME-NH-VT
05148,ME-NH-VT
05149,ME-NH-VT
05150,ME-NH-VT
05151,ME-NH-VT
05152,ME-NH-VT
05153,ME-NH-VT
05154,ME-NH-VT
05155,ME-NH-VT
05156,ME-NH-VT
05158,ME-NH-VT
05159,ME-NH-VT
05161,ME-NH-VT
05201,ME-NH-VT
05250,ME-NH-VT
05251,ME-NH-VT
05252,ME-NH-VT
05253,ME-NH-VT
05254,ME-NH-VT
05255,ME-NH-VT
05257,ME-NH-VT
05260,ME-NH-VT
05261,ME-NH-VT
05262,ME-NH-VT
05301,ME-NH-VT
05302,ME-NH-VT
05303,ME-NH-VT
05304,ME-NH-VT
05340,ME-NH-VT
05341,ME-NH-VT
05342,ME-NH-VT
05343,ME-NH-VT
05344,ME-NH-VT
05345,ME-NH-VT
05346,ME-NH-VT
05350,ME-NH-VT
05351,ME-NH-VT
05352,ME-NH-VT
05353,ME-NH-VT
05354,ME-NH-VT
05355,ME-NH-VT
05356,ME-NH-VT
05357,ME-NH-VT
05358,ME-NH-VT
05359,ME-NH-VT
05360,ME-NH-VT
05361,ME-NH-VT
05362,ME-NH-VT
05363,ME-NH-VT
05401,ME-NH-VT
05402,ME-NH-VT
05403,ME-NH-VT
05404,ME-NH-VT
05405,ME-NH-VT
05406,ME-NH-VT
05407,ME-NH-VT
05408,ME-NH-VT
05439,ME-NH-VT
05440,ME-NH-VT
05441,ME-NH-VT
05442,ME-NH-VT
05443,ME-NH-VT
05444,ME-NH-VT
05445,ME-NH-VT
05446,ME-NH-VT
05447,ME-NH-VT
05448,ME-NH-VT
05449,ME-NH-VT
05450,ME-NH-VT
05451,ME-NH-VT
05452,ME-NH-VT
05453,ME-NH-VT
05454,ME-NH-VT
05455,ME-NH-VT
05456,ME-NH-VT
05457,ME-NH-VT
05458,ME-NH-VT
05459,ME-NH-VT
05460,ME-NH-VT
05461,ME-NH-VT
05462,ME-NH-VT
05463,ME-NH-VT
05464,ME-NH-VT
05465,ME-NH-VT
05466,ME-NH-VT
05468,ME-NH-VT
05469,ME-NH-VT
05470,ME-NH-VT
05471,ME-NH-VT
05472,ME-NH-VT
05473,ME-NH-VT
05474,ME-NH-VT
05476,ME-NH-VT
05477,ME-NH-VT
05478,ME-NH-VT
05479,ME-NH-VT
05481,ME-NH-VT
05482,ME-NH-VT
05483,ME-NH-VT
05485,ME-NH-VT
05486,ME-NH-VT
05487,ME-NH-VT
05488,ME-NH-VT
05489,ME-NH-VT
05490,ME-NH-VT
05491,ME-NH-VT
05492,ME-NH-VT
05494,ME-NH-VT
05495,ME-NH-VT
05501,MA-RI
05601,ME-NH-VT
05602,ME-NH-VT
05603,ME-NH-VT
05604,ME-NH-VT
05609,ME-NH-VT
05620,ME-NH-VT
05633,ME-NH-VT
05640,ME-NH-VT
05641,ME-NH-VT
05647,ME-NH-VT
05648,ME-NH-VT
05649,ME-NH-VT
05650,ME-NH-VT
05651,ME-NH-VT
05652,ME-NH-VT
05653,ME-NH-VT
05654,ME-NH-VT
05655,ME-NH-VT
05656,ME-NH-VT
05657,ME-NH-VT
05658,ME-NH-VT
05660,ME-NH-VT
05661,ME-NH-VT
05662,ME-NH-VT
05663,ME-NH-VT
05664,ME-NH-VT
05665,ME-NH-VT
05666,ME-NH-VT
05667,ME-NH-VT
05669,ME-NH-VT
05670,ME-NH-VT
05671,ME-NH-VT
05672,ME-NH-VT
05673,ME-NH-VT
05674,ME-NH-VT
05675,ME-NH-VT
05676,ME-NH-VT
05677,ME-NH-VT
05678,ME-NH-VT
05679,ME-NH-VT
05680,ME-NH-VT
05681,ME-NH-VT
05682,ME-NH-VT
05701,ME-NH-VT
05702,ME-NH-VT
05730,ME-NH-VT
05731,ME-NH-VT
05732,ME-NH-VT
05733,ME-NH-VT
05734,ME-NH-VT
05735,ME-NH-VT
05736,ME-NH-VT
05737,ME-NH-VT
05738,ME-NH-VT
05739,ME-NH-VT
05740,ME-NH-VT
05741,ME-NH-VT
05742,ME-NH-VT
05743,ME-NH-VT
05744,ME-NH-VT
05745,ME-NH-VT
05746,ME-NH-VT
05747,ME-NH-VT
05748,ME-NH-VT
05750,ME-NH-VT
05751,ME-NH-VT
05753,ME-NH-VT
05757,ME-NH-VT
05758,ME-NH-VT
05759,ME-NH-VT
05760,ME-NH-VT
05761,ME-NH-VT
05762,ME-NH-VT
05763,ME-NH-VT
05764,ME-NH-VT
05765,ME-NH-VT
05766,ME-NH-VT
05767,ME-NH-VT
05768,ME-NH-VT
05769,ME-NH-VT
05770,ME-NH-VT
05772,ME-NH-VT
05773,ME-NH-VT
05774,ME-NH-VT
05775,ME-NH-VT
05776,ME-NH-VT
05777,ME-NH-VT
05778,ME-NH-VT
05819,ME-NH-VT
05820,ME-NH-VT
05821,ME-NH-VT
05822,ME-NH-VT
05823,ME-NH-VT
05824,ME-NH-VT
05825,ME-NH-VT
05826,ME-NH-VT
05827,ME-NH-VT
05828,ME-NH-VT
05829,ME-NH-VT
05830,ME-NH-VT
05832,ME-NH-VT
05833,ME-NH-VT
05836,ME-NH-VT
05837,ME-NH-VT
05838,ME-NH-VT
05839,ME-NH-VT
05840,ME-NH-VT
05841,ME-NH-VT
05842,ME-NH-VT
05843,ME-NH-VT
05845,ME-NH-VT
05846,ME-NH-VT
05847,ME-NH-VT
05848,ME-NH-VT
05849,ME-NH-VT
05850,ME-NH-VT
05851,ME-NH-VT
05853,ME-NH-VT
05855,ME-NH-VT
05857,ME-NH-VT
05858,ME-NH-VT
05859,ME-NH-VT
05860,ME-NH-VT
05861,ME-NH-VT
05862,ME-NH-VT
05863,ME-NH-VT
05866,ME-NH-VT
05867,ME-NH-VT
05868,ME-NH-VT
05871,ME-NH-VT
05872,ME-NH-VT
05873,ME-NH-VT
05874,ME-NH-VT
05875,ME-NH-VT
05901,ME-NH-VT
05902,ME-NH-VT
05903,ME-NH-VT
05904,ME-NH-VT
05905,ME-NH-VT
05906,ME-NH-VT
05907,ME-NH-VT
06001,CONNECTICUT
06002,CONNECTICUT
06006,CONNECTICUT
06010,CONNECTICUT
06011,CONNECTICUT
06013,CONNECTICUT
06016,CONNECTICUT
06018,CONNECTICUT
06019,CONNECTICUT
06020,CONNECTICUT
06021,CONNECTICUT
06022,CONNECTICUT
06023,CONNECTICUT
06024,CONNECTICUT
06025,CONNECTICUT
06026,CONNECTICUT
06027,CONNECTICUT
06028,CONNECTICUT
06029,CONNECTICUT
06030,CONNECTICUT
06031,CONNECTICUT
06032,CONNECTICUT
06033,CONNECTICUT
06034,CONNECTICUT
06035,CONNECTICUT
06037,CONNECTICUT
06039,CONNECTICUT
06040,CONNECTICUT
06041,CONNECTICUT
06042,CONNECTICUT
06043,CONNECTICUT
06045,CONNECTICUT
06050,CONNECTICUT
06051,CONNECTICUT
06052,CONNECTICUT
06053,CONNECTICUT
06057,CONNECTICUT
06058,CONNECTICUT
06059,CONNECTICUT
06060,CONNECTICUT
06061,CONNECTICUT
06062,CONNECTICUT
06063,CONNECTICUT
06064,CONNECTICUT
06065,CONNECTICUT
06066,CONNECTICUT
06067,CONNECTICUT
06068,CONNECTICUT
06069,CONNECTICUT
06070,CONNECTICUT
06071,CONNECTICUT
06072,CONNECTICUT
06073,CONNECTICUT
06074,CONNECTICUT
06075,CONNECTICUT
06076,CONNECTICUT
06077,CONNECTICUT
06078,CONNECTICUT
06079,CONNECTICUT
06080,CONNECTICUT
06081,CONNECTICUT
06082,CONNECTICUT
06083,CONNECTICUT
06084,CONNECTICUT
06085,CONNECTICUT
06088,CONNECTICUT
06089,CONNECTICUT
06090,CONNECTICUT
06091,CONNECTICUT
06092,CONNECTICUT
06093,CONNECTICUT
06094,CONNECTICUT
06095,CONNECTICUT
06096,CONNECTICUT
06098,CONNECTICUT
06101,CONNECTICUT
06102,CONNECTICUT
06103,CONNECTICUT
06104,CONNECTICUT
06105,CONNECTICUT
06106,CONNECTICUT
06107,CONNECTICUT
06108,CONNECTICUT
06109,CONNECTICUT
06110,CONNECTICUT
06111,CONNECTICUT
06112,CONNECTICUT
06114,CONNECTICUT
06115,CONNECTICUT
06117,CONNECTICUT
06118,CONNECTICUT
06119,CONNECTICUT
06120,CONNECTICUT
06123,CONNECTICUT
06126,CONNECTICUT
06127,CONNECTICUT
06128,CONNECTICUT
06129,CONNECTICUT
06131,CONNECTICUT
06132,CONNECTICUT
06133,CONNECTICUT
06134,CONNECTICUT
06137,CONNECTICUT
06138,CONNECTICUT
06140,CONNECTICUT
06141,CONNECTICUT
06142,CONNECTICUT
06143,CONNECTICUT
06144,CONNECTICUT
06145,CONNECTICUT
06146,CONNECTICUT
06147,CONNECTICUT
06150,CONNECTICUT
06151,CONNECTICUT
06152,CONNECTICUT
06153,CONNECTICUT
06154,CONNECTICUT
06155,CONNECTICUT
06156,CONNECTICUT
06160,CONNECTICUT
06161,CONNECTICUT
06167,CONNECTICUT
06176,CONNECTICUT
06180,CONNECTICUT
06183,CONNECTICUT
06199,CONNECTICUT
06226,CONNECTICUT
06230,CONNECTICUT
06231,CONNECTICUT
06232,CONNECTICUT
06233,CONNECTICUT
06234,CONNECTICUT
06235,CONNECTICUT
06237,CONNECTICUT
06238,CONNECTICUT
06239,CONNECTICUT
06241,CONNECTICUT
06242,CONNECTICUT
06243,CONNECTICUT
06244,CONNECTICUT
06246,CONNECTICUT
06247,CONNECTICUT
06248,CONNECTICUT
06249,CONNECTICUT
06250,CONNECTICUT
06251,CONNECTICUT
06254,CONNECTICUT
06255,CONNECTICUT
06256,CONNECTICUT
06258,CONNECTICUT
06259,CONNECTICUT
06260,CONNECTICUT
06262,CONNECTICUT
06263,CONNECTICUT
06264,CONNECTICUT
06265,CONNECTICUT
06266,CONNECTICUT
06267,CONNECTICUT
06268,CONNECTICUT
06269,CONNECTICUT
06277,CONNECTICUT
06278,CONNECTICUT
06279,CONNECTICUT
06280,CONNECTICUT
06281,CONNECTICUT
06282,CONNECTICUT
06320,CONNECTICUT
06330,CONNECTICUT
06331,CONNECTICUT
06332,CONNECTICUT
06333,CONNECTICUT
06334,CONNECTICUT
06335,CONNECTICUT
06336,CONNECTICUT
06338,CONNECTICUT
06339,CONNECTICUT
06340,CONNECTICUT
06349,CONNECTICUT
06350,CONNECTICUT
06351,CONNECTICUT
06353,CONNECTICUT
06354,CONNECTICUT
06355,CONNECTICUT
06357,CONNECTICUT
06359,CONNECTICUT
06360,CONNECTICUT
06365,CONNECTICUT
06370,CONNECTICUT
06371,CONNECTICUT
06372,CONNECTICUT
06373,CONNECTICUT
06374,CONNECTICUT
06375,CONNECTICUT
06376,CONNECTICUT
06377,CONNECTICUT
06378,CONNECTICUT
06379,CONNECTICUT
06380,CONNECTICUT
06382,CONNECTICUT
06383,CONNECTICUT
06384,CONNECTICUT
06385,CONNECTICUT
06387,CONNECTICUT
06388,CONNECTICUT
06389,CONNECTICUT
06390,CONNECTICUT
06401,CONNECTICUT
06403,CONNECTICUT
06404,CONNECTICUT
06405,CONNECTICUT
06408,CONNECTICUT
06409,CONNECTICUT
06410,CONNECTICUT
06411,CONNECTICUT
06412,CONNECTICUT
06413,CONNECTICUT
06414,CONNECTICUT
06415,CONNECTICUT
06416,CONNECTICUT
06417,CONNECTICUT
06418,CONNECTICUT
06419,CONNECTICUT
06420,CONNECTICUT
06422,CONNECTICUT
06423,CONNECTICUT
06424,CONNECTICUT
06426,CONNECTICUT
06437,CONNECTICUT
06438,CONNECTICUT
06439,CONNECTICUT
06440,CONNECTICUT
06441,CONNECTICUT
06442,CONNECTICUT
06443,CONNECTICUT
06444,CONNECTICUT
06447,CONNECTICUT
06450,CONNECTICUT
06451,CONNECTICUT
06455,CONNECTICUT
06456,CONNECTICUT
06457,CONNECTICUT
06459,CONNECTICUT
06460,CONNECTICUT
06461,CONNECTICUT
06467,CONNECTICUT
06468,CONNECTICUT
06469,CONNECTICUT
06470,CONNECTICUT
06471,CONNECTICUT
06472,CONNECTICUT
06473,CONNECTICUT
06474,CONNECTICUT
06475,CONNECTICUT
06477,CONNECTICUT
06478,CONNECTICUT
06479,CONNECTICUT
06480,CONNECTICUT
06481,CONNECTICUT
06482,CONNECTICUT
06483,CONNECTICUT
06484,CONNECTICUT
06487,CONNECTICUT
06488,CONNECTICUT
06489,CONNECTICUT
06491,CONNECTICUT
06492,CONNECTICUT
06493,CONNECTICUT
06494,CONNECTICUT
06495,CONNECTICUT
06498,CONNECTICUT
06501,CONNECTICUT
06502,CONNECTICUT
06503,CONNECTICUT
06504,CONNECTICUT
06505,CONNECTICUT
06506,CONNECTICUT
06507,CONNECTICUT
06508,CONNECTICUT
06509,CONNECTICUT
06510,CONNECTICUT
06511,CONNECTICUT
06512,CONNECTICUT
06513,CONNECTICUT
06514,CONNECTICUT
06515,CONNECTICUT
06516,CONNECTICUT
06517,CONNECTICUT
06518,CONNECTICUT
06519,CONNECTICUT
06520,CONNECTICUT
06521,CONNECTICUT
06524,CONNECTICUT
06525,CONNECTICUT
06530,CONNECTICUT
06531,CONNECTICUT
06532,CONNECTICUT
06533,CONNECTICUT
06534,CONNECTICUT
06535,CONNECTICUT
06536,CONNECTICUT
06537,CONNECTICUT
06538,CONNECTICUT
06540,CONNECTICUT
06601,CONNECTICUT
06602,CONNECTICUT
06604,CONNECTICUT
06605,CONNECTICUT
06606,CONNECTICUT
06607,CONNECTICUT
06608,CONNECTICUT
06610,CONNECTICUT
06611,CONNECTICUT
06612,CONNECTICUT
06614,CONNECTICUT
06615,CONNECTICUT
06673,CONNECTICUT
06699,CONNECTICUT
06701,CONNECTICUT
06702,CONNECTICUT
06703,CONNECTICUT
06704,CONNECTICUT
06705,CONNECTICUT
06706,CONNECTICUT
06708,CONNECTICUT
06710,CONNECTICUT
06712,CONNECTICUT
06716,CONNECTICUT
06720,CONNECTICUT
06721,CONNECTICUT
06722,CONNECTICUT
06723,CONNECTICUT
06724,CONNECTICUT
06725,CONNECTICUT
06726,CONNECTICUT
06750,CONNECTICUT
06751,CONNECTICUT
06752,CONNECTICUT
06753,CONNECTICUT
06754,CONNECTICUT
06755,CONNECTICUT
06756,CONNECTICUT
06757,CONNECTICUT
06758,CONNECTICUT
06759,CONNECTICUT
06762,CONNECTICUT
06763,CONNECTICUT
06770,CONNECTICUT
06776,CONNECTICUT
06777,CONNECTICUT
06778,CONNECTICUT
06779,CONNECTICUT
06781,CONNECTICUT
06782,CONNECTICUT
06783,CONNECTICUT
06784,CONNECTICUT
06785,CONNECTICUT
06786,CONNECTICUT
06787,CONNECTICUT
06790,CONNECTICUT
06791,CONNECTICUT
06792,CONNECTICUT
06793,CONNECTICUT
06794,CONNECTICUT
06795,CONNECTICUT
06796,CONNECTICUT
06798,CONNECTICUT
06801,CONNECTICUT
06804,CONNECTICUT
06807,CONNECTICUT
06810,CONNECTICUT
06811,CONNECTICUT
06812,CONNECTICUT
06813,CONNECTICUT
06820,CONNECTICUT
06824,CONNECTICUT
06825,CONNECTICUT
06828,CONNECTICUT
06829,CONNECTICUT
06830,CONNECTICUT
06831,CONNECTICUT
06836,CONNECTICUT
06838,CONNECTICUT
06840,CONNECTICUT
06850,CONNECTICUT
06851,CONNECTICUT
06852,CONNECTICUT
06853,CONNECTICUT
06854,CONNECTICUT
06855,CONNECTICUT
06856,CONNECTICUT
06857,CONNECTICUT
06858,CONNECTICUT
06860,CONNECTICUT
06870,CONNECTICUT
06875,CONNECTICUT
06876,CONNECTICUT
06877,CONNECTICUT
06878,CONNECTICUT
06879,CONNECTICUT
06880,CONNECTICUT
06881,CONNECTICUT
06883,CONNECTICUT
06888,CONNECTICUT
06889,CONNECTICUT
06890,CONNECTICUT
06896,CONNECTICUT
06897,CONNECTICUT
06901,CONNECTICUT
06902,CONNECTICUT
06903,CONNECTICUT
06904,CONNECTICUT
06905,CONNECTICUT
06906,CONNECTICUT
06907,CONNECTICUT
06910,CONNECTICUT
06911,CONNECTICUT
06912,CONNECTICUT
06913,CONNECTICUT
06914,CONNECTICUT
06926,CONNECTICUT
06927,CONNECTICUT
07001,NEW JERSEY
07002,NEW JERSEY
07003,NEW JERSEY
07004,NEW JERSEY
07005,NEW JERSEY
07006,NEW JERSEY
07007,NEW JERSEY
07008,NEW JERSEY
07009,NEW JERSEY
07010,NEW JERSEY
07011,NEW JERSEY
07012,NEW JERSEY
07013,NEW JERSEY
07014,NEW JERSEY
07015,NEW JERSEY
07016,NEW JERSEY
07017,NEW JERSEY
07018,NEW JERSEY
07019,NEW JERSEY
07020,NEW JERSEY
07021,NEW JERSEY
07022,NEW JERSEY
07023,NEW JERSEY
07024,NEW JERSEY
07026,NEW JERSEY
07027,NEW JERSEY
07028,NEW JERSEY
07029,NEW JERSEY
07030,NEW JERSEY
07031,NEW JERSEY
07032,NEW JERSEY
07033,NEW JERSEY
07034,NEW JERSEY
07035,NEW JERSEY
07036,NEW JERSEY
07039,NEW JERSEY
07040,NEW JERSEY
07041,NEW JERSEY
07042,NEW JERSEY
07043,NEW JERSEY
07044,NEW JERSEY
07045,NEW JERSEY
07046,NEW JERSEY
07047,NEW JERSEY
07050,NEW JERSEY
07051,NEW JERSEY
07052,NEW JERSEY
07054,NEW JERSEY
07055,NEW JERSEY
07057,NEW JERSEY
07058,NEW JERSEY
07059,NEW JERSEY
07060,NEW JERSEY
07061,NEW JERSEY
07062,NEW JERSEY
07063,NEW JERSEY
07064,NEW JERSEY
07065,NEW JERSEY
07066,NEW JERSEY
07067,NEW JERSEY
07068,NEW JERSEY
07069,NEW JERSEY
07070,NEW JERSEY
07071,NEW JERSEY
07072,NEW JERSEY
07073,NEW JERSEY
07074,NEW JERSEY
07075,NEW JERSEY
07076,NEW JERSEY
07077,NEW JERSEY
07078,NEW JERSEY
07079,NEW JERSEY
07080,NEW JERSEY
07081,NEW JERSEY
07082,NEW JERSEY
07083,NEW JERSEY
07086,NEW JERSEY
07087,NEW JERSEY
07088,NEW JERSEY
07090,NEW JERSEY
07091,NEW JERSEY
07092,NEW JERSEY
07093,NEW JERSEY
07094,NEW JERSEY
07095,NEW JERSEY
07096,NEW JERSEY
07097,NEW JERSEY
07099,NEW JERSEY
07101,NEW JERSEY
07102,NEW JERSEY
07103,NEW JERSEY
07104,NEW JERSEY
07105,NEW JERSEY
07106,NEW JERSEY
07107,NEW JERSEY
07108,NEW JERSEY
07109,NEW JERSEY
07110,NEW JERSEY
07111,NEW JERSEY
07112,NEW JERSEY
07114,NEW JERSEY
07175,NEW JERSEY
07184,NEW JERSEY
07188,NEW JERSEY
07189,NEW JERSEY
07191,NEW JERSEY
07192,NEW JERSEY
07193,NEW JERSEY
07195,NEW JERSEY
07198,NEW JERSEY
07199,NEW JERSEY
07201,NEW JERSEY
07202,NEW JERSEY
07203,NEW JERSEY
07204,NEW JERSEY
07205,NEW JERSEY
07206,NEW JERSEY
07207,NEW JERSEY
07208,NEW JERSEY
07302,NEW JERSEY
07303,NEW JERSEY
07304,NEW JERSEY
07305,NEW JERSEY
07306,NEW JERSEY
07307,NEW JERSEY
07308,NEW JERSEY
07310,NEW JERSEY
07311,NEW JERSEY
07395,NEW JERSEY
07399,NEW JERSEY
07401,NEW JERSEY
07403,NEW JERSEY
07405,NEW JERSEY
07407,NEW JERSEY
07410,NEW JERSEY
07416,NEW JERSEY
07417,NEW JERSEY
07418,NEW JERSEY
07419,NEW JERSEY
07420,NEW JERSEY
07421,NEW JERSEY
07422,NEW JERSEY
07423,NEW JERSEY
07424,NEW JERSEY
07428,NEW JERSEY
07430,NEW JERSEY
07432,NEW JERSEY
07435,NEW JERSEY
07436,NEW JERSEY
07438,NEW JERSEY
07439,NEW JERSEY
07440,NEW JERSEY
07442,NEW JERSEY
07444,NEW JERSEY
07446,NEW JERSEY
07450,NEW JERSEY
07451,NEW JERSEY
07452,NEW JERSEY
07456,NEW JERSEY
07457,NEW JERSEY
07458,NEW JERSEY
07460,NEW JERSEY
07461,NEW JERSEY
07462,NEW JERSEY
07463,NEW JERSEY
07465,NEW JERSEY
07470,NEW JERSEY
07474,NEW JERSEY
07480,NEW JERSEY
07481,NEW JERSEY
07495,NEW JERSEY
07501,NEW JERSEY
07502,NEW JERSEY
07503,NEW JERSEY
07504,NEW JERSEY
07505,NEW JERSEY
07506,NEW JERSEY
07507,NEW JERSEY
07508,NEW JERSEY
07509,NEW JERSEY
07510,NEW JERSEY
07511,NEW JERSEY
07512,NEW JERSEY
07513,NEW JERSEY
07514,NEW JERSEY
07522,NEW JERSEY
07524,NEW JERSEY
07533,NEW JERSEY
07538,NEW JERSEY
07543,NEW JERSEY
07544,NEW JERSEY
07601,NEW JERSEY
07602,NEW JERSEY
07603,NEW JERSEY
07604,NEW JERSEY
07605,NEW JERSEY
07606,NEW JERSEY
07607,NEW JERSEY
07608,NEW JERSEY
07620,NEW JERSEY
07621,NEW JERSEY
07624,NEW JERSEY
07626,NEW JERSEY
07627,NEW JERSEY
07628,NEW JERSEY
07630,NEW JERSEY
07631,NEW JERSEY
07632,NEW JERSEY
07640,NEW JERSEY
07641,NEW JERSEY
07642,NEW JERSEY
07643,NEW JERSEY
07644,NEW JERSEY
07645,NEW JERSEY
07646,NEW JERSEY
07647,NEW JERSEY
07648,NEW JERSEY
07649,NEW JERSEY
07650,NEW JERSEY
07652,NEW JERSEY
07653,NEW JERSEY
07656,NEW JERSEY
07657,NEW JERSEY
07660,NEW JERSEY
07661,NEW JERSEY
07662,NEW JERSEY
07663,NEW JERSEY
07666,NEW JERSEY
07670,NEW JERSEY
07675,NEW JERSEY
07676,NEW JERSEY
07677,NEW JERSEY
07699,NEW JERSEY
07701,NEW JERSEY
07702,NEW JERSEY
07703,NEW JERSEY
07704,NEW JERSEY
07710,NEW JERSEY
07711,NEW JERSEY
07712,NEW JERSEY
07715,NEW JERSEY
07716,NEW JERSEY
07717,NEW JERSEY
07718,NEW JERSEY
07719,NEW JERSEY
07720,NEW JERSEY
07721,NEW JERSEY
07722,NEW JERSEY
07723,NEW JERSEY
07724,NEW JERSEY
07726,NEW JERSEY
07727,NEW JERSEY
07728,NEW JERSEY
07730,NEW JERSEY
07731,NEW JERSEY
07732,NEW JERSEY
07733,NEW JERSEY
07734,NEW JERSEY
07735,NEW JERSEY
07737,NEW JERSEY
07738,NEW JERSEY
07739,NEW JERSEY
07740,NEW JERSEY
07746,NEW JERSEY
07747,NEW JERSEY
07748,NEW JERSEY
07750,NEW JERSEY
07751,NEW JERSEY
07752,NEW JERSEY
07753,NEW JERSEY
07754,NEW JERSEY
07755,NEW JERSEY
07756,NEW JERSEY
07757,NEW JERSEY
07758,NEW JERSEY
07760,NEW JERSEY
07762,NEW JERSEY
07763,NEW JERSEY
07764,NEW JERSEY
07765,NEW JERSEY
07799,NEW JERSEY
07801,NEW JERSEY
07802,NEW JERSEY
07803,NEW JERSEY
07806,NEW JERSEY
07820,NEW JERSEY
07821,NEW JERSEY
07822,NEW JERSEY
07823,NEW JERSEY
07825,NEW JERSEY
07826,NEW JERSEY
07827,NEW JERSEY
07828,NEW JERSEY
07830,NEW JERSEY
07831,NEW JERSEY
07832,NEW JERSEY
07833,NEW JERSEY
07834,NEW JERSEY
07836,NEW JERSEY
07837,NEW JERSEY
07838,NEW JERSEY
07839,NEW JERSEY
07840,NEW JERSEY
07842,NEW JERSEY
07843,NEW JERSEY
07844,NEW JERSEY
07845,NEW JERSEY
07846,NEW JERSEY
07847,NEW JERSEY
07848,NEW JERSEY
07849,NEW JERSEY
07850,NEW JERSEY
07851,NEW JERSEY
07852,NEW JERSEY
07853,NEW JERSEY
07855,NEW JERSEY
07856,NEW JERSEY
07857,NEW JERSEY
07860,NEW JERSEY
07863,NEW JERSEY
07865,NEW JERSEY
07866,NEW JERSEY
07869,NEW JERSEY
07870,NEW JERSEY
07871,NEW JERSEY
07874,NEW JERSEY
07875,NEW JERSEY
07876,NEW JERSEY
07877,NEW JERSEY
07878,NEW JERSEY
07879,NEW JERSEY
07880,NEW JERSEY
07881,NEW JERSEY
07882,NEW JERSEY
07885,NEW JERSEY
07890,NEW JERSEY
07901,NEW JERSEY
07902,NEW JERSEY
07920,NEW JERSEY
07921,NEW JERSEY
07922,NEW JERSEY
07924,NEW JERSEY
07926,NEW JERSEY
07927,NEW JERSEY
07928,NEW JERSEY
07930,NEW JERSEY
07931,NEW JERSEY
07932,NEW JERSEY
07933,NEW JERSEY
07934,NEW JERSEY
07935,NEW JERSEY
07936,NEW JERSEY
07938,NEW JERSEY
07939,NEW JERSEY
07940,NEW JERSEY
07945,NEW JERSEY
07946,NEW JERSEY
07950,NEW JERSEY
07960,NEW JERSEY
07961,NEW JERSEY
07962,NEW JERSEY
07963,NEW JERSEY
07970,NEW JERSEY
07974,NEW JERSEY
07976,NEW JERSEY
07977,NEW JERSEY
07978,NEW JERSEY
07979,NEW JERSEY
07980,NEW JERSEY
07981,NEW JERSEY
07999,NEW JERSEY
08001,NEW JERSEY
08002,NEW JERSEY
08003,NEW JERSEY
08004,NEW JERSEY
08005,NEW JERSEY
08006,NEW JERSEY
08007,NEW JERSEY
08008,NEW JERSEY
08009,NEW JERSEY
08010,NEW JERSEY
08011,NEW JERSEY
08012,NEW JERSEY
08014,NEW JERSEY
08015,NEW JERSEY
08016,NEW JERSEY
08018,NEW JERSEY
08019,NEW JERSEY
08020,NEW JERSEY
08021,NEW JERSEY
08022,NEW JERSEY
08023,NEW JERSEY
08025,NEW JERSEY
08026,NEW JERSEY
08027,NEW JERSEY
08028,NEW JERSEY
08029,NEW JERSEY
08030,NEW JERSEY
08031,NEW JERSEY
08032,NEW JERSEY
08033,NEW JERSEY
08034,NEW JERSEY
08035,NEW JERSEY
08036,NEW JERSEY
08037,NEW JERSEY
08038,NEW JERSEY
08039,NEW JERSEY
08041,NEW JERSEY
08042,NEW JERSEY
08043,NEW JERSEY
08045,NEW JERSEY
08046,NEW JERSEY
08048,NEW JERSEY
08049,NEW JERSEY
08050,NEW JERSEY
08051,NEW JERSEY
08052,NEW JERSEY
08053,NEW JERSEY
08054,NEW JERSEY
08055,NEW JERSEY
08056,NEW JERSEY
08057,NEW JERSEY
08059,NEW JERSEY
08060,NEW JERSEY
08061,NEW JERSEY
08062,NEW JERSEY
08063,NEW JERSEY
08064,NEW JERSEY
08065,NEW JERSEY
08066,NEW JERSEY
08067,NEW JERSEY
08068,NEW JERSEY
08069,NEW JERSEY
08070,NEW JERSEY
08071,NEW JERSEY
08072,NEW JERSEY
08073,NEW JERSEY
08074,NEW JERSEY
08075,NEW JERSEY
08076,NEW JERSEY
08077,NEW JERSEY
08078,NEW JERSEY
08079,NEW JERSEY
08080,NEW JERSEY
08081,NEW JERSEY
08083,NEW JERSEY
08084,NEW JERSEY
08085,NEW JERSEY
08086,NEW JERSEY
08087,NEW JERSEY
08088,NEW JERSEY
08089,NEW JERSEY
08090,NEW JERSEY
08091,NEW JERSEY
08092,NEW JERSEY
08093,NEW JERSEY
08094,NEW JERSEY
08095,NEW JERSEY
08096,NEW JERSEY
08097,NEW JERSEY
08098,NEW JERSEY
08099,NEW JERSEY
08101,NEW JERSEY
08102,NEW JERSEY
08103,NEW JERSEY
08104,NEW JERSEY
08105,NEW JERSEY
08106,NEW JERSEY
08107,NEW JERSEY
08108,NEW JERSEY
08109,NEW JERSEY
08110,NEW JERSEY
08201,NEW JERSEY
08202,NEW JERSEY
08203,NEW JERSEY
08204,NEW JERSEY
08205,NEW JERSEY
08210,NEW JERSEY
08212,NEW JERSEY
08213,NEW JERSEY
08214,NEW JERSEY
08215,NEW JERSEY
08217,NEW JERSEY
08218,NEW JERSEY
08219,NEW JERSEY
08220,NEW JERSEY
08221,NEW JERSEY
08223,NEW JERSEY
08224,NEW JERSEY
08225,NEW JERSEY
08226,NEW JERSEY
08230,NEW JERSEY
08231,NEW JERSEY
08232,NEW JERSEY
08234,NEW JERSEY
08240,NEW JERSEY
08241,NEW JERSEY
08242,NEW JERSEY
08243,NEW JERSEY
08244,NEW JERSEY
08245,NEW JERSEY
08246,NEW JERSEY
08247,NEW JERSEY
08248,NEW JERSEY
08250,NEW JERSEY
08251,NEW JERSEY
08252,NEW JERSEY
08260,NEW JERSEY
08270,NEW JERSEY
08302,NEW JERSEY
08310,NEW JERSEY
08311,NEW JERSEY
08312,NEW JERSEY
08313,NEW JERSEY
08314,NEW JERSEY
08315,NEW JERSEY
08316,NEW JERSEY
08317,NEW JERSEY
08318,NEW JERSEY
08319,NEW JERSEY
08320,NEW JERSEY
08321,NEW JERSEY
08322,NEW JERSEY
08323,NEW JERSEY
08324,NEW JERSEY
08326,NEW JERSEY
08327,NEW JERSEY
08328,NEW JERSEY
08329,NEW JERSEY
08330,NEW JERSEY
08332,NEW JERSEY
08340,NEW JERSEY
08341,NEW JERSEY
08342,NEW JERSEY
08343,NEW JERSEY
08344,NEW JERSEY
08345,NEW JERSEY
08346,NEW JERSEY
08347,NEW JERSEY
08348,NEW JERSEY
08349,NEW JERSEY
08350,NEW JERSEY
08352,NEW JERSEY
08353,NEW JERSEY
08360,NEW JERSEY
08361,NEW JERSEY
08362,NEW JERSEY
08401,NEW JERSEY
08402,NEW JERSEY
08403,NEW JERSEY
08404,NEW JERSEY
08405,NEW JERSEY
08406,NEW JERSEY
08501,NEW JERSEY
08502,NEW JERSEY
08504,NEW JERSEY
08505,NEW JERSEY
08510,NEW JERSEY
08511,NEW JERSEY
08512,NEW JERSEY
08514,NEW JERSEY
08515,NEW JERSEY
08518,NEW JERSEY
08520,NEW JERSEY
08525,NEW JERSEY
08526,NEW JERSEY
08527,NEW JERSEY
08528,NEW JERSEY
08530,NEW JERSEY
08533,NEW JERSEY
08534,NEW JERSEY
08535,NEW JERSEY
08536,NEW JERSEY
08540,NEW JERSEY
08541,NEW JERSEY
08542,NEW JERSEY
08543,NEW JERSEY
08544,NEW JERSEY
08550,NEW JERSEY
08551,NEW JERSEY
08553,NEW JERSEY
08554,NEW JERSEY
08555,NEW JERSEY
08556,NEW JERSEY
08557,NEW JERSEY
08558,NEW JERSEY
08559,NEW JERSEY
08560,NEW JERSEY
08561,NEW JERSEY
08562,NEW JERSEY
08601,NEW JERSEY
08602,NEW JERSEY
08603,NEW JERSEY
08604,NEW JERSEY
08605,NEW JERSEY
08606,NEW JERSEY
08607,NEW JERSEY
08608,NEW JERSEY
08609,NEW JERSEY
08610,NEW JERSEY
08611,NEW JERSEY
08618,NEW JERSEY
08619,NEW JERSEY
08620,NEW JERSEY
08625,NEW JERSEY
08628,NEW JERSEY
08629,NEW JERSEY
08638,NEW JERSEY
08640,NEW JERSEY
08641,NEW JERSEY
08645,NEW JERSEY
08646,NEW JERSEY
08647,NEW JERSEY
08648,NEW JERSEY
08650,NEW JERSEY
08666,NEW JERSEY
08690,NEW JERSEY
08691,NEW JERSEY
08695,NEW JERSEY
08701,NEW JERSEY
08720,NEW JERSEY
08721,NEW JERSEY
08722,NEW JERSEY
08723,NEW JERSEY
08724,NEW JERSEY
08730,NEW JERSEY
08731,NEW JERSEY
08732,NEW JERSEY
08733,NEW JERSEY
08734,NEW JERSEY
08735,NEW JERSEY
08736,NEW JERSEY
08738,NEW JERSEY
08739,NEW JERSEY
08740,NEW JERSEY
08741,NEW JERSEY
08742,NEW JERSEY
08750,NEW JERSEY
08751,NEW JERSEY
08752,NEW JERSEY
08753,NEW JERSEY
08754,NEW JERSEY
08755,NEW JERSEY
08756,NEW JERSEY
08757,NEW JERSEY
08758,NEW JERSEY
08759,NEW JERSEY
08801,NEW JERSEY
08802,NEW JERSEY
08803,NEW JERSEY
08804,NEW JERSEY
08805,NEW JERSEY
08807,NEW JERSEY
08808,NEW JERSEY
08809,NEW JERSEY
08810,NEW JERSEY
08812,NEW JERSEY
08816,NEW JERSEY
08817,NEW JERSEY
08818,NEW JERSEY
08820,NEW JERSEY
08821,NEW JERSEY
08822,NEW JERSEY
08823,NEW JERSEY
08824,NEW JERSEY
08825,NEW JERSEY
08826,NEW JERSEY
08827,NEW JERSEY
08828,NEW JERSEY
08829,NEW JERSEY
08830,NEW JERSEY
08831,NEW JERSEY
08832,NEW JERSEY
08833,NEW JERSEY
08834,NEW JERSEY
08835,NEW JERSEY
08836,NEW JERSEY
08837,NEW JERSEY
08840,NEW JERSEY
08844,NEW JERSEY
08846,NEW JERSEY
08848,NEW JERSEY
08850,NEW JERSEY
08852,NEW JERSEY
08853,NEW JERSEY
08854,NEW JERSEY
08855,NEW JERSEY
08857,NEW JERSEY
08858,NEW JERSEY
08859,NEW JERSEY
08861,NEW JERSEY
08862,NEW JERSEY
08863,NEW JERSEY
08865,NEW JERSEY
08867,NEW JERSEY
08868,NEW JERSEY
08869,NEW JERSEY
08870,NEW JERSEY
08871,NEW JERSEY
08872,NEW JERSEY
08873,NEW JERSEY
08875,NEW JERSEY
08876,NEW JERSEY
08879,NEW JERSEY
08880,NEW JERSEY
08882,NEW JERSEY
08884,NEW JERSEY
08885,NEW JERSEY
08886,NEW JERSEY
08887,NEW JERSEY
08888,NEW JERSEY
08889,NEW JERSEY
08890,NEW JERSEY
08899,NEW JERSEY
08901,NEW JERSEY
08902,NEW JERSEY
08903,NEW JERSEY
08904,NEW JERSEY
08906,NEW JERSEY
08933,NEW JERSEY
08989,NEW JERSEY
09000,MILITARY POSTAL SERV
09002,MILITARY POSTAL SERV
09005,MILITARY POSTAL SERV
09008,MILITARY POSTAL SERV
09009,MILITARY POSTAL SERV
09010,MILITARY POSTAL SERV
09011,MILITARY POSTAL SERV
09012,MILITARY POSTAL SERV
09015,MILITARY POSTAL SERV
09016,MILITARY POSTAL SERV
09017,MILITARY POSTAL SERV
09018,MILITARY POSTAL SERV
09020,MILITARY POSTAL SERV
09021,MILITARY POSTAL SERV
09034,MILITARY POSTAL SERV
09044,MILITARY POSTAL SERV
09046,MILITARY POSTAL SERV
09049,MILITARY POSTAL SERV
09053,MILITARY POSTAL SERV
09060,MILITARY POSTAL SERV
09067,MILITARY POSTAL SERV
09068,MILITARY POSTAL SERV
09069,MILITARY POSTAL SERV
09079,MILITARY POSTAL SERV
09094,MILITARY POSTAL SERV
09095,MILITARY POSTAL SERV
09096,MILITARY POSTAL SERV
09100,MILITARY POSTAL SERV
09103,MILITARY POSTAL SERV
09104,MILITARY POSTAL SERV
09112,MILITARY POSTAL SERV
09114,MILITARY POSTAL SERV
09116,MILITARY POSTAL SERV
09123,MILITARY POSTAL SERV
09126,MILITARY POSTAL SERV
09128,MILITARY POSTAL SERV
09135,MILITARY POSTAL SERV
09136,MILITARY POSTAL SERV
09140,MILITARY POSTAL SERV
09142,MILITARY POSTAL SERV
09154,MILITARY POSTAL SERV
09160,MILITARY POSTAL SERV
09170,MILITARY POSTAL SERV
09171,MILITARY POSTAL SERV
09173,MILITARY POSTAL SERV
09174,MILITARY POSTAL SERV
09175,MILITARY POSTAL SERV
09176,MILITARY POSTAL SERV
09178,MILITARY POSTAL SERV
09179,MILITARY POSTAL SERV
09180,MILITARY POSTAL SERV
09181,MILITARY POSTAL SERV
09203,MILITARY POSTAL SERV
09204,MILITARY POSTAL SERV
09205,MILITARY POSTAL SERV
09211,MILITARY POSTAL SERV
09213,MILITARY POSTAL SERV
09214,MILITARY POSTAL SERV
09216,MILITARY POSTAL SERV
09227,MILITARY POSTAL SERV
09240,MILITARY POSTAL SERV
09241,MILITARY POSTAL SERV
09242,MILITARY POSTAL SERV
09250,MILITARY POSTAL SERV
09261,MILITARY POSTAL SERV
09263,MILITARY POSTAL SERV
09265,MILITARY POSTAL SERV
09266,MILITARY POSTAL SERV
09276,MILITARY POSTAL SERV
09277,MILITARY POSTAL SERV
09278,MILITARY POSTAL SERV
09279,MILITARY POSTAL SERV
09280,MILITARY POSTAL SERV
09281,MILITARY POSTAL SERV
09282,MILITARY POSTAL SERV
09283,MILITARY POSTAL SERV
09284,MILITARY POSTAL SERV
09285,MILITARY POSTAL SERV
09287,MILITARY POSTAL SERV
09288,MILITARY POSTAL SERV
09289,MILITARY POSTAL SERV
09290,MILITARY POSTAL SERV
09291,MILITARY POSTAL SERV
09292,MILITARY POSTAL SERV
09293,MILITARY POSTAL SERV
09294,MILITARY POSTAL SERV
09295,MILITARY POSTAL SERV
09296,MILITARY POSTAL SERV
09297,MILITARY POSTAL SERV
09298,MILITARY POSTAL SERV
09299,MILITARY POSTAL SERV
09301,MILITARY POSTAL SERV
09303,MILITARY POSTAL SERV
09305,MILITARY POSTAL SERV
09306,MILITARY POSTAL SERV
09307,MILITARY POSTAL SERV
09309,MILITARY POSTAL SERV
09310,MILITARY POSTAL SERV
09312,MILITARY POSTAL SERV
09315,MILITARY POSTAL SERV
09316,MILITARY POSTAL SERV
09317,MILITARY POSTAL SERV
09321,MILITARY POSTAL SERV
09330,MILITARY POSTAL SERV
09343,MILITARY POSTAL SERV
09357,MILITARY POSTAL SERV
09365,MILITARY POSTAL SERV
09366,MILITARY POSTAL SERV
09401,MILITARY POSTAL SERV
09403,MILITARY POSTAL SERV
09410,MILITARY POSTAL SERV
09421,MILITARY POSTAL SERV
09424,MILITARY POSTAL SERV
09447,MILITARY POSTAL SERV
09454,MILITARY POSTAL SERV
09456,MILITARY POSTAL SERV
09459,MILITARY POSTAL SERV
09461,MILITARY POSTAL SERV
09463,MILITARY POSTAL SERV
09464,MILITARY POSTAL SERV
09467,MILITARY POSTAL SERV
09468,MILITARY POSTAL SERV
09469,MILITARY POSTAL SERV
09470,MILITARY POSTAL SERV
09487,MILITARY POSTAL SERV
09488,MILITARY POSTAL SERV
09489,MILITARY POSTAL SERV
09490,MILITARY POSTAL SERV
09491,MILITARY POSTAL SERV
09494,MILITARY POSTAL SERV
09498,MILITARY POSTAL SERV
09501,MILITARY POSTAL SERV
09502,MILITARY POSTAL SERV
09503,MILITARY POSTAL SERV
09504,MILITARY POSTAL SERV
09505,MILITARY POSTAL SERV
09506,MILITARY POSTAL SERV
09507,MILITARY POSTAL SERV
09508,MILITARY POSTAL SERV
09509,MILITARY POSTAL SERV
09510,MILITARY POSTAL SERV
09511,MILITARY POSTAL SERV
09512,MILITARY POSTAL SERV
09513,MILITARY POSTAL SERV
09514,MILITARY POSTAL SERV
09515,MILITARY POSTAL SERV
09516,MILITARY POSTAL SERV
09517,MILITARY POSTAL SERV
09518,MILITARY POSTAL SERV
09523,MILITARY POSTAL SERV
09524,MILITARY POSTAL SERV
09532,MILITARY POSTAL SERV
09533,MILITARY POSTAL SERV
09534,MILITARY POSTAL SERV
09541,MILITARY POSTAL SERV
09542,MILITARY POSTAL SERV
09543,MILITARY POSTAL SERV
09544,MILITARY POSTAL SERV
09545,MILITARY POSTAL SERV
09550,MILITARY POSTAL SERV
09554,MILITARY POSTAL SERV
09556,MILITARY POSTAL SERV
09564,MILITARY POSTAL SERV
09565,MILITARY POSTAL SERV
09566,MILITARY POSTAL SERV
09567,MILITARY POSTAL SERV
09568,MILITARY POSTAL SERV
09569,MILITARY POSTAL SERV
09570,MILITARY POSTAL SERV
09573,MILITARY POSTAL SERV
09575,MILITARY POSTAL SERV
09576,MILITARY POSTAL SERV
09577,MILITARY POSTAL SERV
09578,MILITARY POSTAL SERV
09579,MILITARY POSTAL SERV
09581,MILITARY POSTAL SERV
09582,MILITARY POSTAL SERV
09583,MILITARY POSTAL SERV
09586,MILITARY POSTAL SERV
09587,MILITARY POSTAL SERV
09588,MILITARY POSTAL SERV
09590,MILITARY POSTAL SERV
09591,MILITARY POSTAL SERV
09592,MILITARY POSTAL SERV
09594,MILITARY POSTAL SERV
09595,MILITARY POSTAL SERV
09596,MILITARY POSTAL SERV
09599,MILITARY POSTAL SERV
09600,MILITARY POSTAL SERV
09602,MILITARY POSTAL SERV
09603,MILITARY POSTAL SERV
09604,MILITARY POSTAL SERV
09606,MILITARY POSTAL SERV
09608,MILITARY POSTAL SERV
09609,MILITARY POSTAL SERV
09610,MILITARY POSTAL SERV
09613,MILITARY POSTAL SERV
09614,MILITARY POSTAL SERV
09618,MILITARY POSTAL SERV
09620,MILITARY POSTAL SERV
09621,MILITARY POSTAL SERV
09622,MILITARY POSTAL SERV
09623,MILITARY POSTAL SERV
09624,MILITARY POSTAL SERV
09625,MILITARY POSTAL SERV
09627,MILITARY POSTAL SERV
09630,MILITARY POSTAL SERV
09633,MILITARY POSTAL SERV
09634,MILITARY POSTAL SERV
09636,MILITARY POSTAL SERV
09642,MILITARY POSTAL SERV
09643,MILITARY POSTAL SERV
09645,MILITARY POSTAL SERV
09647,MILITARY POSTAL SERV
09648,MILITARY POSTAL SERV
09649,MILITARY POSTAL SERV
09701,MILITARY POSTAL SERV
09703,MILITARY POSTAL SERV
09704,MILITARY POSTAL SERV
09705,MILITARY POSTAL SERV
09706,MILITARY POSTAL SERV
09707,MILITARY POSTAL SERV
09708,MILITARY POSTAL SERV
09709,MILITARY POSTAL SERV
09710,MILITARY POSTAL SERV
09711,MILITARY POSTAL SERV
09712,MILITARY POSTAL SERV
09714,MILITARY POSTAL SERV
09715,MILITARY POSTAL SERV
09716,MILITARY POSTAL SERV
09717,MILITARY POSTAL SERV
09718,MILITARY POSTAL SERV
09719,MILITARY POSTAL SERV
09720,MILITARY POSTAL SERV
09722,MILITARY POSTAL SERV
09723,MILITARY POSTAL SERV
09724,MILITARY POSTAL SERV
09725,MILITARY POSTAL SERV
09726,MILITARY POSTAL SERV
09727,MILITARY POSTAL SERV
09728,MILITARY POSTAL SERV
09729,MILITARY POSTAL SERV
09730,MILITARY POSTAL SERV
09731,MILITARY POSTAL SERV
09732,MILITARY POSTAL SERV
09733,MILITARY POSTAL SERV
09734,MILITARY POSTAL SERV
09735,MILITARY POSTAL SERV
09736,MILITARY POSTAL SERV
09737,MILITARY POSTAL SERV
09738,MILITARY POSTAL SERV
09739,MILITARY POSTAL SERV
09741,MILITARY POSTAL SERV
09742,MILITARY POSTAL SERV
09743,MILITARY POSTAL SERV
09744,MILITARY POSTAL SERV
09745,MILITARY POSTAL SERV
09748,MILITARY POSTAL SERV
09749,MILITARY POSTAL SERV
09750,MILITARY POSTAL SERV
09751,MILITARY POSTAL SERV
09752,MILITARY POSTAL SERV
09753,MILITARY POSTAL SERV
09754,MILITARY POSTAL SERV
09755,MILITARY POSTAL SERV
09756,MILITARY POSTAL SERV
09759,MILITARY POSTAL SERV
09761,MILITARY POSTAL SERV
09762,MILITARY POSTAL SERV
09769,MILITARY POSTAL SERV
09777,MILITARY POSTAL SERV
09780,MILITARY POSTAL SERV
09801,MILITARY POSTAL SERV
09802,MILITARY POSTAL SERV
09803,MILITARY POSTAL SERV
09804,MILITARY POSTAL SERV
09805,MILITARY POSTAL SERV
09806,MILITARY POSTAL SERV
09808,MILITARY POSTAL SERV
09809,MILITARY POSTAL SERV
09810,MILITARY POSTAL SERV
09812,MILITARY POSTAL SERV
09813,MILITARY POSTAL SERV
09814,MILITARY POSTAL SERV
09815,MILITARY POSTAL SERV
09816,MILITARY POSTAL SERV
09817,MILITARY POSTAL SERV
09818,MILITARY POSTAL SERV
09820,MILITARY POSTAL SERV
09821,MILITARY POSTAL SERV
09822,MILITARY POSTAL SERV
09823,MILITARY POSTAL SERV
09824,MILITARY POSTAL SERV
09825,MILITARY POSTAL SERV
09826,MILITARY POSTAL SERV
09827,MILITARY POSTAL SERV
09828,MILITARY POSTAL SERV
09829,MILITARY POSTAL SERV
09830,MILITARY POSTAL SERV
09831,MILITARY POSTAL SERV
09832,MILITARY POSTAL SERV
09833,MILITARY POSTAL SERV
09834,MILITARY POSTAL SERV
09835,MILITARY POSTAL SERV
09836,MILITARY POSTAL SERV
09837,MILITARY POSTAL SERV
09838,MILITARY POSTAL SERV
09839,MILITARY POSTAL SERV
09840,MILITARY POSTAL SERV
09842,MILITARY POSTAL SERV
09844,MILITARY POSTAL SERV
09845,MILITARY POSTAL SERV
09846,MILITARY POSTAL SERV
09847,MILITARY POSTAL SERV
09848,MILITARY POSTAL SERV
09853,MILITARY POSTAL SERV
09854,MILITARY POSTAL SERV
09855,MILITARY POSTAL SERV
09856,MILITARY POSTAL SERV
09857,MILITARY POSTAL SERV
09859,MILITARY POSTAL SERV
09860,MILITARY POSTAL SERV
09862,MILITARY POSTAL SERV
09864,MILITARY POSTAL SERV
09867,MILITARY POSTAL SERV
09869,MILITARY POSTAL SERV
09870,MILITARY POSTAL SERV
09873,MILITARY POSTAL SERV
09874,MILITARY POSTAL SERV
09877,MILITARY POSTAL SERV
09880,MILITARY POSTAL SERV
09892,MILITARY POSTAL SERV
09895,MILITARY POSTAL SERV
09898,MILITARY POSTAL SERV
09902,MILITARY POSTAL SERV
09903,MILITARY POSTAL SERV
09904,MILITARY POSTAL SERV
09905,MILITARY POSTAL SERV
09974,MILITARY POSTAL SERV
09975,MILITARY POSTAL SERV
09976,MILITARY POSTAL SERV
09977,MILITARY POSTAL SERV
09980,MILITARY POSTAL SERV
09981,MILITARY POSTAL SERV
09982,MILITARY POSTAL SERV
09983,MILITARY POSTAL SERV
09984,MILITARY POSTAL SERV
10001,NEW YORK
10002,NEW YORK
10003,NEW YORK
10004,NEW YORK
10005,NEW YORK
10006,NEW YORK
10007,NEW YORK
10008,NEW YORK
10009,NEW YORK
10010,NEW YORK
10011,NEW YORK
10012,NEW YORK
10013,NEW YORK
10014,NEW YORK
10016,NEW YORK
10017,NEW YORK
10018,NEW YORK
10019,NEW YORK
10020,NEW YORK
10021,NEW YORK
10022,NEW YORK
10023,NEW YORK
10024,NEW YORK
10025,NEW YORK
10026,NEW YORK
10027,NEW YORK
10028,NEW YORK
10029,NEW YORK
10030,NEW YORK
10031,NEW YORK
10032,NEW YORK
10033,NEW YORK
10034,NEW YORK
10035,NEW YORK
10036,NEW YORK
10037,NEW YORK
10038,NEW YORK
10039,NEW YORK
10040,NEW YORK
10041,NEW YORK
10043,NEW YORK
10044,NEW YORK
10045,NEW YORK
10055,NEW YORK
10060,NEW YORK
10065,NEW YORK
10069,NEW YORK
10075,NEW YORK
10080,NEW YORK
10081,NEW YORK
10087,NEW YORK
10090,NEW YORK
10101,NEW YORK
10102,NEW YORK
10103,NEW YORK
10104,NEW YORK
10105,NEW YORK
10106,NEW YORK
10107,NEW YORK
10108,NEW YORK
10109,NEW YORK
10110,NEW YORK
10111,NEW YORK
10112,NEW YORK
10113,NEW YORK
10114,NEW YORK
10115,NEW YORK
10116,NEW YORK
10117,NEW YORK
10118,NEW YORK
10119,NEW YORK
10120,NEW YORK
10121,NEW YORK
10122,NEW YORK
10123,NEW YORK
10124,NEW YORK
10125,NEW YORK
10126,NEW YORK
10128,NEW YORK
10129,NEW YORK
10130,NEW YORK
10131,NEW YORK
10132,NEW YORK
10133,NEW YORK
10138,NEW YORK
10150,NEW YORK
10151,NEW YORK
10152,NEW YORK
10153,NEW YORK
10154,NEW YORK
10155,NEW YORK
10156,NEW YORK
10157,NEW YORK
10158,NEW YORK
10159,NEW YORK
10160,NEW YORK
10162,NEW YORK
10163,NEW YORK
10164,NEW YORK
10165,NEW YORK
10166,NEW YORK
10167,NEW YORK
10168,NEW YORK
10169,NEW YORK
10170,NEW YORK
10171,NEW YORK
10172,NEW YORK
10173,NEW YORK
10174,NEW YORK
10175,NEW YORK
10176,NEW YORK
10177,NEW YORK
10178,NEW YORK
10179,NEW YORK
10185,NEW YORK
10199,NEW YORK
10203,NEW YORK
10211,NEW YORK
10212,NEW YORK
10213,NEW YORK
10242,NEW YORK
10249,NEW YORK
10256,NEW YORK
10258,NEW YORK
10259,NEW YORK
10260,NEW YORK
10261,NEW YORK
10265,NEW YORK
10268,NEW YORK
10269,NEW YORK
10270,NEW YORK
10271,NEW YORK
10272,NEW YORK
10273,NEW YORK
10274,NEW YORK
10275,NEW YORK
10276,NEW YORK
10277,NEW YORK
10278,NEW YORK
10279,NEW YORK
10280,NEW YORK
10281,NEW YORK
10282,NEW YORK
10285,NEW YORK
10286,NEW YORK
10301,NEW YORK
10302,NEW YORK
10303,NEW YORK
10304,NEW YORK
10305,NEW YORK
10306,NEW YORK
10307,NEW YORK
10308,NEW YORK
10309,NEW YORK
10310,NEW YORK
10311,NEW YORK
10312,NEW YORK
10313,NEW YORK
10314,NEW YORK
10451,NEW YORK
10452,NEW YORK
10453,NEW YORK
10454,NEW YORK
10455,NEW YORK
10456,NEW YORK
10457,NEW YORK
10458,NEW YORK
10459,NEW YORK
10460,NEW YORK
10461,NEW YORK
10462,NEW YORK
10463,NEW YORK
10464,NEW YORK
10465,NEW YORK
10466,NEW YORK
10467,NEW YORK
10468,NEW YORK
10469,NEW YORK
10470,NEW YORK
10471,NEW YORK
10472,NEW YORK
10473,NEW YORK
10474,NEW YORK
10475,NEW YORK
10501,NEW YORK
10502,NEW YORK
10503,NEW YORK
10504,NEW YORK
10505,NEW YORK
10506,NEW YORK
10507,NEW YORK
10509,NEW YORK
10510,NEW YORK
10511,NEW YORK
10512,NEW YORK
10514,NEW YORK
10516,NEW YORK
10517,NEW YORK
10518,NEW YORK
10519,NEW YORK
10520,NEW YORK
10521,NEW YORK
10522,NEW YORK
10523,NEW YORK
10524,NEW YORK
10526,NEW YORK
10527,NEW YORK
10528,NEW YORK
10530,NEW YORK
10532,NEW YORK
10533,NEW YORK
10535,NEW YORK
10536,NEW YORK
10537,NEW YORK
10538,NEW YORK
10540,NEW YORK
10541,NEW YORK
10542,NEW YORK
10543,NEW YORK
10545,NEW YORK
10546,NEW YORK
10547,NEW YORK
10548,NEW YORK
10549,NEW YORK
10550,NEW YORK
10551,NEW YORK
10552,NEW YORK
10553,NEW YORK
10560,NEW YORK
10562,NEW YORK
10566,NEW YORK
10567,NEW YORK
10570,NEW YORK
10573,NEW YORK
10576,NEW YORK
10577,NEW YORK
10578,NEW YORK
10579,NEW YORK
10580,NEW YORK
10583,NEW YORK
10587,NEW YORK
10588,NEW YORK
10589,NEW YORK
10590,NEW YORK
10591,NEW YORK
10594,NEW YORK
10595,NEW YORK
10596,NEW YORK
10597,NEW YORK
10598,NEW YORK
10601,NEW YORK
10602,NEW YORK
10603,NEW YORK
10604,NEW YORK
10605,NEW YORK
10606,NEW YORK
10607,NEW YORK
10610,NEW YORK
10701,NEW YORK
10702,NEW YORK
10703,NEW YORK
10704,NEW YORK
10705,NEW YORK
10706,NEW YORK
10707,NEW YORK
10708,NEW YORK
10709,NEW YORK
10710,NEW YORK
10801,NEW YORK
10802,NEW YORK
10803,NEW YORK
10804,NEW YORK
10805,NEW YORK
10901,NEW YORK
10910,NEW YORK
10911,NEW YORK
10912,NEW YORK
10913,NEW YORK
10914,NEW YORK
10915,NEW YORK
10916,NEW YORK
10917,NEW YORK
10918,NEW YORK
10919,NEW YORK
10920,NEW YORK
10921,NEW YORK
10922,NEW YORK
10923,NEW YORK
10924,NEW YORK
10925,NEW YORK
10926,NEW YORK
10927,NEW YORK
10928,NEW YORK
10930,NEW YORK
10931,NEW YORK
10932,NEW YORK
10933,NEW YORK
10940,NEW YORK
10941,NEW YORK
10949,NEW YORK
10950,NEW YORK
10952,NEW YORK
10953,NEW YORK
10954,NEW YORK
10956,NEW YORK
10958,NEW YORK
10959,NEW YORK
10960,NEW YORK
10962,NEW YORK
10963,NEW YORK
10964,NEW YORK
10965,NEW YORK
10968,NEW YORK
10969,NEW YORK
10970,NEW YORK
10973,NEW YORK
10974,NEW YORK
10975,NEW YORK
10976,NEW YORK
10977,NEW YORK
10979,NEW YORK
10980,NEW YORK
10981,NEW YORK
10982,NEW YORK
10983,NEW YORK
10984,NEW YORK
10985,NEW YORK
10986,NEW YORK
10987,NEW YORK
10988,NEW YORK
10989,NEW YORK
10990,NEW YORK
10992,NEW YORK
10993,NEW YORK
10994,NEW YORK
10996,NEW YORK
10997,NEW YORK
10998,NEW YORK
11001,NEW YORK
11002,NEW YORK
11003,NEW YORK
11004,NEW YORK
11005,NEW YORK
11010,NEW YORK
11020,NEW YORK
11021,NEW YORK
11022,NEW YORK
11023,NEW YORK
11024,NEW YORK
11030,NEW YORK
11040,NEW YORK
11042,NEW YORK
11050,NEW YORK
11096,NEW YORK
11101,NEW YORK
11102,NEW YORK
11103,NEW YORK
11104,NEW YORK
11105,NEW YORK
11106,NEW YORK
11109,NEW YORK
11120,NEW YORK
11201,NEW YORK
11202,NEW YORK
11203,NEW YORK
11204,NEW YORK
11205,NEW YORK
11206,NEW YORK
11207,NEW YORK
11208,NEW YORK
11209,NEW YORK
11210,NEW YORK
11211,NEW YORK
11212,NEW YORK
11213,NEW YORK
11214,NEW YORK
11215,NEW YORK
11216,NEW YORK
11217,NEW YORK
11218,NEW YORK
11219,NEW YORK
11220,NEW YORK
11221,NEW YORK
11222,NEW YORK
11223,NEW YORK
11224,NEW YORK
11225,NEW YORK
11226,NEW YORK
11228,NEW YORK
11229,NEW YORK
11230,NEW YORK
11231,NEW YORK
11232,NEW YORK
11233,NEW YORK
11234,NEW YORK
11235,NEW YORK
11236,NEW YORK
11237,NEW YORK
11238,NEW YORK
11239,NEW YORK
11241,NEW YORK
11242,NEW YORK
11243,NEW YORK
11245,NEW YORK
11247,NEW YORK
11249,NEW YORK
11251,NEW YORK
11252,NEW YORK
11256,NEW YORK
11351,NEW YORK
11352,NEW YORK
11354,NEW YORK
11355,NEW YORK
11356,NEW YORK
11357,NEW YORK
11358,NEW YORK
11359,NEW YORK
11360,NEW YORK
11361,NEW YORK
11362,NEW YORK
11363,NEW YORK
11364,NEW YORK
11365,NEW YORK
11366,NEW YORK
11367,NEW YORK
11368,NEW YORK
11369,NEW YORK
11370,NEW YORK
11371,NEW YORK
11372,NEW YORK
11373,NEW YORK
11374,NEW YORK
11375,NEW YORK
11377,NEW YORK
11378,NEW YORK
11379,NEW YORK
11380,NEW YORK
11385,NEW YORK
11386,NEW YORK
11405,NEW YORK
11411,NEW YORK
11412,NEW YORK
11413,NEW YORK
11414,NEW YORK
11415,NEW YORK
11416,NEW YORK
11417,NEW YORK
11418,NEW YORK
11419,NEW YORK
11420,NEW YORK
11421,NEW YORK
11422,NEW YORK
11423,NEW YORK
11424,NEW YORK
11425,NEW YORK
11426,NEW YORK
11427,NEW YORK
11428,NEW YORK
11429,NEW YORK
11430,NEW YORK
11431,NEW YORK
11432,NEW YORK
11433,NEW YORK
11434,NEW YORK
11435,NEW YORK
11436,NEW YORK
11437,NEW YORK
11439,NEW YORK
11451,NEW YORK
11499,NEW YORK
11501,NEW YORK
11507,NEW YORK
11509,NEW YORK
11510,NEW YORK
11514,NEW YORK
11516,NEW YORK
11518,NEW YORK
11520,NEW YORK
11530,NEW YORK
11531,NEW YORK
11542,NEW YORK
11545,NEW YORK
11547,NEW YORK
11548,NEW YORK
11549,NEW YORK
11550,NEW YORK
11551,NEW YORK
11552,NEW YORK
11553,NEW YORK
11554,NEW YORK
11555,NEW YORK
11556,NEW YORK
11557,NEW YORK
11558,NEW YORK
11559,NEW YORK
11560,NEW YORK
11561,NEW YORK
11563,NEW YORK
11565,NEW YORK
11566,NEW YORK
11568,NEW YORK
11569,NEW YORK
11570,NEW YORK
11571,NEW YORK
11572,NEW YORK
11575,NEW YORK
11576,NEW YORK
11577,NEW YORK
11579,NEW YORK
11580,NEW YORK
11581,NEW YORK
11582,NEW YORK
11590,NEW YORK
11596,NEW YORK
11598,NEW YORK
11599,NEW YORK
11690,NEW YORK
11691,NEW YORK
11692,NEW YORK
11693,NEW YORK
11694,NEW YORK
11695,NEW YORK
11697,NEW YORK
11701,NEW YORK
11702,NEW YORK
11703,NEW YORK
11704,NEW YORK
11705,NEW YORK
11706,NEW YORK
11707,NEW YORK
11709,NEW YORK
11710,NEW YORK
11713,NEW YORK
11714,NEW YORK
11715,NEW YORK
11716,NEW YORK
11717,NEW YORK
11718,NEW YORK
11719,NEW YORK
11720,NEW YORK
11721,NEW YORK
11722,NEW YORK
11724,NEW YORK
11725,NEW YORK
11726,NEW YORK
11727,NEW YORK
11729,NEW YORK
11730,NEW YORK
11731,NEW YORK
11732,NEW YORK
11733,NEW YORK
11735,NEW YORK
11737,NEW YORK
11738,NEW YORK
11739,NEW YORK
11740,NEW YORK
11741,NEW YORK
11742,NEW YORK
11743,NEW YORK
11746,NEW YORK
11747,NEW YORK
11749,NEW YORK
11751,NEW YORK
11752,NEW YORK
11753,NEW YORK
11754,NEW YORK
11755,NEW YORK
11756,NEW YORK
11757,NEW YORK
11758,NEW YORK
11760,NEW YORK
11762,NEW YORK
11763,NEW YORK
11764,NEW YORK
11765,NEW YORK
11766,NEW YORK
11767,NEW YORK
11768,NEW YORK
11769,NEW YORK
11770,NEW YORK
11771,NEW YORK
11772,NEW YORK
11773,NEW YORK
11775,NEW YORK
11776,NEW YORK
11777,NEW YORK
11778,NEW YORK
11779,NEW YORK
11780,NEW YORK
11782,NEW YORK
11783,NEW YORK
11784,NEW YORK
11786,NEW YORK
11787,NEW YORK
11788,NEW YORK
11789,NEW YORK
11790,NEW YORK
11791,NEW YORK
11792,NEW YORK
11793,NEW YORK
11794,NEW YORK
11795,NEW YORK
11796,NEW YORK
11797,NEW YORK
11798,NEW YORK
11801,NEW YORK
11802,NEW YORK
11803,NEW YORK
11804,NEW YORK
11805,NEW YORK
11815,NEW YORK
11853,NEW YORK
11901,NEW YORK
11930,NEW YORK
11931,NEW YORK
11932,NEW YORK
11933,NEW YORK
11934,NEW YORK
11935,NEW YORK
11937,NEW YORK
11939,NEW YORK
11940,NEW YORK
11941,NEW YORK
11942,NEW YORK
11944,NEW YORK
11946,NEW YORK
11947,NEW YORK
11948,NEW YORK
11949,NEW YORK
11950,NEW YORK
11951,NEW YORK
11952,NEW YORK
11953,NEW YORK
11954,NEW YORK
11955,NEW YORK
11956,NEW YORK
11957,NEW YORK
11958,NEW YORK
11959,NEW YORK
11960,NEW YORK
11961,NEW YORK
11962,NEW YORK
11963,NEW YORK
11964,NEW YORK
11965,NEW YORK
11967,NEW YORK
11968,NEW YORK
11969,NEW YORK
11970,NEW YORK
11971,NEW YORK
11972,NEW YORK
11973,NEW YORK
11975,NEW YORK
11976,NEW YORK
11977,NEW YORK
11978,NEW YORK
11980,NEW YORK
12007,NEW YORK
12008,NEW YORK
12009,NEW YORK
12010,NEW YORK
12015,NEW YORK
12016,NEW YORK
12017,NEW YORK
12018,NEW YORK
12019,NEW YORK
12020,NEW YORK
12022,NEW YORK
12023,NEW YORK
12024,NEW YORK
12025,NEW YORK
12027,NEW YORK
12028,NEW YORK
12029,NEW YORK
12031,NEW YORK
12032,NEW YORK
12033,NEW YORK
12035,NEW YORK
12036,NEW YORK
12037,NEW YORK
12040,NEW YORK
12041,NEW YORK
12042,NEW YORK
12043,NEW YORK
12045,NEW YORK
12046,NEW YORK
12047,NEW YORK
12050,NEW YORK
12051,NEW YORK
12052,NEW YORK
12053,NEW YORK
12054,NEW YORK
12055,NEW YORK
12056,NEW YORK
12057,NEW YORK
12058,NEW YORK
12059,NEW YORK
12060,NEW YORK
12061,NEW YORK
12062,NEW YORK
12063,NEW YORK
12064,NEW YORK
12065,NEW YORK
12066,NEW YORK
12067,NEW YORK
12068,NEW YORK
12069,NEW YORK
12070,NEW YORK
12071,NEW YORK
12072,NEW YORK
12073,NEW YORK
12074,NEW YORK
12075,NEW YORK
12076,NEW YORK
12077,NEW YORK
12078,NEW YORK
12082,NEW YORK
12083,NEW YORK
12084,NEW YORK
12085,NEW YORK
12086,NEW YORK
12087,NEW YORK
12089,NEW YORK
12090,NEW YORK
12092,NEW YORK
12093,NEW YORK
12094,NEW YORK
12095,NEW YORK
12106,NEW YORK
12107,NEW YORK
12108,NEW YORK
12110,NEW YORK
12115,NEW YORK
12116,NEW YORK
12117,NEW YORK
12118,NEW YORK
12120,NEW YORK
12121,NEW YORK
12122,NEW YORK
12123,NEW YORK
12124,NEW YORK
12125,NEW YORK
12128,NEW YORK
12130,NEW YORK
12131,NEW YORK
12132,NEW YORK
12133,NEW YORK
12134,NEW YORK
12136,NEW YORK
12137,NEW YORK
12138,NEW YORK
12139,NEW YORK
12140,NEW YORK
12141,NEW YORK
12143,NEW YORK
12144,NEW YORK
12147,NEW YORK
12148,NEW YORK
12149,NEW YORK
12150,NEW YORK
12151,NEW YORK
12153,NEW YORK
12154,NEW YORK
12155,NEW YORK
12156,NEW YORK
12157,NEW YORK
12158,NEW YORK
12159,NEW YORK
12160,NEW YORK
12161,NEW YORK
12164,NEW YORK
12165,NEW YORK
12166,NEW YORK
12167,NEW YORK
12168,NEW YORK
12169,NEW YORK
12170,NEW YORK
12172,NEW YORK
12173,NEW YORK
12174,NEW YORK
12175,NEW YORK
12176,NEW YORK
12177,NEW YORK
12180,NEW YORK
12181,NEW YORK
12182,NEW YORK
12183,NEW YORK
12184,NEW YORK
12185,NEW YORK
12186,NEW YORK
12187,NEW YORK
12188,NEW YORK
12189,NEW YORK
12190,NEW YORK
12192,NEW YORK
12193,NEW YORK
12194,NEW YORK
12195,NEW YORK
12196,NEW YORK
12197,NEW YORK
12198,NEW YORK
12201,NEW YORK
12202,NEW YORK
12203,NEW YORK
12204,NEW YORK
12205,NEW YORK
12206,NEW YORK
12207,NEW YORK
12208,NEW YORK
12209,NEW YORK
12210,NEW YORK
12211,NEW YORK
12212,NEW YORK
12214,NEW YORK
12220,NEW YORK
12222,NEW YORK
12223,NEW YORK
12224,NEW YORK
12225,NEW YORK
12226,NEW YORK
12227,NEW YORK
12228,NEW YORK
12229,NEW YORK
12230,NEW YORK
12231,NEW YORK
12232,NEW YORK
12233,NEW YORK
12234,NEW YORK
12235,NEW YORK
12236,NEW YORK
12237,NEW YORK
12238,NEW YORK
12239,NEW YORK
12240,NEW YORK
12241,NEW YORK
12242,NEW YORK
12243,NEW YORK
12244,NEW YORK
12245,NEW YORK
12246,NEW YORK
12247,NEW YORK
12248,NEW YORK
12249,NEW YORK
12250,NEW YORK
12255,NEW YORK
12257,NEW YORK
12260,NEW YORK
12261,NEW YORK
12288,NEW YORK
12301,NEW YORK
12302,NEW YORK
12303,NEW YORK
12304,NEW YORK
12305,NEW YORK
12306,NEW YORK
12307,NEW YORK
12308,NEW YORK
12309,NEW YORK
12325,NEW YORK
12345,NEW YORK
12401,NEW YORK
12402,NEW YORK
12404,NEW YORK
12405,NEW YORK
12406,NEW YORK
12407,NEW YORK
12409,NEW YORK
12410,NEW YORK
12411,NEW YORK
12412,NEW YORK
12413,NEW YORK
12414,NEW YORK
12416,NEW YORK
12417,NEW YORK
12418,NEW YORK
12419,NEW YORK
12420,NEW YORK
12421,NEW YORK
12422,NEW YORK
12423,NEW YORK
12424,NEW YORK
12427,NEW YORK
12428,NEW YORK
12429,NEW YORK
12430,NEW YORK
12431,NEW YORK
12432,NEW YORK
12433,NEW YORK
12434,NEW YORK
12435,NEW YORK
12436,NEW YORK
12438,NEW YORK
12439,NEW YORK
12440,NEW YORK
12441,NEW YORK
12442,NEW YORK
12443,NEW YORK
12444,NEW YORK
12446,NEW YORK
12448,NEW YORK
12449,NEW YORK
12450,NEW YORK
12451,NEW YORK
12452,NEW YORK
12453,NEW YORK
12454,NEW YORK
12455,NEW YORK
12456,NEW YORK
12457,NEW YORK
12458,NEW YORK
12459,NEW YORK
12460,NEW YORK
12461,NEW YORK
12463,NEW YORK
12464,NEW YORK
12465,NEW YORK
12466,NEW YORK
12468,NEW YORK
12469,NEW YORK
12470,NEW YORK
12471,NEW YORK
12472,NEW YORK
12473,NEW YORK
12474,NEW YORK
12475,NEW YORK
12477,NEW YORK
12480,NEW YORK
12481,NEW YORK
12482,NEW YORK
12483,NEW YORK
12484,NEW YORK
12485,NEW YORK
12486,NEW YORK
12487,NEW YORK
12489,NEW YORK
12490,NEW YORK
12491,NEW YORK
12492,NEW YORK
12493,NEW YORK
12494,NEW YORK
12495,NEW YORK
12496,NEW YORK
12498,NEW YORK
12501,NEW YORK
12502,NEW YORK
12503,NEW YORK
12504,NEW YORK
12506,NEW YORK
12507,NEW YORK
12508,NEW YORK
12510,NEW YORK
12511,NEW YORK
12512,NEW YORK
12513,NEW YORK
12514,NEW YORK
12515,NEW YORK
12516,NEW YORK
12517,NEW YORK
12518,NEW YORK
12520,NEW YORK
12521,NEW YORK
12522,NEW YORK
12523,NEW YORK
12524,NEW YORK
12525,NEW YORK
12526,NEW YORK
12527,NEW YORK
12528,NEW YORK
12529,NEW YORK
12530,NEW YORK
12531,NEW YORK
12533,NEW YORK
12534,NEW YORK
12537,NEW YORK
12538,NEW YORK
12540,NEW YORK
12541,NEW YORK
12542,NEW YORK
12543,NEW YORK
12544,NEW YORK
12545,NEW YORK
12546,NEW YORK
12547,NEW YORK
12548,NEW YORK
12549,NEW YORK
12550,NEW YORK
12551,NEW YORK
12552,NEW YORK
12553,NEW YORK
12555,NEW YORK
12561,NEW YORK
12563,NEW YORK
12564,NEW YORK
12565,NEW YORK
12566,NEW YORK
12567,NEW YORK
12568,NEW YORK
12569,NEW YORK
12570,NEW YORK
12571,NEW YORK
12572,NEW YORK
12574,NEW YORK
12575,NEW YORK
12577,NEW YORK
12578,NEW YORK
12580,NEW YORK
12581,NEW YORK
12582,NEW YORK
12583,NEW YORK
12584,NEW YORK
12585,NEW YORK
12586,NEW YORK
12588,NEW YORK
12589,NEW YORK
12590,NEW YORK
12592,NEW YORK
12594,NEW YORK
12601,NEW YORK
12602,NEW YORK
12603,NEW YORK
12604,NEW YORK
12701,NEW YORK
12719,NEW YORK
12720,NEW YORK
12721,NEW YORK
12722,NEW YORK
12723,NEW YORK
12724,NEW YORK
12725,NEW YORK
12726,NEW YORK
12727,NEW YORK
12729,NEW YORK
12732,NEW YORK
12733,NEW YORK
12734,NEW YORK
12736,NEW YORK
12737,NEW YORK
12738,NEW YORK
12740,NEW YORK
12741,NEW YORK
12742,NEW YORK
12743,NEW YORK
12745,NEW YORK
12746,NEW YORK
12747,NEW YORK
12748,NEW YORK
12749,NEW YORK
12750,NEW YORK
12751,NEW YORK
12752,NEW YORK
12754,NEW YORK
12758,NEW YORK
12759,NEW YORK
12760,NEW YORK
12762,NEW YORK
12763,NEW YORK
12764,NEW YORK
12765,NEW YORK
12766,NEW YORK
12767,NEW YORK
12768,NEW YORK
12769,NEW YORK
12770,NEW YORK
12771,NEW YORK
12775,NEW YORK
12776,NEW YORK
12777,NEW YORK
12778,NEW YORK
12779,NEW YORK
12780,NEW YORK
12781,NEW YORK
12783,NEW YORK
12784,NEW YORK
12785,NEW YORK
12786,NEW YORK
12787,NEW YORK
12788,NEW YORK
12789,NEW YORK
12790,NEW YORK
12791,NEW YORK
12792,NEW YORK
12801,NEW YORK
12803,NEW YORK
12804,NEW YORK
12808,NEW YORK
12809,NEW YORK
12810,NEW YORK
12811,NEW YORK
12812,NEW YORK
12814,NEW YORK
12815,NEW YORK
12816,NEW YORK
12817,NEW YORK
12819,NEW YORK
12820,NEW YORK
12821,NEW YORK
12822,NEW YORK
12823,NEW YORK
12824,NEW YORK
12827,NEW YORK
12828,NEW YORK
12831,NEW YORK
12832,NEW YORK
12833,NEW YORK
12834,NEW YORK
12835,NEW YORK
12836,NEW YORK
12837,NEW YORK
12838,NEW YORK
12839,NEW YORK
12841,NEW YORK
12842,NEW YORK
12843,NEW YORK
12844,NEW YORK
12845,NEW YORK
12846,NEW YORK
12847,NEW YORK
12848,NEW YORK
12849,NEW YORK
12850,NEW YORK
12851,NEW YORK
12852,NEW YORK
12853,NEW YORK
12854,NEW YORK
12855,NEW YORK
12856,NEW YORK
12857,NEW YORK
12858,NEW YORK
12859,NEW YORK
12860,NEW YORK
12861,NEW YORK
12862,NEW YORK
12863,NEW YORK
12864,NEW YORK
12865,NEW YORK
12866,NEW YORK
12870,NEW YORK
12871,NEW YORK
12872,NEW YORK
12873,NEW YORK
12874,NEW YORK
12878,NEW YORK
12879,NEW YORK
12883,NEW YORK
12884,NEW YORK
12885,NEW YORK
12886,NEW YORK
12887,NEW YORK
12901,NEW YORK
12903,NEW YORK
12910,NEW YORK
12911,NEW YORK
12912,NEW YORK
12913,NEW YORK
12914,NEW YORK
12915,NEW YORK
12916,NEW YORK
12917,NEW YORK
12918,NEW YORK
12919,NEW YORK
12920,NEW YORK
12921,NEW YORK
12922,NEW YORK
12923,NEW YORK
12924,NEW YORK
12926,NEW YORK
12927,NEW YORK
12928,NEW YORK
12929,NEW YORK
12930,NEW YORK
12932,NEW YORK
12933,NEW YORK
12934,NEW YORK
12935,NEW YORK
12936,NEW YORK
12937,NEW YORK
12939,NEW YORK
12941,NEW YORK
12942,NEW YORK
12943,NEW YORK
12944,NEW YORK
12945,NEW YORK
12946,NEW YORK
12949,NEW YORK
12950,NEW YORK
12952,NEW YORK
12953,NEW YORK
12955,NEW YORK
12956,NEW YORK
12957,NEW YORK
12958,NEW YORK
12959,NEW YORK
12960,NEW YORK
12961,NEW YORK
12962,NEW YORK
12964,NEW YORK
12965,NEW YORK
12966,NEW YORK
12967,NEW YORK
12969,NEW YORK
12970,NEW YORK
12972,NEW YORK
12973,NEW YORK
12974,NEW YORK
12975,NEW YORK
12976,NEW YORK
12977,NEW YORK
12978,NEW YORK
12979,NEW YORK
12980,NEW YORK
12981,NEW YORK
12983,NEW YORK
12985,NEW YORK
12986,NEW YORK
12987,NEW YORK
12989,NEW YORK
12992,NEW YORK
12993,NEW YORK
12995,NEW YORK
12996,NEW YORK
12997,NEW YORK
12998,NEW YORK
13020,NEW YORK
13021,NEW YORK
13022,NEW YORK
13024,NEW YORK
13026,NEW YORK
13027,NEW YORK
13028,NEW YORK
13029,NEW YORK
13030,NEW YORK
13031,NEW YORK
13032,NEW YORK
13033,NEW YORK
13034,NEW YORK
13035,NEW YORK
13036,NEW YORK
13037,NEW YORK
13039,NEW YORK
13040,NEW YORK
13041,NEW YORK
13042,NEW YORK
13043,NEW YORK
13044,NEW YORK
13045,NEW YORK
13051,NEW YORK
13052,NEW YORK
13053,NEW YORK
13054,NEW YORK
13056,NEW YORK
13057,NEW YORK
13060,NEW YORK
13061,NEW YORK
13062,NEW YORK
13063,NEW YORK
13064,NEW YORK
13065,NEW YORK
13066,NEW YORK
13068,NEW YORK
13069,NEW YORK
13071,NEW YORK
13072,NEW YORK
13073,NEW YORK
13074,NEW YORK
13076,NEW YORK
13077,NEW YORK
13078,NEW YORK
13080,NEW YORK
13081,NEW YORK
13082,NEW YORK
13083,NEW YORK
13084,NEW YORK
13087,NEW YORK
13088,NEW YORK
13089,NEW YORK
13090,NEW YORK
13092,NEW YORK
13093,NEW YORK
13101,NEW YORK
13102,NEW YORK
13103,NEW YORK
13104,NEW YORK
13107,NEW YORK
13108,NEW YORK
13110,NEW YORK
13111,NEW YORK
13112,NEW YORK
13113,NEW YORK
13114,NEW YORK
13115,NEW YORK
13116,NEW YORK
13117,NEW YORK
13118,NEW YORK
13119,NEW YORK
13120,NEW YORK
13121,NEW YORK
13122,NEW YORK
13123,NEW YORK
13124,NEW YORK
13126,NEW YORK
13131,NEW YORK
13132,NEW YORK
13134,NEW YORK
13135,NEW YORK
13136,NEW YORK
13137,NEW YORK
13138,NEW YORK
13139,NEW YORK
13140,NEW YORK
13141,NEW YORK
13142,NEW YORK
13143,NEW YORK
13144,NEW YORK
13145,NEW YORK
13146,NEW YORK
13147,NEW YORK
13148,NEW YORK
13152,NEW YORK
13153,NEW YORK
13154,NEW YORK
13155,NEW YORK
13156,NEW YORK
13157,NEW YORK
13158,NEW YORK
13159,NEW YORK
13160,NEW YORK
13162,NEW YORK
13163,NEW YORK
13164,NEW YORK
13165,NEW YORK
13166,NEW YORK
13167,NEW YORK
13201,NEW YORK
13202,NEW YORK
13203,NEW YORK
13204,NEW YORK
13205,NEW YORK
13206,NEW YORK
13207,NEW YORK
13208,NEW YORK
13209,NEW YORK
13210,NEW YORK
13211,NEW YORK
13212,NEW YORK
13214,NEW YORK
13215,NEW YORK
13217,NEW YORK
13218,NEW YORK
13219,NEW YORK
13220,NEW YORK
13221,NEW YORK
13224,NEW YORK
13225,NEW YORK
13235,NEW YORK
13244,NEW YORK
13250,NEW YORK
13251,NEW YORK
13252,NEW YORK
13261,NEW YORK
13290,NEW YORK
13301,NEW YORK
13302,NEW YORK
13303,NEW YORK
13304,NEW YORK
13305,NEW YORK
13308,NEW YORK
13309,NEW YORK
13310,NEW YORK
13312,NEW YORK
13313,NEW YORK
13314,NEW YORK
13315,NEW YORK
13316,NEW YORK
13317,NEW YORK
13318,NEW YORK
13319,NEW YORK
13320,NEW YORK
13321,NEW YORK
13322,NEW YORK
13323,NEW YORK
13324,NEW YORK
13325,NEW YORK
13326,NEW YORK
13327,NEW YORK
13328,NEW YORK
13329,NEW YORK
13331,NEW YORK
13332,NEW YORK
13333,NEW YORK
13334,NEW YORK
13335,NEW YORK
13337,NEW YORK
13338,NEW YORK
13339,NEW YORK
13340,NEW YORK
13341,NEW YORK
13342,NEW YORK
13343,NEW YORK
13345,NEW YORK
13346,NEW YORK
13348,NEW YORK
13350,NEW YORK
13352,NEW YORK
13353,NEW YORK
13354,NEW YORK
13355,NEW YORK
13357,NEW YORK
13360,NEW YORK
13361,NEW YORK
13362,NEW YORK
13363,NEW YORK
13364,NEW YORK
13365,NEW YORK
13367,NEW YORK
13368,NEW YORK
13401,NEW YORK
13402,NEW YORK
13403,NEW YORK
13404,NEW YORK
13406,NEW YORK
13407,NEW YORK
13408,NEW YORK
13409,NEW YORK
13410,NEW YORK
13411,NEW YORK
13413,NEW YORK
13415,NEW YORK
13416,NEW YORK
13417,NEW YORK
13418,NEW YORK
13420,NEW YORK
13421,NEW YORK
13424,NEW YORK
13425,NEW YORK
13426,NEW YORK
13428,NEW YORK
13431,NEW YORK
13433,NEW YORK
13435,NEW YORK
13436,NEW YORK
13437,NEW YORK
13438,NEW YORK
13439,NEW YORK
13440,NEW YORK
13441,NEW YORK
13442,NEW YORK
13449,NEW YORK
13450,NEW YORK
13452,NEW YORK
13454,NEW YORK
13455,NEW YORK
13456,NEW YORK
13457,NEW YORK
13459,NEW YORK
13460,NEW YORK
13461,NEW YORK
13464,NEW YORK
13465,NEW YORK
13468,NEW YORK
13469,NEW YORK
13470,NEW YORK
13471,NEW YORK
13472,NEW YORK
13473,NEW YORK
13475,NEW YORK
13476,NEW YORK
13477,NEW YORK
13478,NEW YORK
13479,NEW YORK
13480,NEW YORK
13482,NEW YORK
13483,NEW YORK
13484,NEW YORK
13485,NEW YORK
13486,NEW YORK
13488,NEW YORK
13489,NEW YORK
13490,NEW YORK
13491,NEW YORK
13492,NEW YORK
13493,NEW YORK
13494,NEW YORK
13495,NEW YORK
13501,NEW YORK
13502,NEW YORK
13503,NEW YORK
13504,NEW YORK
13505,NEW YORK
13599,NEW YORK
13601,NEW YORK
13602,NEW YORK
13603,NEW YORK
13605,NEW YORK
13606,NEW YORK
13607,NEW YORK
13608,NEW YORK
13611,NEW YORK
13612,NEW YORK
13613,NEW YORK
13614,NEW YORK
13615,NEW YORK
13616,NEW YORK
13617,NEW YORK
13618,NEW YORK
13619,NEW YORK
13620,NEW YORK
13621,NEW YORK
13622,NEW YORK
13623,NEW YORK
13624,NEW YORK
13625,NEW YORK
13626,NEW YORK
13627,NEW YORK
13628,NEW YORK
13630,NEW YORK
13631,NEW YORK
13632,NEW YORK
13633,NEW YORK
13634,NEW YORK
13635,NEW YORK
13636,NEW YORK
13637,NEW YORK
13638,NEW YORK
13639,NEW YORK
13640,NEW YORK
13641,NEW YORK
13642,NEW YORK
13643,NEW YORK
13645,NEW YORK
13646,NEW YORK
13647,NEW YORK
13648,NEW YORK
13649,NEW YORK
13650,NEW YORK
13651,NEW YORK
13652,NEW YORK
13654,NEW YORK
13655,NEW YORK
13656,NEW YORK
13657,NEW YORK
13658,NEW YORK
13659,NEW YORK
13660,NEW YORK
13661,NEW YORK
13662,NEW YORK
13664,NEW YORK
13665,NEW YORK
13666,NEW YORK
13667,NEW YORK
13668,NEW YORK
13669,NEW YORK
13670,NEW YORK
13671,NEW YORK
13672,NEW YORK
13673,NEW YORK
13674,NEW YORK
13675,NEW YORK
13676,NEW YORK
13677,NEW YORK
13678,NEW YORK
13679,NEW YORK
13680,NEW YORK
13681,NEW YORK
13682,NEW YORK
13683,NEW YORK
13684,NEW YORK
13685,NEW YORK
13687,NEW YORK
13690,NEW YORK
13691,NEW YORK
13692,NEW YORK
13693,NEW YORK
13694,NEW YORK
13695,NEW YORK
13696,NEW YORK
13697,NEW YORK
13699,NEW YORK
13730,NEW YORK
13731,NEW YORK
13732,NEW YORK
13733,NEW YORK
13734,NEW YORK
13736,NEW YORK
13737,NEW YORK
13738,NEW YORK
13739,NEW YORK
13740,NEW YORK
13743,NEW YORK
13744,NEW YORK
13745,NEW YORK
13746,NEW YORK
13747,NEW YORK
13748,NEW YORK
13749,NEW YORK
13750,NEW YORK
13751,NEW YORK
13752,NEW YORK
13753,NEW YORK
13754,NEW YORK
13755,NEW YORK
13756,NEW YORK
13757,NEW YORK
13758,NEW YORK
13760,NEW YORK
13761,NEW YORK
13762,NEW YORK
13763,NEW YORK
13774,NEW YORK
13775,NEW YORK
13776,NEW YORK
13777,NEW YORK
13778,NEW YORK
13780,NEW YORK
13782,NEW YORK
13783,NEW YORK
13784,NEW YORK
13786,NEW YORK
13787,NEW YORK
13788,NEW YORK
13790,NEW YORK
13794,NEW YORK
13795,NEW YORK
13796,NEW YORK
13797,NEW YORK
13801,NEW YORK
13802,NEW YORK
13803,NEW YORK
13804,NEW YORK
13806,NEW YORK
13807,NEW YORK
13808,NEW YORK
13809,NEW YORK
13810,NEW YORK
13811,NEW YORK
13812,NEW YORK
13813,NEW YORK
13814,NEW YORK
13815,NEW YORK
13820,NEW YORK
13825,NEW YORK
13826,NEW YORK
13827,NEW YORK
13830,NEW YORK
13832,NEW YORK
13833,NEW YORK
13834,NEW YORK
13835,NEW YORK
13838,NEW YORK
13839,NEW YORK
13840,NEW YORK
13841,NEW YORK
13842,NEW YORK
13843,NEW YORK
13844,NEW YORK
13845,NEW YORK
13846,NEW YORK
13847,NEW YORK
13848,NEW YORK
13849,NEW YORK
13850,NEW YORK
13851,NEW YORK
13856,NEW YORK
13859,NEW YORK
13860,NEW YORK
13861,NEW YORK
13862,NEW YORK
13863,NEW YORK
13864,NEW YORK
13865,NEW YORK
13901,NEW YORK
13902,NEW YORK
13903,NEW YORK
13904,NEW YORK
13905,NEW YORK
14001,NEW YORK
14004,NEW YORK
14005,NEW YORK
14006,NEW YORK
14008,NEW YORK
14009,NEW YORK
14010,NEW YORK
14011,NEW YORK
14012,NEW YORK
14013,NEW YORK
14020,NEW YORK
14021,NEW YORK
14024,NEW YORK
14025,NEW YORK
14026,NEW YORK
14027,NEW YORK
14028,NEW YORK
14029,NEW YORK
14030,NEW YORK
14031,NEW YORK
14032,NEW YORK
14033,NEW YORK
14034,NEW YORK
14035,NEW YORK
14036,NEW YORK
14037,NEW YORK
14038,NEW YORK
14039,NEW YORK
14040,NEW YORK
14041,NEW YORK
14042,NEW YORK
14043,NEW YORK
14047,NEW YORK
14048,NEW YORK
14051,NEW YORK
14052,NEW YORK
14054,NEW YORK
14055,NEW YORK
14056,NEW YORK
14057,NEW YORK
14058,NEW YORK
14059,NEW YORK
14060,NEW YORK
14061,NEW YORK
14062,NEW YORK
14063,NEW YORK
14065,NEW YORK
14066,NEW YORK
14067,NEW YORK
14068,NEW YORK
14069,NEW YORK
14070,NEW YORK
14072,NEW YORK
14075,NEW YORK
14080,NEW YORK
14081,NEW YORK
14082,NEW YORK
14083,NEW YORK
14085,NEW YORK
14086,NEW YORK
14091,NEW YORK
14092,NEW YORK
14094,NEW YORK
14095,NEW YORK
14098,NEW YORK
14101,NEW YORK
14102,NEW YORK
14103,NEW YORK
14105,NEW YORK
14107,NEW YORK
14108,NEW YORK
14109,NEW YORK
14110,NEW YORK
14111,NEW YORK
14112,NEW YORK
14113,NEW YORK
14120,NEW YORK
14125,NEW YORK
14126,NEW YORK
14127,NEW YORK
14129,NEW YORK
14130,NEW YORK
14131,NEW YORK
14132,NEW YORK
14133,NEW YORK
14134,NEW YORK
14135,NEW YORK
14136,NEW YORK
14138,NEW YORK
14139,NEW YORK
14140,NEW YORK
14141,NEW YORK
14143,NEW YORK
14144,NEW YORK
14145,NEW YORK
14150,NEW YORK
14151,NEW YORK
14166,NEW YORK
14167,NEW YORK
14168,NEW YORK
14169,NEW YORK
14170,NEW YORK
14171,NEW YORK
14172,NEW YORK
14173,NEW YORK
14174,NEW YORK
14201,NEW YORK
14202,NEW YORK
14203,NEW YORK
14204,NEW YORK
14205,NEW YORK
14206,NEW YORK
14207,NEW YORK
14208,NEW YORK
14209,NEW YORK
14210,NEW YORK
14211,NEW YORK
14212,NEW YORK
14213,NEW YORK
14214,NEW YORK
14215,NEW YORK
14216,NEW YORK
14217,NEW YORK
14218,NEW YORK
14219,NEW YORK
14220,NEW YORK
14221,NEW YORK
14222,NEW YORK
14223,NEW YORK
14224,NEW YORK
14225,NEW YORK
14226,NEW YORK
14227,NEW YORK
14228,NEW YORK
14231,NEW YORK
14233,NEW YORK
14240,NEW YORK
14241,NEW YORK
14260,NEW YORK
14261,NEW YORK
14263,NEW YORK
14264,NEW YORK
14265,NEW YORK
14267,NEW YORK
14269,NEW YORK
14270,NEW YORK
14272,NEW YORK
14273,NEW YORK
14276,NEW YORK
14280,NEW YORK
14301,NEW YORK
14302,NEW YORK
14303,NEW YORK
14304,NEW YORK
14305,NEW YORK
14410,NEW YORK
14411,NEW YORK
14413,NEW YORK
14414,NEW YORK
14415,NEW YORK
14416,NEW YORK
14418,NEW YORK
14420,NEW YORK
14422,NEW YORK
14423,NEW YORK
14424,NEW YORK
14425,NEW YORK
14427,NEW YORK
14428,NEW YORK
14429,NEW YORK
14430,NEW YORK
14432,NEW YORK
14433,NEW YORK
14435,NEW YORK
14437,NEW YORK
14441,NEW YORK
14443,NEW YORK
14445,NEW YORK
14449,NEW YORK
14450,NEW YORK
14452,NEW YORK
14453,NEW YORK
14454,NEW YORK
14456,NEW YORK
14461,NEW YORK
14462,NEW YORK
14463,NEW YORK
14464,NEW YORK
14466,NEW YORK
14467,NEW YORK
14468,NEW YORK
14469,NEW YORK
14470,NEW YORK
14471,NEW YORK
14472,NEW YORK
14475,NEW YORK
14476,NEW YORK
14477,NEW YORK
14478,NEW YORK
14479,NEW YORK
14480,NEW YORK
14481,NEW YORK
14482,NEW YORK
14485,NEW YORK
14486,NEW YORK
14487,NEW YORK
14488,NEW YORK
14489,NEW YORK
14502,NEW YORK
14504,NEW YORK
14505,NEW YORK
14506,NEW YORK
14507,NEW YORK
14508,NEW YORK
14510,NEW YORK
14511,NEW YORK
14512,NEW YORK
14513,NEW YORK
14514,NEW YORK
14515,NEW YORK
14516,NEW YORK
14517,NEW YORK
14518,NEW YORK
14519,NEW YORK
14520,NEW YORK
14521,NEW YORK
14522,NEW YORK
14525,NEW YORK
14526,NEW YORK
14527,NEW YORK
14529,NEW YORK
14530,NEW YORK
14532,NEW YORK
14533,NEW YORK
14534,NEW YORK
14536,NEW YORK
14537,NEW YORK
14538,NEW YORK
14539,NEW YORK
14541,NEW YORK
14542,NEW YORK
14543,NEW YORK
14544,NEW YORK
14545,NEW YORK
14546,NEW YORK
14547,NEW YORK
14548,NEW YORK
14549,NEW YORK
14550,NEW YORK
14551,NEW YORK
14555,NEW YORK
14556,NEW YORK
14557,NEW YORK
14558,NEW YORK
14559,NEW YORK
14560,NEW YORK
14561,NEW YORK
14563,NEW YORK
14564,NEW YORK
14568,NEW YORK
14569,NEW YORK
14571,NEW YORK
14572,NEW YORK
14580,NEW YORK
14585,NEW YORK
14586,NEW YORK
14588,NEW YORK
14589,NEW YORK
14590,NEW YORK
14591,NEW YORK
14592,NEW YORK
14602,NEW YORK
14603,NEW YORK
14604,NEW YORK
14605,NEW YORK
14606,NEW YORK
14607,NEW YORK
14608,NEW YORK
14609,NEW YORK
14610,NEW YORK
14611,NEW YORK
14612,NEW YORK
14613,NEW YORK
14614,NEW YORK
14615,NEW YORK
14616,NEW YORK
14617,NEW YORK
14618,NEW YORK
14619,NEW YORK
14620,NEW YORK
14621,NEW YORK
14622,NEW YORK
14623,NEW YORK
14624,NEW YORK
14625,NEW YORK
14626,NEW YORK
14627,NEW YORK
14638,NEW YORK
14639,NEW YORK
14642,NEW YORK
14643,NEW YORK
14644,NEW YORK
14646,NEW YORK
14647,NEW YORK
14649,NEW YORK
14650,NEW YORK
14651,NEW YORK
14652,NEW YORK
14653,NEW YORK
14692,NEW YORK
14694,NEW YORK
14701,NEW YORK
14702,NEW YORK
14706,NEW YORK
14707,NEW YORK
14708,NEW YORK
14709,NEW YORK
14710,NEW YORK
14711,NEW YORK
14712,NEW YORK
14714,NEW YORK
14715,NEW YORK
14716,NEW YORK
14717,NEW YORK
14718,NEW YORK
14719,NEW YORK
14720,NEW YORK
14721,NEW YORK
14722,NEW YORK
14723,NEW YORK
14724,NEW YORK
14726,NEW YORK
14727,NEW YORK
14728,NEW YORK
14729,NEW YORK
14730,NEW YORK
14731,NEW YORK
14732,NEW YORK
14733,NEW YORK
14735,NEW YORK
14736,NEW YORK
14737,NEW YORK
14738,NEW YORK
14739,NEW YORK
14740,NEW YORK
14741,NEW YORK
14742,NEW YORK
14743,NEW YORK
14744,NEW YORK
14745,NEW YORK
14747,NEW YORK
14748,NEW YORK
14750,NEW YORK
14751,NEW YORK
14752,NEW YORK
14753,NEW YORK
14754,NEW YORK
14755,NEW YORK
14756,NEW YORK
14757,NEW YORK
14758,NEW YORK
14760,NEW YORK
14766,NEW YORK
14767,NEW YORK
14769,NEW YORK
14770,NEW YORK
14772,NEW YORK
14774,NEW YORK
14775,NEW YORK
14777,NEW YORK
14778,NEW YORK
14779,NEW YORK
14781,NEW YORK
14782,NEW YORK
14783,NEW YORK
14784,NEW YORK
14785,NEW YORK
14786,NEW YORK
14787,NEW YORK
14788,NEW YORK
14801,NEW YORK
14802,NEW YORK
14803,NEW YORK
14804,NEW YORK
14805,NEW YORK
14806,NEW YORK
14807,NEW YORK
14808,NEW YORK
14809,NEW YORK
14810,NEW YORK
14812,NEW YORK
14813,NEW YORK
14814,NEW YORK
14815,NEW YORK
14816,NEW YORK
14817,NEW YORK
14818,NEW YORK
14819,NEW YORK
14820,NEW YORK
14821,NEW YORK
14822,NEW YORK
14823,NEW YORK
14824,NEW YORK
14825,NEW YORK
14826,NEW YORK
14827,NEW YORK
14830,NEW YORK
14831,NEW YORK
14836,NEW YORK
14837,NEW YORK
14838,NEW YORK
14839,NEW YORK
14840,NEW YORK
14841,NEW YORK
14842,NEW YORK
14843,NEW YORK
14845,NEW YORK
14846,NEW YORK
14847,NEW YORK
14850,NEW YORK
14851,NEW YORK
14852,NEW YORK
14853,NEW YORK
14854,NEW YORK
14855,NEW YORK
14856,NEW YORK
14857,NEW YORK
14858,NEW YORK
14859,NEW YORK
14860,NEW YORK
14861,NEW YORK
14863,NEW YORK
14864,NEW YORK
14865,NEW YORK
14867,NEW YORK
14869,NEW YORK
14870,NEW YORK
14871,NEW YORK
14872,NEW YORK
14873,NEW YORK
14874,NEW YORK
14876,NEW YORK
14877,NEW YORK
14878,NEW YORK
14879,NEW YORK
14880,NEW YORK
14881,NEW YORK
14882,NEW YORK
14883,NEW YORK
14884,NEW YORK
14885,NEW YORK
14886,NEW YORK
14887,NEW YORK
14889,NEW YORK
14891,NEW YORK
14892,NEW YORK
14893,NEW YORK
14894,NEW YORK
14895,NEW YORK
14897,NEW YORK
14898,NEW YORK
14901,NEW YORK
14902,NEW YORK
14903,NEW YORK
14904,NEW YORK
14905,NEW YORK
15001,PENNSYLVANIA
15003,PENNSYLVANIA
15004,PENNSYLVANIA
15005,PENNSYLVANIA
15006,PENNSYLVANIA
15007,PENNSYLVANIA
15009,PENNSYLVANIA
15010,PENNSYLVANIA
15012,PENNSYLVANIA
15014,PENNSYLVANIA
15015,PENNSYLVANIA
15017,PENNSYLVANIA
15018,PENNSYLVANIA
15019,PENNSYLVANIA
15020,PENNSYLVANIA
15021,PENNSYLVANIA
15022,PENNSYLVANIA
15024,PENNSYLVANIA
15025,PENNSYLVANIA
15026,PENNSYLVANIA
15027,PENNSYLVANIA
15028,PENNSYLVANIA
15030,PENNSYLVANIA
15031,PENNSYLVANIA
15032,PENNSYLVANIA
15033,PENNSYLVANIA
15034,PENNSYLVANIA
15035,PENNSYLVANIA
15037,PENNSYLVANIA
15038,PENNSYLVANIA
15042,PENNSYLVANIA
15043,PENNSYLVANIA
15044,PENNSYLVANIA
15045,PENNSYLVANIA
15046,PENNSYLVANIA
15047,PENNSYLVANIA
15049,PENNSYLVANIA
15050,PENNSYLVANIA
15051,PENNSYLVANIA
15052,PENNSYLVANIA
15053,PENNSYLVANIA
15054,PENNSYLVANIA
15055,PENNSYLVANIA
15056,PENNSYLVANIA
15057,PENNSYLVANIA
15059,PENNSYLVANIA
15060,PENNSYLVANIA
15061,PENNSYLVANIA
15062,PENNSYLVANIA
15063,PENNSYLVANIA
15064,PENNSYLVANIA
15065,PENNSYLVANIA
15066,PENNSYLVANIA
15067,PENNSYLVANIA
15068,PENNSYLVANIA
15069,PENNSYLVANIA
15071,PENNSYLVANIA
15072,PENNSYLVANIA
15074,PENNSYLVANIA
15075,PENNSYLVANIA
15076,PENNSYLVANIA
15077,PENNSYLVANIA
15078,PENNSYLVANIA
15081,PENNSYLVANIA
15082,PENNSYLVANIA
15083,PENNSYLVANIA
15084,PENNSYLVANIA
15085,PENNSYLVANIA
15086,PENNSYLVANIA
15087,PENNSYLVANIA
15088,PENNSYLVANIA
15089,PENNSYLVANIA
15090,PENNSYLVANIA
15091,PENNSYLVANIA
15095,PENNSYLVANIA
15096,PENNSYLVANIA
15101,PENNSYLVANIA
15102,PENNSYLVANIA
15104,PENNSYLVANIA
15106,PENNSYLVANIA
15108,PENNSYLVANIA
15110,PENNSYLVANIA
15112,PENNSYLVANIA
15116,PENNSYLVANIA
15120,PENNSYLVANIA
15122,PENNSYLVANIA
15126,PENNSYLVANIA
15127,PENNSYLVANIA
15129,PENNSYLVANIA
15131,PENNSYLVANIA
15132,PENNSYLVANIA
15133,PENNSYLVANIA
15134,PENNSYLVANIA
15135,PENNSYLVANIA
15136,PENNSYLVANIA
15137,PENNSYLVANIA
15139,PENNSYLVANIA
15140,PENNSYLVANIA
15142,PENNSYLVANIA
15143,PENNSYLVANIA
15144,PENNSYLVANIA
15145,PENNSYLVANIA
15146,PENNSYLVANIA
15147,PENNSYLVANIA
15148,PENNSYLVANIA
15201,PENNSYLVANIA
15202,PENNSYLVANIA
15203,PENNSYLVANIA
15204,PENNSYLVANIA
15205,PENNSYLVANIA
15206,PENNSYLVANIA
15207,PENNSYLVANIA
15208,PENNSYLVANIA
15209,PENNSYLVANIA
15210,PENNSYLVANIA
15211,PENNSYLVANIA
15212,PENNSYLVANIA
15213,PENNSYLVANIA
15214,PENNSYLVANIA
15215,PENNSYLVANIA
15216,PENNSYLVANIA
15217,PENNSYLVANIA
15218,PENNSYLVANIA
15219,PENNSYLVANIA
15220,PENNSYLVANIA
15221,PENNSYLVANIA
15222,PENNSYLVANIA
15223,PENNSYLVANIA
15224,PENNSYLVANIA
15225,PENNSYLVANIA
15226,PENNSYLVANIA
15227,PENNSYLVANIA
15228,PENNSYLVANIA
15229,PENNSYLVANIA
15230,PENNSYLVANIA
15231,PENNSYLVANIA
15232,PENNSYLVANIA
15233,PENNSYLVANIA
15234,PENNSYLVANIA
15235,PENNSYLVANIA
15236,PENNSYLVANIA
15237,PENNSYLVANIA
15238,PENNSYLVANIA
15239,PENNSYLVANIA
15240,PENNSYLVANIA
15241,PENNSYLVANIA
15242,PENNSYLVANIA
15243,PENNSYLVANIA
15244,PENNSYLVANIA
15250,PENNSYLVANIA
15251,PENNSYLVANIA
15252,PENNSYLVANIA
15253,PENNSYLVANIA
15254,PENNSYLVANIA
15255,PENNSYLVANIA
15257,PENNSYLVANIA
15258,PENNSYLVANIA
15259,PENNSYLVANIA
15260,PENNSYLVANIA
15261,PENNSYLVANIA
15262,PENNSYLVANIA
15264,PENNSYLVANIA
15265,PENNSYLVANIA
15267,PENNSYLVANIA
15268,PENNSYLVANIA
15270,PENNSYLVANIA
15272,PENNSYLVANIA
15274,PENNSYLVANIA
15275,PENNSYLVANIA
15276,PENNSYLVANIA
15277,PENNSYLVANIA
15278,PENNSYLVANIA
15279,PENNSYLVANIA
15281,PENNSYLVANIA
15282,PENNSYLVANIA
15283,PENNSYLVANIA
15286,PENNSYLVANIA
15289,PENNSYLVANIA
15290,PENNSYLVANIA
15295,PENNSYLVANIA
15301,PENNSYLVANIA
15310,KY-WV
15311,PENNSYLVANIA
15312,PENNSYLVANIA
15313,PENNSYLVANIA
15314,PENNSYLVANIA
15315,PENNSYLVANIA
15316,PENNSYLVANIA
15317,PENNSYLVANIA
15320,PENNSYLVANIA
15321,PENNSYLVANIA
15322,PENNSYLVANIA
15323,PENNSYLVANIA
15324,PENNSYLVANIA
15325,PENNSYLVANIA
15327,PENNSYLVANIA
15329,PENNSYLVANIA
15330,PENNSYLVANIA
15331,PENNSYLVANIA
15332,PENNSYLVANIA
15333,PENNSYLVANIA
15334,PENNSYLVANIA
15336,PENNSYLVANIA
15337,PENNSYLVANIA
15338,PENNSYLVANIA
15339,PENNSYLVANIA
15340,PENNSYLVANIA
15341,PENNSYLVANIA
15342,PENNSYLVANIA
15344,PENNSYLVANIA
15345,PENNSYLVANIA
15346,PENNSYLVANIA
15347,PENNSYLVANIA
15348,PENNSYLVANIA
15349,PENNSYLVANIA
15350,PENNSYLVANIA
15351,PENNSYLVANIA
15352,KY-WV
15353,PENNSYLVANIA
15357,PENNSYLVANIA
15358,PENNSYLVANIA
15359,PENNSYLVANIA
15360,PENNSYLVANIA
15361,PENNSYLVANIA
15362,PENNSYLVANIA
15363,PENNSYLVANIA
15364,PENNSYLVANIA
15365,PENNSYLVANIA
15366,PENNSYLVANIA
15367,PENNSYLVANIA
15368,PENNSYLVANIA
15370,PENNSYLVANIA
15376,PENNSYLVANIA
15377,PENNSYLVANIA
15378,PENNSYLVANIA
15379,PENNSYLVANIA
15380,KY-WV
15401,PENNSYLVANIA
15410,PENNSYLVANIA
15411,PENNSYLVANIA
15412,PENNSYLVANIA
15413,PENNSYLVANIA
15415,PENNSYLVANIA
15416,PENNSYLVANIA
15417,PENNSYLVANIA
15419,PENNSYLVANIA
15420,PENNSYLVANIA
15421,PENNSYLVANIA
15422,PENNSYLVANIA
15423,PENNSYLVANIA
15424,PENNSYLVANIA
15425,PENNSYLVANIA
15427,PENNSYLVANIA
15428,PENNSYLVANIA
15429,PENNSYLVANIA
15430,PENNSYLVANIA
15431,PENNSYLVANIA
15432,PENNSYLVANIA
15433,PENNSYLVANIA
15434,PENNSYLVANIA
15435,PENNSYLVANIA
15436,PENNSYLVANIA
15437,PENNSYLVANIA
15438,PENNSYLVANIA
15439,PENNSYLVANIA
15440,PENNSYLVANIA
15442,PENNSYLVANIA
15443,PENNSYLVANIA
15444,PENNSYLVANIA
15445,PENNSYLVANIA
15446,PENNSYLVANIA
15447,PENNSYLVANIA
15448,PENNSYLVANIA
15449,PENNSYLVANIA
15450,PENNSYLVANIA
15451,PENNSYLVANIA
15454,PENNSYLVANIA
15455,PENNSYLVANIA
15456,PENNSYLVANIA
15458,PENNSYLVANIA
15459,PENNSYLVANIA
15460,PENNSYLVANIA
15461,PENNSYLVANIA
15462,PENNSYLVANIA
15463,PENNSYLVANIA
15464,PENNSYLVANIA
15465,PENNSYLVANIA
15466,PENNSYLVANIA
15467,PENNSYLVANIA
15468,PENNSYLVANIA
15469,PENNSYLVANIA
15470,PENNSYLVANIA
15472,PENNSYLVANIA
15473,PENNSYLVANIA
15474,PENNSYLVANIA
15475,PENNSYLVANIA
15476,PENNSYLVANIA
15477,PENNSYLVANIA
15478,PENNSYLVANIA
15479,PENNSYLVANIA
15480,PENNSYLVANIA
15482,PENNSYLVANIA
15483,PENNSYLVANIA
15484,PENNSYLVANIA
15485,PENNSYLVANIA
15486,PENNSYLVANIA
15488,PENNSYLVANIA
15489,PENNSYLVANIA
15490,PENNSYLVANIA
15492,PENNSYLVANIA
15501,PENNSYLVANIA
15502,PENNSYLVANIA
15510,PENNSYLVANIA
15520,PENNSYLVANIA
15521,PENNSYLVANIA
15522,PENNSYLVANIA
15530,PENNSYLVANIA
15531,PENNSYLVANIA
15532,PENNSYLVANIA
15533,PENNSYLVANIA
15534,PENNSYLVANIA
15535,PENNSYLVANIA
15536,PENNSYLVANIA
15537,PENNSYLVANIA
15538,PENNSYLVANIA
15539,PENNSYLVANIA
15540,PENNSYLVANIA
15541,PENNSYLVANIA
15542,PENNSYLVANIA
15544,PENNSYLVANIA
15545,PENNSYLVANIA
15546,PENNSYLVANIA
15547,PENNSYLVANIA
15548,PENNSYLVANIA
15549,PENNSYLVANIA
15550,PENNSYLVANIA
15551,PENNSYLVANIA
15552,PENNSYLVANIA
15553,PENNSYLVANIA
15554,PENNSYLVANIA
15555,PENNSYLVANIA
15557,PENNSYLVANIA
15558,PENNSYLVANIA
15559,PENNSYLVANIA
15560,PENNSYLVANIA
15561,PENNSYLVANIA
15562,PENNSYLVANIA
15563,PENNSYLVANIA
15564,PENNSYLVANIA
15565,PENNSYLVANIA
15601,PENNSYLVANIA
15605,PENNSYLVANIA
15606,PENNSYLVANIA
15610,PENNSYLVANIA
15611,PENNSYLVANIA
15612,PENNSYLVANIA
15613,PENNSYLVANIA
15615,PENNSYLVANIA
15616,PENNSYLVANIA
15617,PENNSYLVANIA
15618,PENNSYLVANIA
15619,PENNSYLVANIA
15620,PENNSYLVANIA
15621,PENNSYLVANIA
15622,PENNSYLVANIA
15623,PENNSYLVANIA
15624,PENNSYLVANIA
15625,PENNSYLVANIA
15626,PENNSYLVANIA
15627,PENNSYLVANIA
15628,PENNSYLVANIA
15629,PENNSYLVANIA
15631,PENNSYLVANIA
15632,PENNSYLVANIA
15633,PENNSYLVANIA
15634,PENNSYLVANIA
15635,PENNSYLVANIA
15636,PENNSYLVANIA
15637,PENNSYLVANIA
15638,PENNSYLVANIA
15639,PENNSYLVANIA
15640,PENNSYLVANIA
15641,PENNSYLVANIA
15642,PENNSYLVANIA
15644,PENNSYLVANIA
15646,PENNSYLVANIA
15647,PENNSYLVANIA
15650,PENNSYLVANIA
15655,PENNSYLVANIA
15656,PENNSYLVANIA
15658,PENNSYLVANIA
15660,PENNSYLVANIA
15661,PENNSYLVANIA
15662,PENNSYLVANIA
15663,PENNSYLVANIA
15664,PENNSYLVANIA
15665,PENNSYLVANIA
15666,PENNSYLVANIA
15668,PENNSYLVANIA
15670,PENNSYLVANIA
15671,PENNSYLVANIA
15672,PENNSYLVANIA
15673,PENNSYLVANIA
15674,PENNSYLVANIA
15675,PENNSYLVANIA
15676,PENNSYLVANIA
15677,PENNSYLVANIA
15678,PENNSYLVANIA
15679,PENNSYLVANIA
15680,PENNSYLVANIA
15681,PENNSYLVANIA
15682,PENNSYLVANIA
15683,PENNSYLVANIA
15684,PENNSYLVANIA
15685,PENNSYLVANIA
15686,PENNSYLVANIA
15687,PENNSYLVANIA
15688,PENNSYLVANIA
15689,PENNSYLVANIA
15690,PENNSYLVANIA
15691,PENNSYLVANIA
15692,PENNSYLVANIA
15693,PENNSYLVANIA
15695,PENNSYLVANIA
15696,PENNSYLVANIA
15697,PENNSYLVANIA
15698,PENNSYLVANIA
15701,PENNSYLVANIA
15705,PENNSYLVANIA
15710,PENNSYLVANIA
15711,PENNSYLVANIA
15712,PENNSYLVANIA
15713,PENNSYLVANIA
15714,PENNSYLVANIA
15715,PENNSYLVANIA
15716,PENNSYLVANIA
15717,PENNSYLVANIA
15720,PENNSYLVANIA
15721,PENNSYLVANIA
15722,PENNSYLVANIA
15723,PENNSYLVANIA
15724,PENNSYLVANIA
15725,PENNSYLVANIA
15727,PENNSYLVANIA
15728,PENNSYLVANIA
15729,PENNSYLVANIA
15730,PENNSYLVANIA
15731,PENNSYLVANIA
15732,PENNSYLVANIA
15733,PENNSYLVANIA
15734,PENNSYLVANIA
15736,PENNSYLVANIA
15737,PENNSYLVANIA
15738,PENNSYLVANIA
15739,PENNSYLVANIA
15741,PENNSYLVANIA
15742,PENNSYLVANIA
15744,PENNSYLVANIA
15745,PENNSYLVANIA
15746,PENNSYLVANIA
15747,PENNSYLVANIA
15748,PENNSYLVANIA
15750,PENNSYLVANIA
15752,PENNSYLVANIA
15753,PENNSYLVANIA
15754,PENNSYLVANIA
15756,PENNSYLVANIA
15757,PENNSYLVANIA
15758,PENNSYLVANIA
15759,PENNSYLVANIA
15760,PENNSYLVANIA
15761,PENNSYLVANIA
15762,PENNSYLVANIA
15763,PENNSYLVANIA
15764,PENNSYLVANIA
15765,PENNSYLVANIA
15767,PENNSYLVANIA
15770,PENNSYLVANIA
15771,PENNSYLVANIA
15772,PENNSYLVANIA
15773,PENNSYLVANIA
15774,PENNSYLVANIA
15775,PENNSYLVANIA
15776,PENNSYLVANIA
15777,PENNSYLVANIA
15778,PENNSYLVANIA
15779,PENNSYLVANIA
15780,PENNSYLVANIA
15781,PENNSYLVANIA
15783,PENNSYLVANIA
15784,PENNSYLVANIA
15801,PENNSYLVANIA
15821,PENNSYLVANIA
15822,PENNSYLVANIA
15823,PENNSYLVANIA
15824,PENNSYLVANIA
15825,PENNSYLVANIA
15827,PENNSYLVANIA
15828,PENNSYLVANIA
15829,PENNSYLVANIA
15831,PENNSYLVANIA
15832,PENNSYLVANIA
15834,PENNSYLVANIA
15840,PENNSYLVANIA
15841,PENNSYLVANIA
15845,PENNSYLVANIA
15846,PENNSYLVANIA
15847,PENNSYLVANIA
15848,PENNSYLVANIA
15849,PENNSYLVANIA
15851,PENNSYLVANIA
15853,PENNSYLVANIA
15856,PENNSYLVANIA
15857,PENNSYLVANIA
15860,PENNSYLVANIA
15861,PENNSYLVANIA
15863,PENNSYLVANIA
15864,PENNSYLVANIA
15865,PENNSYLVANIA
15866,PENNSYLVANIA
15868,PENNSYLVANIA
15870,PENNSYLVANIA
15901,PENNSYLVANIA
15902,PENNSYLVANIA
15904,PENNSYLVANIA
15905,PENNSYLVANIA
15906,PENNSYLVANIA
15907,PENNSYLVANIA
15909,PENNSYLVANIA
15915,PENNSYLVANIA
15920,PENNSYLVANIA
15921,PENNSYLVANIA
15922,PENNSYLVANIA
15923,PENNSYLVANIA
15924,PENNSYLVANIA
15925,PENNSYLVANIA
15926,PENNSYLVANIA
15927,PENNSYLVANIA
15928,PENNSYLVANIA
15929,PENNSYLVANIA
15930,PENNSYLVANIA
15931,PENNSYLVANIA
15934,PENNSYLVANIA
15935,PENNSYLVANIA
15936,PENNSYLVANIA
15937,PENNSYLVANIA
15938,PENNSYLVANIA
15940,PENNSYLVANIA
15942,PENNSYLVANIA
15943,PENNSYLVANIA
15944,PENNSYLVANIA
15945,PENNSYLVANIA
15946,PENNSYLVANIA
15948,PENNSYLVANIA
15949,PENNSYLVANIA
15951,PENNSYLVANIA
15952,PENNSYLVANIA
15953,PENNSYLVANIA
15954,PENNSYLVANIA
15955,PENNSYLVANIA
15956,PENNSYLVANIA
15957,PENNSYLVANIA
15958,PENNSYLVANIA
15959,PENNSYLVANIA
15960,PENNSYLVANIA
15961,PENNSYLVANIA
15962,PENNSYLVANIA
15963,PENNSYLVANIA
16001,PENNSYLVANIA
16002,PENNSYLVANIA
16003,PENNSYLVANIA
16016,PENNSYLVANIA
16017,PENNSYLVANIA
16018,PENNSYLVANIA
16020,PENNSYLVANIA
16022,PENNSYLVANIA
16023,PENNSYLVANIA
16024,PENNSYLVANIA
16025,PENNSYLVANIA
16027,PENNSYLVANIA
16028,PENNSYLVANIA
16029,PENNSYLVANIA
16030,PENNSYLVANIA
16033,PENNSYLVANIA
16034,PENNSYLVANIA
16035,PENNSYLVANIA
16036,PENNSYLVANIA
16037,PENNSYLVANIA
16038,PENNSYLVANIA
16039,PENNSYLVANIA
16040,PENNSYLVANIA
16041,PENNSYLVANIA
16045,PENNSYLVANIA
16046,PENNSYLVANIA
16048,PENNSYLVANIA
16049,PENNSYLVANIA
16050,PENNSYLVANIA
16051,PENNSYLVANIA
16052,PENNSYLVANIA
16053,PENNSYLVANIA
16054,PENNSYLVANIA
16055,PENNSYLVANIA
16056,PENNSYLVANIA
16057,PENNSYLVANIA
16058,PENNSYLVANIA
16059,PENNSYLVANIA
16061,PENNSYLVANIA
16063,PENNSYLVANIA
16066,PENNSYLVANIA
16101,PENNSYLVANIA
16102,PENNSYLVANIA
16103,PENNSYLVANIA
16105,PENNSYLVANIA
16107,PENNSYLVANIA
16108,PENNSYLVANIA
16110,PENNSYLVANIA
16111,PENNSYLVANIA
16112,PENNSYLVANIA
16113,PENNSYLVANIA
16114,PENNSYLVANIA
16115,PENNSYLVANIA
16116,PENNSYLVANIA
16117,PENNSYLVANIA
16120,PENNSYLVANIA
16121,PENNSYLVANIA
16123,PENNSYLVANIA
16124,PENNSYLVANIA
16125,PENNSYLVANIA
16127,PENNSYLVANIA
16130,PENNSYLVANIA
16131,PENNSYLVANIA
16132,PENNSYLVANIA
16133,PENNSYLVANIA
16134,PENNSYLVANIA
16136,PENNSYLVANIA
16137,PENNSYLVANIA
16140,PENNSYLVANIA
16141,PENNSYLVANIA
16142,PENNSYLVANIA
16143,PENNSYLVANIA
16145,PENNSYLVANIA
16146,PENNSYLVANIA
16148,PENNSYLVANIA
16150,PENNSYLVANIA
16151,PENNSYLVANIA
16153,PENNSYLVANIA
16154,PENNSYLVANIA
16155,PENNSYLVANIA
16156,PENNSYLVANIA
16157,PENNSYLVANIA
16159,PENNSYLVANIA
16160,PENNSYLVANIA
16161,PENNSYLVANIA
16172,PENNSYLVANIA
16201,PENNSYLVANIA
16210,PENNSYLVANIA
16211,PENNSYLVANIA
16212,PENNSYLVANIA
16213,PENNSYLVANIA
16214,PENNSYLVANIA
16217,PENNSYLVANIA
16218,PENNSYLVANIA
16220,PENNSYLVANIA
16221,PENNSYLVANIA
16222,PENNSYLVANIA
16223,PENNSYLVANIA
16224,PENNSYLVANIA
16225,PENNSYLVANIA
16226,PENNSYLVANIA
16228,PENNSYLVANIA
16229,PENNSYLVANIA
16230,PENNSYLVANIA
16232,PENNSYLVANIA
16233,PENNSYLVANIA
16234,PENNSYLVANIA
16235,PENNSYLVANIA
16236,PENNSYLVANIA
16238,PENNSYLVANIA
16239,PENNSYLVANIA
16240,PENNSYLVANIA
16242,PENNSYLVANIA
16244,PENNSYLVANIA
16245,PENNSYLVANIA
16246,PENNSYLVANIA
16248,PENNSYLVANIA
16249,PENNSYLVANIA
16250,PENNSYLVANIA
16253,PENNSYLVANIA
16254,PENNSYLVANIA
16255,PENNSYLVANIA
16256,PENNSYLVANIA
16257,PENNSYLVANIA
16258,PENNSYLVANIA
16259,PENNSYLVANIA
16260,PENNSYLVANIA
16261,PENNSYLVANIA
16262,PENNSYLVANIA
16263,PENNSYLVANIA
16301,PENNSYLVANIA
16311,PENNSYLVANIA
16312,PENNSYLVANIA
16313,PENNSYLVANIA
16314,PENNSYLVANIA
16316,PENNSYLVANIA
16317,PENNSYLVANIA
16319,PENNSYLVANIA
16321,PENNSYLVANIA
16322,PENNSYLVANIA
16323,PENNSYLVANIA
16326,PENNSYLVANIA
16327,PENNSYLVANIA
16328,PENNSYLVANIA
16329,PENNSYLVANIA
16331,PENNSYLVANIA
16332,PENNSYLVANIA
16333,PENNSYLVANIA
16334,PENNSYLVANIA
16335,PENNSYLVANIA
16340,PENNSYLVANIA
16341,PENNSYLVANIA
16342,PENNSYLVANIA
16343,PENNSYLVANIA
16344,PENNSYLVANIA
16345,PENNSYLVANIA
16346,PENNSYLVANIA
16347,PENNSYLVANIA
16350,PENNSYLVANIA
16351,PENNSYLVANIA
16352,PENNSYLVANIA
16353,PENNSYLVANIA
16354,PENNSYLVANIA
16360,PENNSYLVANIA
16361,PENNSYLVANIA
16362,PENNSYLVANIA
16364,PENNSYLVANIA
16365,PENNSYLVANIA
16366,PENNSYLVANIA
16367,PENNSYLVANIA
16368,PENNSYLVANIA
16369,PENNSYLVANIA
16370,PENNSYLVANIA
16371,PENNSYLVANIA
16372,PENNSYLVANIA
16373,PENNSYLVANIA
16374,PENNSYLVANIA
16375,PENNSYLVANIA
16388,PENNSYLVANIA
16401,PENNSYLVANIA
16402,PENNSYLVANIA
16403,PENNSYLVANIA
16404,PENNSYLVANIA
16405,PENNSYLVANIA
16406,PENNSYLVANIA
16407,PENNSYLVANIA
16410,PENNSYLVANIA
16411,PENNSYLVANIA
16412,PENNSYLVANIA
16413,PENNSYLVANIA
16415,PENNSYLVANIA
16416,PENNSYLVANIA
16417,PENNSYLVANIA
16420,PENNSYLVANIA
16421,PENNSYLVANIA
16422,PENNSYLVANIA
16423,PENNSYLVANIA
16424,PENNSYLVANIA
16426,PENNSYLVANIA
16427,PENNSYLVANIA
16428,PENNSYLVANIA
16430,PENNSYLVANIA
16432,PENNSYLVANIA
16433,PENNSYLVANIA
16434,PENNSYLVANIA
16435,PENNSYLVANIA
16436,PENNSYLVANIA
16438,PENNSYLVANIA
16440,PENNSYLVANIA
16441,PENNSYLVANIA
16442,PENNSYLVANIA
16443,PENNSYLVANIA
16444,PENNSYLVANIA
16475,PENNSYLVANIA
16501,PENNSYLVANIA
16502,PENNSYLVANIA
16503,PENNSYLVANIA
16504,PENNSYLVANIA
16505,PENNSYLVANIA
16506,PENNSYLVANIA
16507,PENNSYLVANIA
16508,PENNSYLVANIA
16509,PENNSYLVANIA
16510,PENNSYLVANIA
16511,PENNSYLVANIA
16512,PENNSYLVANIA
16514,PENNSYLVANIA
16515,PENNSYLVANIA
16522,PENNSYLVANIA
16530,PENNSYLVANIA
16531,PENNSYLVANIA
16538,PENNSYLVANIA
16541,PENNSYLVANIA
16544,PENNSYLVANIA
16546,PENNSYLVANIA
16550,PENNSYLVANIA
16553,PENNSYLVANIA
16563,PENNSYLVANIA
16565,PENNSYLVANIA
16601,PENNSYLVANIA
16602,PENNSYLVANIA
16603,PENNSYLVANIA
16611,PENNSYLVANIA
16613,PENNSYLVANIA
16616,PENNSYLVANIA
16617,PENNSYLVANIA
16619,PENNSYLVANIA
16620,PENNSYLVANIA
16621,PENNSYLVANIA
16622,PENNSYLVANIA
16623,PENNSYLVANIA
16624,PENNSYLVANIA
16625,PENNSYLVANIA
16627,PENNSYLVANIA
16629,PENNSYLVANIA
16630,PENNSYLVANIA
16631,PENNSYLVANIA
16633,PENNSYLVANIA
16634,PENNSYLVANIA
16635,PENNSYLVANIA
16636,PENNSYLVANIA
16637,PENNSYLVANIA
16638,PENNSYLVANIA
16639,PENNSYLVANIA
16640,PENNSYLVANIA
16641,PENNSYLVANIA
16644,PENNSYLVANIA
16645,PENNSYLVANIA
16646,PENNSYLVANIA
16647,PENNSYLVANIA
16648,PENNSYLVANIA
16650,PENNSYLVANIA
16651,PENNSYLVANIA
16652,PENNSYLVANIA
16654,PENNSYLVANIA
16655,PENNSYLVANIA
16656,PENNSYLVANIA
16657,PENNSYLVANIA
16659,PENNSYLVANIA
16660,PENNSYLVANIA
16661,PENNSYLVANIA
16662,PENNSYLVANIA
16663,PENNSYLVANIA
16664,PENNSYLVANIA
16665,PENNSYLVANIA
16666,PENNSYLVANIA
16667,PENNSYLVANIA
16668,PENNSYLVANIA
16669,PENNSYLVANIA
16670,PENNSYLVANIA
16671,PENNSYLVANIA
16672,PENNSYLVANIA
16673,PENNSYLVANIA
16674,PENNSYLVANIA
16675,PENNSYLVANIA
16677,PENNSYLVANIA
16678,PENNSYLVANIA
16679,PENNSYLVANIA
16680,PENNSYLVANIA
16681,PENNSYLVANIA
16682,PENNSYLVANIA
16683,PENNSYLVANIA
16684,PENNSYLVANIA
16685,PENNSYLVANIA
16686,PENNSYLVANIA
16689,PENNSYLVANIA
16691,PENNSYLVANIA
16692,PENNSYLVANIA
16693,PENNSYLVANIA
16694,PENNSYLVANIA
16695,PENNSYLVANIA
16698,PENNSYLVANIA
16699,PENNSYLVANIA
16701,PENNSYLVANIA
16720,PENNSYLVANIA
16724,PENNSYLVANIA
16725,PENNSYLVANIA
16726,PENNSYLVANIA
16727,PENNSYLVANIA
16728,PENNSYLVANIA
16729,PENNSYLVANIA
16730,PENNSYLVANIA
16731,PENNSYLVANIA
16732,PENNSYLVANIA
16733,PENNSYLVANIA
16734,PENNSYLVANIA
16735,PENNSYLVANIA
16738,PENNSYLVANIA
16740,PENNSYLVANIA
16743,PENNSYLVANIA
16744,PENNSYLVANIA
16745,PENNSYLVANIA
16746,PENNSYLVANIA
16748,PENNSYLVANIA
16749,PENNSYLVANIA
16750,PENNSYLVANIA
16801,PENNSYLVANIA
16802,PENNSYLVANIA
16803,PENNSYLVANIA
16804,PENNSYLVANIA
16805,PENNSYLVANIA
16820,PENNSYLVANIA
16821,PENNSYLVANIA
16822,PENNSYLVANIA
16823,PENNSYLVANIA
16825,PENNSYLVANIA
16826,PENNSYLVANIA
16827,PENNSYLVANIA
16828,PENNSYLVANIA
16829,PENNSYLVANIA
16830,PENNSYLVANIA
16832,PENNSYLVANIA
16833,PENNSYLVANIA
16834,PENNSYLVANIA
16835,PENNSYLVANIA
16836,PENNSYLVANIA
16837,PENNSYLVANIA
16838,PENNSYLVANIA
16839,PENNSYLVANIA
16840,PENNSYLVANIA
16841,PENNSYLVANIA
16843,PENNSYLVANIA
16844,PENNSYLVANIA
16845,PENNSYLVANIA
16847,PENNSYLVANIA
16848,PENNSYLVANIA
16849,PENNSYLVANIA
16850,PENNSYLVANIA
16851,PENNSYLVANIA
16852,PENNSYLVANIA
16853,PENNSYLVANIA
16854,PENNSYLVANIA
16855,PENNSYLVANIA
16856,PENNSYLVANIA
16858,PENNSYLVANIA
16859,PENNSYLVANIA
16860,PENNSYLVANIA
16861,PENNSYLVANIA
16863,PENNSYLVANIA
16864,PENNSYLVANIA
16865,PENNSYLVANIA
16866,PENNSYLVANIA
16868,PENNSYLVANIA
16870,PENNSYLVANIA
16871,PENNSYLVANIA
16872,PENNSYLVANIA
16873,PENNSYLVANIA
16874,PENNSYLVANIA
16875,PENNSYLVANIA
16876,PENNSYLVANIA
16877,PENNSYLVANIA
16878,PENNSYLVANIA
16879,PENNSYLVANIA
16881,PENNSYLVANIA
16882,PENNSYLVANIA
16901,PENNSYLVANIA
16910,PENNSYLVANIA
16911,PENNSYLVANIA
16912,PENNSYLVANIA
16914,PENNSYLVANIA
16915,PENNSYLVANIA
16917,PENNSYLVANIA
16920,PENNSYLVANIA
16921,PENNSYLVANIA
16922,PENNSYLVANIA
16923,PENNSYLVANIA
16925,PENNSYLVANIA
16926,PENNSYLVANIA
16927,PENNSYLVANIA
16928,PENNSYLVANIA
16929,PENNSYLVANIA
16930,PENNSYLVANIA
16932,PENNSYLVANIA
16933,PENNSYLVANIA
16935,PENNSYLVANIA
16936,PENNSYLVANIA
16937,PENNSYLVANIA
16938,PENNSYLVANIA
16939,PENNSYLVANIA
16940,PENNSYLVANIA
16941,PENNSYLVANIA
16942,PENNSYLVANIA
16943,PENNSYLVANIA
16945,PENNSYLVANIA
16946,PENNSYLVANIA
16947,PENNSYLVANIA
16948,PENNSYLVANIA
16950,PENNSYLVANIA
17001,PENNSYLVANIA
17002,PENNSYLVANIA
17003,PENNSYLVANIA
17004,PENNSYLVANIA
17005,PENNSYLVANIA
17006,PENNSYLVANIA
17007,PENNSYLVANIA
17009,PENNSYLVANIA
17010,PENNSYLVANIA
17011,PENNSYLVANIA
17013,PENNSYLVANIA
17014,PENNSYLVANIA
17015,PENNSYLVANIA
17016,PENNSYLVANIA
17017,PENNSYLVANIA
17018,PENNSYLVANIA
17019,PENNSYLVANIA
17020,PENNSYLVANIA
17021,PENNSYLVANIA
17022,PENNSYLVANIA
17023,PENNSYLVANIA
17024,PENNSYLVANIA
17025,PENNSYLVANIA
17026,PENNSYLVANIA
17027,PENNSYLVANIA
17028,PENNSYLVANIA
17029,PENNSYLVANIA
17030,PENNSYLVANIA
17032,PENNSYLVANIA
17033,PENNSYLVANIA
17034,PENNSYLVANIA
17035,PENNSYLVANIA
17036,PENNSYLVANIA
17037,PENNSYLVANIA
17038,PENNSYLVANIA
17039,PENNSYLVANIA
17040,PENNSYLVANIA
17041,PENNSYLVANIA
17042,PENNSYLVANIA
17043,PENNSYLVANIA
17044,PENNSYLVANIA
17045,PENNSYLVANIA
17046,PENNSYLVANIA
17047,PENNSYLVANIA
17048,PENNSYLVANIA
17049,PENNSYLVANIA
17050,PENNSYLVANIA
17051,PENNSYLVANIA
17052,PENNSYLVANIA
17053,PENNSYLVANIA
17054,PENNSYLVANIA
17055,PENNSYLVANIA
17056,PENNSYLVANIA
17057,PENNSYLVANIA
17058,PENNSYLVANIA
17059,PENNSYLVANIA
17060,PENNSYLVANIA
17061,PENNSYLVANIA
17062,PENNSYLVANIA
17063,PENNSYLVANIA
17064,PENNSYLVANIA
17065,PENNSYLVANIA
17066,PENNSYLVANIA
17067,PENNSYLVANIA
17068,PENNSYLVANIA
17069,PENNSYLVANIA
17070,PENNSYLVANIA
17071,PENNSYLVANIA
17072,PENNSYLVANIA
17073,PENNSYLVANIA
17074,PENNSYLVANIA
17075,PENNSYLVANIA
17076,PENNSYLVANIA
17077,PENNSYLVANIA
17078,PENNSYLVANIA
17080,PENNSYLVANIA
17081,PENNSYLVANIA
17082,PENNSYLVANIA
17083,PENNSYLVANIA
17084,PENNSYLVANIA
17085,PENNSYLVANIA
17086,PENNSYLVANIA
17087,PENNSYLVANIA
17088,PENNSYLVANIA
17089,PENNSYLVANIA
17090,PENNSYLVANIA
17093,PENNSYLVANIA
17094,PENNSYLVANIA
17097,PENNSYLVANIA
17098,PENNSYLVANIA
17099,PENNSYLVANIA
17101,PENNSYLVANIA
17102,PENNSYLVANIA
17103,PENNSYLVANIA
17104,PENNSYLVANIA
17105,PENNSYLVANIA
17106,PENNSYLVANIA
17107,PENNSYLVANIA
17108,PENNSYLVANIA
17109,PENNSYLVANIA
17110,PENNSYLVANIA
17111,PENNSYLVANIA
17112,PENNSYLVANIA
17113,PENNSYLVANIA
17120,PENNSYLVANIA
17121,PENNSYLVANIA
17122,PENNSYLVANIA
17123,PENNSYLVANIA
17124,PENNSYLVANIA
17125,PENNSYLVANIA
17126,PENNSYLVANIA
17127,PENNSYLVANIA
17128,PENNSYLVANIA
17129,PENNSYLVANIA
17130,PENNSYLVANIA
17140,PENNSYLVANIA
17177,PENNSYLVANIA
17201,PENNSYLVANIA
17202,PENNSYLVANIA
17210,PENNSYLVANIA
17211,PENNSYLVANIA
17212,PENNSYLVANIA
17213,PENNSYLVANIA
17214,PENNSYLVANIA
17215,PENNSYLVANIA
17217,PENNSYLVANIA
17219,PENNSYLVANIA
17220,PENNSYLVANIA
17221,PENNSYLVANIA
17222,PENNSYLVANIA
17223,PENNSYLVANIA
17224,PENNSYLVANIA
17225,PENNSYLVANIA
17228,PENNSYLVANIA
17229,PENNSYLVANIA
17231,PENNSYLVANIA
17232,PENNSYLVANIA
17233,PENNSYLVANIA
17235,PENNSYLVANIA
17236,PENNSYLVANIA
17237,PENNSYLVANIA
17238,PENNSYLVANIA
17239,PENNSYLVANIA
17240,PENNSYLVANIA
17241,PENNSYLVANIA
17243,PENNSYLVANIA
17244,PENNSYLVANIA
17246,PENNSYLVANIA
17247,PENNSYLVANIA
17249,PENNSYLVANIA
17250,PENNSYLVANIA
17251,PENNSYLVANIA
17252,PENNSYLVANIA
17253,PENNSYLVANIA
17254,PENNSYLVANIA
17255,PENNSYLVANIA
17256,PENNSYLVANIA
17257,PENNSYLVANIA
17260,PENNSYLVANIA
17261,PENNSYLVANIA
17262,PENNSYLVANIA
17263,PENNSYLVANIA
17264,PENNSYLVANIA
17265,PENNSYLVANIA
17266,PENNSYLVANIA
17267,PENNSYLVANIA
17268,PENNSYLVANIA
17271,PENNSYLVANIA
17272,PENNSYLVANIA
17301,PENNSYLVANIA
17302,PENNSYLVANIA
17303,PENNSYLVANIA
17304,PENNSYLVANIA
17306,PENNSYLVANIA
17307,PENNSYLVANIA
17309,PENNSYLVANIA
17310,PENNSYLVANIA
17311,PENNSYLVANIA
17312,PENNSYLVANIA
17313,PENNSYLVANIA
17314,PENNSYLVANIA
17315,PENNSYLVANIA
17316,PENNSYLVANIA
17317,PENNSYLVANIA
17318,PENNSYLVANIA
17319,PENNSYLVANIA
17320,PENNSYLVANIA
17321,PENNSYLVANIA
17322,PENNSYLVANIA
17323,PENNSYLVANIA
17324,PENNSYLVANIA
17325,PENNSYLVANIA
17327,PENNSYLVANIA
17329,PENNSYLVANIA
17331,PENNSYLVANIA
17332,PENNSYLVANIA
17333,PENNSYLVANIA
17334,PENNSYLVANIA
17335,PENNSYLVANIA
17337,PENNSYLVANIA
17339,PENNSYLVANIA
17340,PENNSYLVANIA
17342,PENNSYLVANIA
17343,PENNSYLVANIA
17344,PENNSYLVANIA
17345,PENNSYLVANIA
17347,PENNSYLVANIA
17349,PENNSYLVANIA
17350,PENNSYLVANIA
17352,PENNSYLVANIA
17353,PENNSYLVANIA
17355,PENNSYLVANIA
17356,PENNSYLVANIA
17358,PENNSYLVANIA
17360,PENNSYLVANIA
17361,PENNSYLVANIA
17362,PENNSYLVANIA
17363,PENNSYLVANIA
17364,PENNSYLVANIA
17365,PENNSYLVANIA
17366,PENNSYLVANIA
17368,PENNSYLVANIA
17370,PENNSYLVANIA
17371,PENNSYLVANIA
17372,PENNSYLVANIA
17375,PENNSYLVANIA
17401,PENNSYLVANIA
17402,PENNSYLVANIA
17403,PENNSYLVANIA
17404,PENNSYLVANIA
17405,PENNSYLVANIA
17406,PENNSYLVANIA
17407,PENNSYLVANIA
17408,PENNSYLVANIA
17501,PENNSYLVANIA
17502,PENNSYLVANIA
17503,PENNSYLVANIA
17504,PENNSYLVANIA
17505,PENNSYLVANIA
17506,PENNSYLVANIA
17507,PENNSYLVANIA
17508,PENNSYLVANIA
17509,PENNSYLVANIA
17512,PENNSYLVANIA
17516,PENNSYLVANIA
17517,PENNSYLVANIA
17518,PENNSYLVANIA
17519,PENNSYLVANIA
17520,PENNSYLVANIA
17521,PENNSYLVANIA
17522,PENNSYLVANIA
17527,PENNSYLVANIA
17528,PENNSYLVANIA
17529,PENNSYLVANIA
17532,PENNSYLVANIA
17533,PENNSYLVANIA
17534,PENNSYLVANIA
17535,PENNSYLVANIA
17536,PENNSYLVANIA
17537,PENNSYLVANIA
17538,PENNSYLVANIA
17540,PENNSYLVANIA
17543,PENNSYLVANIA
17545,PENNSYLVANIA
17547,PENNSYLVANIA
17549,PENNSYLVANIA
17550,PENNSYLVANIA
17551,PENNSYLVANIA
17552,PENNSYLVANIA
17554,PENNSYLVANIA
17555,PENNSYLVANIA
17557,PENNSYLVANIA
17560,PENNSYLVANIA
17562,PENNSYLVANIA
17563,PENNSYLVANIA
17564,PENNSYLVANIA
17565,PENNSYLVANIA
17566,PENNSYLVANIA
17567,PENNSYLVANIA
17568,PENNSYLVANIA
17569,PENNSYLVANIA
17570,PENNSYLVANIA
17572,PENNSYLVANIA
17573,PENNSYLVANIA
17575,PENNSYLVANIA
17576,PENNSYLVANIA
17578,PENNSYLVANIA
17579,PENNSYLVANIA
17580,PENNSYLVANIA
17581,PENNSYLVANIA
17582,PENNSYLVANIA
17584,PENNSYLVANIA
17585,PENNSYLVANIA
17601,PENNSYLVANIA
17602,PENNSYLVANIA
17603,PENNSYLVANIA
17604,PENNSYLVANIA
17605,PENNSYLVANIA
17606,PENNSYLVANIA
17607,PENNSYLVANIA
17608,PENNSYLVANIA
17611,PENNSYLVANIA
17622,PENNSYLVANIA
17699,PENNSYLVANIA
17701,PENNSYLVANIA
17702,PENNSYLVANIA
17703,PENNSYLVANIA
17705,PENNSYLVANIA
17720,PENNSYLVANIA
17721,PENNSYLVANIA
17723,PENNSYLVANIA
17724,PENNSYLVANIA
17726,PENNSYLVANIA
17727,PENNSYLVANIA
17728,PENNSYLVANIA
17729,PENNSYLVANIA
17730,PENNSYLVANIA
17731,PENNSYLVANIA
17735,PENNSYLVANIA
17737,PENNSYLVANIA
17739,PENNSYLVANIA
17740,PENNSYLVANIA
17742,PENNSYLVANIA
17744,PENNSYLVANIA
17745,PENNSYLVANIA
17747,PENNSYLVANIA
17748,PENNSYLVANIA
17749,PENNSYLVANIA
17750,PENNSYLVANIA
17751,PENNSYLVANIA
17752,PENNSYLVANIA
17754,PENNSYLVANIA
17756,PENNSYLVANIA
17758,PENNSYLVANIA
17760,PENNSYLVANIA
17762,PENNSYLVANIA
17763,PENNSYLVANIA
17764,PENNSYLVANIA
17765,PENNSYLVANIA
17768,PENNSYLVANIA
17769,PENNSYLVANIA
17771,PENNSYLVANIA
17772,PENNSYLVANIA
17774,PENNSYLVANIA
17776,PENNSYLVANIA
17777,PENNSYLVANIA
17778,PENNSYLVANIA
17779,PENNSYLVANIA
17801,PENNSYLVANIA
17810,PENNSYLVANIA
17812,PENNSYLVANIA
17813,PENNSYLVANIA
17814,PENNSYLVANIA
17815,PENNSYLVANIA
17820,PENNSYLVANIA
17821,PENNSYLVANIA
17822,PENNSYLVANIA
17823,PENNSYLVANIA
17824,PENNSYLVANIA
17827,PENNSYLVANIA
17829,PENNSYLVANIA
17830,PENNSYLVANIA
17831,PENNSYLVANIA
17832,PENNSYLVANIA
17833,PENNSYLVANIA
17834,PENNSYLVANIA
17835,PENNSYLVANIA
17836,PENNSYLVANIA
17837,PENNSYLVANIA
17840,PENNSYLVANIA
17841,PENNSYLVANIA
17842,PENNSYLVANIA
17843,PENNSYLVANIA
17844,PENNSYLVANIA
17845,PENNSYLVANIA
17846,PENNSYLVANIA
17847,PENNSYLVANIA
17850,PENNSYLVANIA
17851,PENNSYLVANIA
17853,PENNSYLVANIA
17855,PENNSYLVANIA
17856,PENNSYLVANIA
17857,PENNSYLVANIA
17858,PENNSYLVANIA
17859,PENNSYLVANIA
17860,PENNSYLVANIA
17861,PENNSYLVANIA
17862,PENNSYLVANIA
17864,PENNSYLVANIA
17865,PENNSYLVANIA
17866,PENNSYLVANIA
17867,PENNSYLVANIA
17868,PENNSYLVANIA
17870,PENNSYLVANIA
17872,PENNSYLVANIA
17876,PENNSYLVANIA
17877,PENNSYLVANIA
17878,PENNSYLVANIA
17880,PENNSYLVANIA
17881,PENNSYLVANIA
17882,PENNSYLVANIA
17884,PENNSYLVANIA
17885,PENNSYLVANIA
17886,PENNSYLVANIA
17887,PENNSYLVANIA
17888,PENNSYLVANIA
17889,PENNSYLVANIA
17901,PENNSYLVANIA
17920,PENNSYLVANIA
17921,PENNSYLVANIA
17922,PENNSYLVANIA
17923,PENNSYLVANIA
17925,PENNSYLVANIA
17929,PENNSYLVANIA
17930,PENNSYLVANIA
17931,PENNSYLVANIA
17932,PENNSYLVANIA
17933,PENNSYLVANIA
17934,PENNSYLVANIA
17935,PENNSYLVANIA
17936,PENNSYLVANIA
17938,PENNSYLVANIA
17941,PENNSYLVANIA
17943,PENNSYLVANIA
17944,PENNSYLVANIA
17945,PENNSYLVANIA
17946,PENNSYLVANIA
17948,PENNSYLVANIA
17949,PENNSYLVANIA
17951,PENNSYLVANIA
17952,PENNSYLVANIA
17953,PENNSYLVANIA
17954,PENNSYLVANIA
17957,PENNSYLVANIA
17959,PENNSYLVANIA
17960,PENNSYLVANIA
17961,PENNSYLVANIA
17963,PENNSYLVANIA
17964,PENNSYLVANIA
17965,PENNSYLVANIA
17966,PENNSYLVANIA
17967,PENNSYLVANIA
17968,PENNSYLVANIA
17970,PENNSYLVANIA
17972,PENNSYLVANIA
17974,PENNSYLVANIA
17976,PENNSYLVANIA
17978,PENNSYLVANIA
17979,PENNSYLVANIA
17980,PENNSYLVANIA
17981,PENNSYLVANIA
17982,PENNSYLVANIA
17983,PENNSYLVANIA
17985,PENNSYLVANIA
18001,DE-PA
18002,DE-PA
18003,DE-PA
18005,DE-PA
18011,DE-PA
18012,DE-PA
18013,DE-PA
18014,DE-PA
18015,DE-PA
18016,DE-PA
18017,DE-PA
18018,DE-PA
18020,DE-PA
18030,DE-PA
18031,DE-PA
18032,DE-PA
18034,DE-PA
18035,DE-PA
18036,DE-PA
18037,DE-PA
18038,DE-PA
18039,DE-PA
18040,DE-PA
18041,DE-PA
18042,DE-PA
18043,DE-PA
18044,DE-PA
18045,DE-PA
18046,DE-PA
18049,DE-PA
18051,DE-PA
18052,DE-PA
18053,DE-PA
18054,DE-PA
18055,DE-PA
18056,DE-PA
18058,DE-PA
18059,DE-PA
18060,DE-PA
18062,DE-PA
18063,DE-PA
18064,DE-PA
18065,DE-PA
18066,DE-PA
18067,DE-PA
18068,DE-PA
18069,DE-PA
18070,DE-PA
18071,DE-PA
18072,DE-PA
18073,DE-PA
18074,DE-PA
18076,DE-PA
18077,DE-PA
18078,DE-PA
18079,DE-PA
18080,DE-PA
18081,DE-PA
18083,DE-PA
18084,DE-PA
18085,DE-PA
18086,DE-PA
18087,DE-PA
18088,DE-PA
18091,DE-PA
18092,DE-PA
18098,DE-PA
18099,DE-PA
18101,DE-PA
18102,DE-PA
18103,DE-PA
18104,DE-PA
18105,DE-PA
18106,DE-PA
18109,DE-PA
18195,DE-PA
18201,DE-PA
18202,DE-PA
18210,DE-PA
18211,DE-PA
18212,DE-PA
18214,DE-PA
18216,DE-PA
18218,DE-PA
18219,DE-PA
18220,DE-PA
18221,DE-PA
18222,DE-PA
18223,DE-PA
18224,DE-PA
18225,DE-PA
18229,DE-PA
18230,DE-PA
18231,DE-PA
18232,DE-PA
18234,DE-PA
18235,DE-PA
18237,DE-PA
18239,DE-PA
18240,DE-PA
18241,DE-PA
18242,DE-PA
18244,DE-PA
18245,DE-PA
18246,DE-PA
18247,DE-PA
18248,DE-PA
18249,DE-PA
18250,DE-PA
18251,DE-PA
18252,DE-PA
18254,DE-PA
18255,DE-PA
18256,DE-PA
18301,DE-PA
18302,DE-PA
18320,DE-PA
18321,DE-PA
18322,DE-PA
18323,DE-PA
18324,DE-PA
18325,DE-PA
18326,DE-PA
18327,DE-PA
18328,DE-PA
18330,DE-PA
18331,DE-PA
18332,DE-PA
18333,DE-PA
18334,DE-PA
18335,DE-PA
18336,DE-PA
18337,DE-PA
18340,DE-PA
18341,DE-PA
18342,DE-PA
18343,DE-PA
18344,DE-PA
18346,DE-PA
18347,DE-PA
18348,DE-PA
18349,DE-PA
18350,DE-PA
18351,DE-PA
18352,DE-PA
18353,DE-PA
18354,DE-PA
18355,DE-PA
18356,DE-PA
18357,DE-PA
18360,DE-PA
18370,DE-PA
18371,DE-PA
18372,DE-PA
18403,DE-PA
18405,DE-PA
18407,DE-PA
18410,DE-PA
18411,DE-PA
18413,DE-PA
18414,DE-PA
18415,DE-PA
18416,DE-PA
18417,DE-PA
18419,DE-PA
18420,DE-PA
18421,DE-PA
18424,DE-PA
18425,DE-PA
18426,DE-PA
18427,DE-PA
18428,DE-PA
18430,DE-PA
18431,DE-PA
18433,DE-PA
18434,DE-PA
18435,DE-PA
18436,DE-PA
18437,DE-PA
18438,DE-PA
18439,DE-PA
18440,DE-PA
18441,DE-PA
18443,DE-PA
18444,DE-PA
18445,DE-PA
18446,DE-PA
18447,DE-PA
18449,DE-PA
18451,DE-PA
18452,DE-PA
18453,DE-PA
18454,DE-PA
18455,DE-PA
18456,DE-PA
18457,DE-PA
18458,DE-PA
18459,DE-PA
18460,DE-PA
18461,DE-PA
18462,DE-PA
18463,DE-PA
18464,DE-PA
18465,DE-PA
18466,DE-PA
18469,DE-PA
18470,DE-PA
18471,DE-PA
18472,DE-PA
18473,DE-PA
18501,DE-PA
18502,DE-PA
18503,DE-PA
18504,DE-PA
18505,DE-PA
18507,DE-PA
18508,DE-PA
18509,DE-PA
18510,DE-PA
18512,DE-PA
18515,DE-PA
18517,DE-PA
18518,DE-PA
18519,DE-PA
18540,DE-PA
18577,DE-PA
18601,DE-PA
18602,DE-PA
18603,DE-PA
18610,DE-PA
18611,DE-PA
18612,DE-PA
18614,DE-PA
18615,DE-PA
18616,DE-PA
18617,DE-PA
18618,DE-PA
18619,DE-PA
18621,DE-PA
18622,DE-PA
18623,DE-PA
18624,DE-PA
18625,DE-PA
18626,DE-PA
18627,DE-PA
18628,DE-PA
18629,DE-PA
18630,DE-PA
18631,DE-PA
18632,DE-PA
18634,DE-PA
18635,DE-PA
18636,DE-PA
18640,DE-PA
18641,DE-PA
18642,DE-PA
18643,DE-PA
18644,DE-PA
18651,DE-PA
18653,DE-PA
18654,DE-PA
18655,DE-PA
18656,DE-PA
18657,DE-PA
18660,DE-PA
18661,DE-PA
18701,DE-PA
18702,DE-PA
18703,DE-PA
18704,DE-PA
18705,DE-PA
18706,DE-PA
18707,DE-PA
18708,DE-PA
18709,DE-PA
18710,DE-PA
18711,DE-PA
18762,DE-PA
18764,DE-PA
18765,DE-PA
18766,DE-PA
18767,DE-PA
18768,DE-PA
18769,DE-PA
18773,DE-PA
18801,DE-PA
18810,DE-PA
18812,DE-PA
18813,DE-PA
18814,DE-PA
18815,DE-PA
18816,DE-PA
18817,DE-PA
18818,DE-PA
18820,DE-PA
18821,DE-PA
18822,DE-PA
18823,DE-PA
18824,DE-PA
18825,DE-PA
18826,DE-PA
18827,DE-PA
18828,DE-PA
18829,DE-PA
18830,DE-PA
18831,DE-PA
18832,DE-PA
18833,DE-PA
18834,DE-PA
18837,DE-PA
18840,DE-PA
18842,DE-PA
18843,DE-PA
18844,DE-PA
18845,DE-PA
18846,DE-PA
18847,DE-PA
18848,DE-PA
18850,DE-PA
18851,DE-PA
18853,DE-PA
18854,DE-PA
18901,DE-PA
18902,DE-PA
18910,DE-PA
18911,DE-PA
18912,DE-PA
18913,DE-PA
18914,DE-PA
18915,DE-PA
18916,DE-PA
18917,DE-PA
18918,DE-PA
18920,DE-PA
18921,DE-PA
18922,DE-PA
18923,DE-PA
18925,DE-PA
18927,DE-PA
18928,DE-PA
18929,DE-PA
18930,DE-PA
18931,DE-PA
18932,DE-PA
18933,DE-PA
18934,DE-PA
18935,DE-PA
18936,DE-PA
18938,DE-PA
18940,DE-PA
18942,DE-PA
18943,DE-PA
18944,DE-PA
18946,DE-PA
18947,DE-PA
18949,DE-PA
18950,DE-PA
18951,DE-PA
18953,DE-PA
18954,DE-PA
18955,DE-PA
18956,DE-PA
18957,DE-PA
18958,DE-PA
18960,DE-PA
18962,DE-PA
18963,DE-PA
18964,DE-PA
18966,DE-PA
18968,DE-PA
18969,DE-PA
18970,DE-PA
18971,DE-PA
18972,DE-PA
18974,DE-PA
18976,DE-PA
18977,DE-PA
18979,DE-PA
18980,DE-PA
18981,DE-PA
18991,DE-PA
19001,DE-PA
19002,DE-PA
19003,DE-PA
19004,DE-PA
19006,DE-PA
19007,DE-PA
19008,DE-PA
19009,DE-PA
19010,DE-PA
19012,DE-PA
19013,DE-PA
19014,DE-PA
19015,DE-PA
19016,DE-PA
19017,DE-PA
19018,DE-PA
19019,DE-PA
19020,DE-PA
19021,DE-PA
19022,DE-PA
19023,DE-PA
19025,DE-PA
19026,DE-PA
19027,DE-PA
19028,DE-PA
19029,DE-PA
19030,DE-PA
19031,DE-PA
19032,DE-PA
19033,DE-PA
19034,DE-PA
19035,DE-PA
19036,DE-PA
19037,DE-PA
19038,DE-PA
19039,DE-PA
19040,DE-PA
19041,DE-PA
19043,DE-PA
19044,DE-PA
19046,DE-PA
19047,DE-PA
19048,DE-PA
19049,DE-PA
19050,DE-PA
19052,DE-PA
19053,DE-PA
19054,DE-PA
19055,DE-PA
19056,DE-PA
19057,DE-PA
19058,DE-PA
19060,DE-PA
19061,DE-PA
19063,DE-PA
19064,DE-PA
19065,DE-PA
19066,DE-PA
19067,DE-PA
19070,DE-PA
19072,DE-PA
19073,DE-PA
19074,DE-PA
19075,DE-PA
19076,DE-PA
19078,DE-PA
19079,DE-PA
19081,DE-PA
19082,DE-PA
19083,DE-PA
19085,DE-PA
19086,DE-PA
19087,DE-PA
19090,DE-PA
19091,DE-PA
19092,DE-PA
19093,DE-PA
19094,DE-PA
19095,DE-PA
19096,DE-PA
19101,DE-PA
19102,DE-PA
19103,DE-PA
19104,DE-PA
19105,DE-PA
19106,DE-PA
19107,DE-PA
19108,DE-PA
19109,DE-PA
19110,DE-PA
19111,DE-PA
19112,DE-PA
19113,DE-PA
19114,DE-PA
19115,DE-PA
19116,DE-PA
19118,DE-PA
19119,DE-PA
19120,DE-PA
19121,DE-PA
19122,DE-PA
19123,DE-PA
19124,DE-PA
19125,DE-PA
19126,DE-PA
19127,DE-PA
19128,DE-PA
19129,DE-PA
19130,DE-PA
19131,DE-PA
19132,DE-PA
19133,DE-PA
19134,DE-PA
19135,DE-PA
19136,DE-PA
19137,DE-PA
19138,DE-PA
19139,DE-PA
19140,DE-PA
19141,DE-PA
19142,DE-PA
19143,DE-PA
19144,DE-PA
19145,DE-PA
19146,DE-PA
19147,DE-PA
19148,DE-PA
19149,DE-PA
19150,DE-PA
19151,DE-PA
19152,DE-PA
19153,DE-PA
19154,DE-PA
19155,DE-PA
19160,DE-PA
19161,DE-PA
19162,DE-PA
19170,DE-PA
19171,DE-PA
19172,DE-PA
19173,DE-PA
19175,DE-PA
19176,DE-PA
19177,DE-PA
19178,DE-PA
19179,DE-PA
19181,DE-PA
19182,DE-PA
19183,DE-PA
19184,DE-PA
19185,DE-PA
19187,DE-PA
19188,DE-PA
19190,DE-PA
19191,DE-PA
19192,DE-PA
19193,DE-PA
19194,DE-PA
19195,DE-PA
19196,DE-PA
19197,DE-PA
19244,DE-PA
19255,DE-PA
19301,DE-PA
19310,DE-PA
19311,DE-PA
19312,DE-PA
19316,DE-PA
19317,DE-PA
19318,DE-PA
19319,DE-PA
19320,DE-PA
19330,DE-PA
19331,DE-PA
19333,DE-PA
19335,DE-PA
19339,DE-PA
19340,DE-PA
19341,DE-PA
19342,DE-PA
19343,DE-PA
19344,DE-PA
19345,DE-PA
19346,DE-PA
19347,DE-PA
19348,DE-PA
19350,DE-PA
19351,DE-PA
19352,DE-PA
19353,DE-PA
19354,DE-PA
19355,DE-PA
19357,DE-PA
19358,DE-PA
19360,DE-PA
19362,DE-PA
19363,DE-PA
19365,DE-PA
19366,DE-PA
19367,DE-PA
19369,DE-PA
19372,DE-PA
19373,DE-PA
19374,DE-PA
19375,DE-PA
19376,DE-PA
19380,DE-PA
19381,DE-PA
19382,DE-PA
19383,DE-PA
19390,DE-PA
19395,DE-PA
19397,DE-PA
19398,DE-PA
19399,DE-PA
19401,DE-PA
19403,DE-PA
19404,DE-PA
19405,DE-PA
19406,DE-PA
19407,DE-PA
19408,DE-PA
19409,DE-PA
19415,DE-PA
19421,DE-PA
19422,DE-PA
19423,DE-PA
19424,DE-PA
19425,DE-PA
19426,DE-PA
19428,DE-PA
19429,DE-PA
19430,DE-PA
19432,DE-PA
19435,DE-PA
19436,DE-PA
19437,DE-PA
19438,DE-PA
19440,DE-PA
19441,DE-PA
19442,DE-PA
19443,DE-PA
19444,DE-PA
19446,DE-PA
19450,DE-PA
19451,DE-PA
19453,DE-PA
19454,DE-PA
19455,DE-PA
19456,DE-PA
19457,DE-PA
19460,DE-PA
19462,DE-PA
19464,DE-PA
19465,DE-PA
19468,DE-PA
19470,DE-PA
19472,DE-PA
19473,DE-PA
19474,DE-PA
19475,DE-PA
19477,DE-PA
19478,DE-PA
19480,DE-PA
19481,DE-PA
19482,DE-PA
19484,DE-PA
19486,DE-PA
19490,DE-PA
19492,DE-PA
19493,DE-PA
19494,DE-PA
19495,DE-PA
19496,DE-PA
19501,DE-PA
19503,DE-PA
19504,DE-PA
19505,DE-PA
19506,DE-PA
19507,DE-PA
19508,DE-PA
19510,DE-PA
19511,DE-PA
19512,DE-PA
19516,DE-PA
19518,DE-PA
19519,DE-PA
19520,DE-PA
19522,DE-PA
19523,DE-PA
19525,DE-PA
19526,DE-PA
19529,DE-PA
19530,DE-PA
19533,DE-PA
19534,DE-PA
19535,DE-PA
19536,DE-PA
19538,DE-PA
19539,DE-PA
19540,DE-PA
19541,DE-PA
19543,DE-PA
19544,DE-PA
19545,DE-PA
19547,DE-PA
19548,DE-PA
19549,DE-PA
19550,DE-PA
19551,DE-PA
19554,DE-PA
19555,DE-PA
19559,DE-PA
19560,DE-PA
19562,DE-PA
19564,DE-PA
19565,DE-PA
19567,DE-PA
19601,DE-PA
19602,DE-PA
19603,DE-PA
19604,DE-PA
19605,DE-PA
19606,DE-PA
19607,DE-PA
19608,DE-PA
19609,DE-PA
19610,DE-PA
19611,DE-PA
19612,DE-PA
19701,DE-PA
19702,DE-PA
19703,DE-PA
19706,DE-PA
19707,DE-PA
19708,DE-PA
19709,DE-PA
19710,DE-PA
19711,DE-PA
19712,DE-PA
19713,DE-PA
19714,DE-PA
19715,DE-PA
19716,DE-PA
19717,DE-PA
19718,DE-PA
19720,DE-PA
19721,DE-PA
19725,DE-PA
19726,DE-PA
19730,DE-PA
19731,DE-PA
19732,DE-PA
19733,DE-PA
19734,DE-PA
19735,DE-PA
19736,DE-PA
19801,DE-PA
19802,DE-PA
19803,DE-PA
19804,DE-PA
19805,DE-PA
19806,DE-PA
19807,DE-PA
19808,DE-PA
19809,DE-PA
19810,DE-PA
19850,DE-PA
19880,DE-PA
19884,DE-PA
19885,DE-PA
19886,DE-PA
19890,DE-PA
19891,DE-PA
19892,DE-PA
19893,DE-PA
19894,DE-PA
19895,DE-PA
19896,DE-PA
19897,DE-PA
19898,DE-PA
19899,DE-PA
19901,DE-PA
19902,DE-PA
19903,DE-PA
19904,DE-PA
19905,DE-PA
19906,DE-PA
19930,DE-PA
19931,DE-PA
19933,DE-PA
19934,DE-PA
19936,DE-PA
19938,DE-PA
19939,DE-PA
19940,DE-PA
19941,DE-PA
19943,DE-PA
19944,DE-PA
19945,DE-PA
19946,DE-PA
19947,DE-PA
19950,DE-PA
19951,DE-PA
19952,DE-PA
19953,DE-PA
19954,DE-PA
19955,DE-PA
19956,DE-PA
19958,DE-PA
19960,DE-PA
19961,DE-PA
19962,DE-PA
19963,DE-PA
19964,DE-PA
19966,DE-PA
19967,DE-PA
19968,DE-PA
19969,DE-PA
19970,DE-PA
19971,DE-PA
19973,DE-PA
19975,DE-PA
19977,DE-PA
19979,DE-PA
19980,DE-PA
20001,MARYLAND
20002,MARYLAND
20003,MARYLAND
20004,MARYLAND
20005,MARYLAND
20006,MARYLAND
20007,MARYLAND
20008,MARYLAND
20009,MARYLAND
20010,MARYLAND
20011,MARYLAND
20012,MARYLAND
20013,MARYLAND
20015,MARYLAND
20016,MARYLAND
20017,MARYLAND
20018,MARYLAND
20019,MARYLAND
20020,MARYLAND
20022,MARYLAND
20024,MARYLAND
20026,MARYLAND
20027,MARYLAND
20029,MARYLAND
20030,MARYLAND
20032,MARYLAND
20033,MARYLAND
20035,MARYLAND
20036,MARYLAND
20037,MARYLAND
20038,MARYLAND
20039,MARYLAND
20040,MARYLAND
20041,MARYLAND
20042,MARYLAND
20043,MARYLAND
20044,MARYLAND
20045,MARYLAND
20047,MARYLAND
20049,MARYLAND
20050,MARYLAND
20052,MARYLAND
20053,MARYLAND
20055,MARYLAND
20056,MARYLAND
20057,MARYLAND
20058,MARYLAND
20059,MARYLAND
20060,MARYLAND
20061,MARYLAND
20062,MARYLAND
20063,MARYLAND
20064,MARYLAND
20065,MARYLAND
20066,MARYLAND
20067,MARYLAND
20068,MARYLAND
20069,MARYLAND
20070,MARYLAND
20071,MARYLAND
20073,MARYLAND
20074,MARYLAND
20075,MARYLAND
20076,MARYLAND
20077,MARYLAND
20078,MARYLAND
20080,MARYLAND
20081,MARYLAND
20082,MARYLAND
20090,MARYLAND
20091,MARYLAND
20101,VIRGINIA
20102,VIRGINIA
20103,VIRGINIA
20104,VIRGINIA
20105,VIRGINIA
20106,VIRGINIA
20108,VIRGINIA
20109,VIRGINIA
20110,VIRGINIA
20111,VIRGINIA
20112,VIRGINIA
20113,VIRGINIA
20115,VIRGINIA
20116,VIRGINIA
20117,VIRGINIA
20118,VIRGINIA
20119,VIRGINIA
20120,VIRGINIA
20121,VIRGINIA
20122,VIRGINIA
20124,VIRGINIA
20128,VIRGINIA
20129,VIRGINIA
20130,VIRGINIA
20131,VIRGINIA
20132,VIRGINIA
20134,VIRGINIA
20135,VIRGINIA
20136,VIRGINIA
20137,VIRGINIA
20138,VIRGINIA
20139,VIRGINIA
20140,VIRGINIA
20141,VIRGINIA
20142,VIRGINIA
20143,VIRGINIA
20144,VIRGINIA
20146,VIRGINIA
20147,VIRGINIA
20148,VIRGINIA
20149,VIRGINIA
20151,VIRGINIA
20152,VIRGINIA
20153,VIRGINIA
20155,VIRGINIA
20156,VIRGINIA
20158,VIRGINIA
20159,VIRGINIA
20160,VIRGINIA
20163,VIRGINIA
20164,VIRGINIA
20165,VIRGINIA
20166,VIRGINIA
20167,VIRGINIA
20168,VIRGINIA
20169,VIRGINIA
20170,VIRGINIA
20171,VIRGINIA
20172,VIRGINIA
20175,VIRGINIA
20176,VIRGINIA
20177,VIRGINIA
20178,VIRGINIA
20180,VIRGINIA
20181,VIRGINIA
20182,VIRGINIA
20184,VIRGINIA
20185,VIRGINIA
20186,VIRGINIA
20187,VIRGINIA
20188,VIRGINIA
20189,MILITARY POSTAL SERV
20190,VIRGINIA
20191,VIRGINIA
20192,VIRGINIA
20194,VIRGINIA
20195,VIRGINIA
20196,VIRGINIA
20197,VIRGINIA
20198,VIRGINIA
20201,MARYLAND
20202,MARYLAND
20203,MARYLAND
20204,MARYLAND
20206,MARYLAND
20207,MARYLAND
20208,MARYLAND
20210,MARYLAND
20211,MARYLAND
20212,MARYLAND
20213,MARYLAND
20214,MARYLAND
20215,MARYLAND
20216,MARYLAND
20217,MARYLAND
20218,MARYLAND
20219,MARYLAND
20220,MARYLAND
20221,MARYLAND
20222,MARYLAND
20223,MARYLAND
20224,MARYLAND
20226,MARYLAND
20227,MARYLAND
20228,MARYLAND
20229,MARYLAND
20230,MARYLAND
20232,MARYLAND
20233,MARYLAND
20235,MARYLAND
20237,MARYLAND
20238,MARYLAND
20239,MARYLAND
20240,MARYLAND
20241,MARYLAND
20242,MARYLAND
20244,MARYLAND
20245,MARYLAND
20250,MARYLAND
20251,MARYLAND
20252,MARYLAND
20254,MARYLAND
20260,MARYLAND
20261,MARYLAND
20262,MARYLAND
20265,MARYLAND
20266,MARYLAND
20268,MARYLAND
20270,MARYLAND
20277,MARYLAND
20289,MARYLAND
20299,MARYLAND
20301,MARYLAND
20303,MARYLAND
20306,MARYLAND
20310,MARYLAND
20314,MARYLAND
20317,MARYLAND
20318,MARYLAND
20319,MARYLAND
20330,MARYLAND
20340,MARYLAND
20350,MARYLAND
20355,MARYLAND
20370,MARYLAND
20372,MARYLAND
20373,MARYLAND
20374,MARYLAND
20375,MARYLAND
20376,MARYLAND
20380,MARYLAND
20388,MARYLAND
20389,MARYLAND
20390,MARYLAND
20391,MARYLAND
20392,MARYLAND
20393,MARYLAND
20394,MARYLAND
20395,MARYLAND
20398,MARYLAND
20401,MARYLAND
20402,MARYLAND
20403,MARYLAND
20404,MARYLAND
20405,MARYLAND
20406,MARYLAND
20407,MARYLAND
20408,MARYLAND
20410,MARYLAND
20411,MARYLAND
20412,MARYLAND
20413,MARYLAND
20414,MARYLAND
20415,MARYLAND
20416,MARYLAND
20417,MARYLAND
20418,MARYLAND
20419,MARYLAND
20420,MARYLAND
20421,MARYLAND
20422,MARYLAND
20423,MARYLAND
20424,MARYLAND
20425,MARYLAND
20426,MARYLAND
20427,MARYLAND
20428,MARYLAND
20429,MARYLAND
20431,MARYLAND
20433,MARYLAND
20434,MARYLAND
20435,MARYLAND
20436,MARYLAND
20437,MARYLAND
20439,MARYLAND
20440,MARYLAND
20441,MARYLAND
20442,MARYLAND
20444,MARYLAND
20447,MARYLAND
20451,MARYLAND
20453,MARYLAND
20456,MARYLAND
20460,MARYLAND
20463,MARYLAND
20468,MARYLAND
20469,MARYLAND
20470,MARYLAND
20472,MARYLAND
20500,MARYLAND
20501,MARYLAND
20502,MARYLAND
20503,MARYLAND
20504,MARYLAND
20505,MARYLAND
20506,MARYLAND
20507,MARYLAND
20508,MARYLAND
20509,MARYLAND
20510,MARYLAND
20511,MARYLAND
20515,MARYLAND
20520,MARYLAND
20521,MILITARY POSTAL SERV
20522,MARYLAND
20523,MARYLAND
20524,MARYLAND
20525,MARYLAND
20526,MARYLAND
20527,MARYLAND
20528,MARYLAND
20529,MARYLAND
20530,MARYLAND
20531,MARYLAND
20533,MARYLAND
20534,MARYLAND
20535,MARYLAND
20536,MARYLAND
20537,MARYLAND
20538,MARYLAND
20539,MARYLAND
20540,MARYLAND
20541,MARYLAND
20542,MARYLAND
20543,MARYLAND
20544,MARYLAND
20546,MARYLAND
20547,MARYLAND
20548,MARYLAND
20549,MARYLAND
20551,MARYLAND
20552,MARYLAND
20553,MARYLAND
20554,MARYLAND
20555,MARYLAND
20557,MARYLAND
20559,MARYLAND
20560,MARYLAND
20565,MARYLAND
20566,MARYLAND
20570,MARYLAND
20571,MARYLAND
20572,MARYLAND
20573,MARYLAND
20575,MARYLAND
20576,MARYLAND
20577,MARYLAND
20578,MARYLAND
20579,MARYLAND
20580,MARYLAND
20581,MARYLAND
20585,MARYLAND
20586,MARYLAND
20588,MARYLAND
20590,MARYLAND
20591,MARYLAND
20593,MARYLAND
20594,MARYLAND
20597,MARYLAND
20598,MARYLAND
20599,MARYLAND
20601,MARYLAND
20602,MARYLAND
20603,MARYLAND
20604,MARYLAND
20606,MARYLAND
20607,MARYLAND
20608,MARYLAND
20609,MARYLAND
20610,MARYLAND
20611,MARYLAND
20612,MARYLAND
20613,MARYLAND
20615,MARYLAND
20616,MARYLAND
20617,MARYLAND
20618,MARYLAND
20619,MARYLAND
20620,MARYLAND
20621,MARYLAND
20622,MARYLAND
20623,MARYLAND
20624,MARYLAND
20625,MARYLAND
20626,MARYLAND
20627,MARYLAND
20628,MARYLAND
20629,MARYLAND
20630,MARYLAND
20632,MARYLAND
20634,MARYLAND
20636,MARYLAND
20637,MARYLAND
20639,MARYLAND
20640,MARYLAND
20645,MARYLAND
20646,MARYLAND
20650,MARYLAND
20653,MARYLAND
20656,MARYLAND
20657,MARYLAND
20658,MARYLAND
20659,MARYLAND
20660,MARYLAND
20661,MARYLAND
20662,MARYLAND
20664,MARYLAND
20667,MARYLAND
20670,MARYLAND
20674,MARYLAND
20675,MARYLAND
20676,MARYLAND
20677,MARYLAND
20678,MARYLAND
20680,MARYLAND
20682,MARYLAND
20684,MARYLAND
20685,MARYLAND
20686,MARYLAND
20687,MARYLAND
20688,MARYLAND
20689,MARYLAND
20690,MARYLAND
20692,MARYLAND
20693,MARYLAND
20695,MARYLAND
20697,MARYLAND
20701,MARYLAND
20703,MARYLAND
20704,MARYLAND
20705,MARYLAND
20706,MARYLAND
20707,MARYLAND
20708,MARYLAND
20709,MARYLAND
20710,MARYLAND
20711,MARYLAND
20712,MARYLAND
20714,MARYLAND
20715,MARYLAND
20716,MARYLAND
20717,MARYLAND
20718,MARYLAND
20719,MARYLAND
20720,MARYLAND
20721,MARYLAND
20722,MARYLAND
20723,MARYLAND
20724,MARYLAND
20725,MARYLAND
20726,MARYLAND
20731,MARYLAND
20732,MARYLAND
20733,MARYLAND
20735,MARYLAND
20736,MARYLAND
20737,MARYLAND
20738,MARYLAND
20740,MARYLAND
20741,MARYLAND
20742,MARYLAND
20743,MARYLAND
20744,MARYLAND
20745,MARYLAND
20746,MARYLAND
20747,MARYLAND
20748,MARYLAND
20749,MARYLAND
20750,MARYLAND
20751,MARYLAND
20752,MARYLAND
20753,MARYLAND
20754,MARYLAND
20755,MARYLAND
20757,MARYLAND
20758,MARYLAND
20759,MARYLAND
20762,MARYLAND
20763,MARYLAND
20764,MARYLAND
20765,MARYLAND
20768,MARYLAND
20769,MARYLAND
20770,MARYLAND
20771,MARYLAND
20772,MARYLAND
20773,MARYLAND
20774,MARYLAND
20775,MARYLAND
20776,MARYLAND
20777,MARYLAND
20778,MARYLAND
20779,MARYLAND
20781,MARYLAND
20782,MARYLAND
20783,MARYLAND
20784,MARYLAND
20785,MARYLAND
20787,MARYLAND
20788,MARYLAND
20790,MARYLAND
20791,MARYLAND
20792,MARYLAND
20794,MARYLAND
20797,MARYLAND
20799,MARYLAND
20810,MARYLAND
20811,MARYLAND
20812,MARYLAND
20813,MARYLAND
20814,MARYLAND
20815,MARYLAND
20816,MARYLAND
20817,MARYLAND
20818,MARYLAND
20824,MARYLAND
20825,MARYLAND
20827,MARYLAND
20830,MARYLAND
20832,MARYLAND
20833,MARYLAND
20837,MARYLAND
20838,MARYLAND
20839,MARYLAND
20841,MARYLAND
20842,MARYLAND
20847,MARYLAND
20848,MARYLAND
20849,MARYLAND
20850,MARYLAND
20851,MARYLAND
20852,MARYLAND
20853,MARYLAND
20854,MARYLAND
20855,MARYLAND
20857,MARYLAND
20859,MARYLAND
20860,MARYLAND
20861,MARYLAND
20862,MARYLAND
20866,MARYLAND
20868,MARYLAND
20871,MARYLAND
20872,MARYLAND
20874,MARYLAND
20875,MARYLAND
20876,MARYLAND
20877,MARYLAND
20878,MARYLAND
20879,MARYLAND
20880,MARYLAND
20882,MARYLAND
20883,MARYLAND
20884,MARYLAND
20885,MARYLAND
20886,MARYLAND
20889,MARYLAND
20891,MARYLAND
20892,MARYLAND
20894,MARYLAND
20895,MARYLAND
20896,MARYLAND
20897,MARYLAND
20898,MARYLAND
20899,MARYLAND
20901,MARYLAND
20902,MARYLAND
20903,MARYLAND
20904,MARYLAND
20905,MARYLAND
20906,MARYLAND
20907,MARYLAND
20908,MARYLAND
20910,MARYLAND
20911,MARYLAND
20912,MARYLAND
20913,MARYLAND
20914,MARYLAND
20915,MARYLAND
20916,MARYLAND
20918,MARYLAND
20993,MARYLAND
20997,MARYLAND
21001,MARYLAND
21005,MARYLAND
21009,MARYLAND
21010,MARYLAND
21012,MARYLAND
21013,MARYLAND
21014,MARYLAND
21015,MARYLAND
21017,MARYLAND
21018,MARYLAND
21020,MARYLAND
21022,MARYLAND
21023,MARYLAND
21027,MARYLAND
21028,MARYLAND
21029,MARYLAND
21030,MARYLAND
21031,MARYLAND
21032,MARYLAND
21034,MARYLAND
21035,MARYLAND
21036,MARYLAND
21037,MARYLAND
21040,MARYLAND
21041,MARYLAND
21042,MARYLAND
21043,MARYLAND
21044,MARYLAND
21045,MARYLAND
21046,MARYLAND
21047,MARYLAND
21048,MARYLAND
21050,MARYLAND
21051,MARYLAND
21052,MARYLAND
21053,MARYLAND
21054,MARYLAND
21056,MARYLAND
21057,MARYLAND
21060,MARYLAND
21061,MARYLAND
21062,MARYLAND
21065,MARYLAND
21071,MARYLAND
21074,MARYLAND
21075,MARYLAND
21076,MARYLAND
21077,MARYLAND
21078,MARYLAND
21082,MARYLAND
21084,MARYLAND
21085,MARYLAND
21087,MARYLAND
21088,MARYLAND
21090,MARYLAND
21092,MARYLAND
21093,MARYLAND
21094,MARYLAND
21102,MARYLAND
21104,MARYLAND
21105,MARYLAND
21106,MARYLAND
21108,MARYLAND
21111,MARYLAND
21113,MARYLAND
21114,MARYLAND
21117,MARYLAND
21120,MARYLAND
21122,MARYLAND
21123,MARYLAND
21128,MARYLAND
21130,MARYLAND
21131,MARYLAND
21132,MARYLAND
21133,MARYLAND
21136,MARYLAND
21139,MARYLAND
21140,MARYLAND
21144,MARYLAND
21146,MARYLAND
21150,MARYLAND
21152,MARYLAND
21153,MARYLAND
21154,MARYLAND
21155,MARYLAND
21156,MARYLAND
21157,MARYLAND
21158,MARYLAND
21160,MARYLAND
21161,MARYLAND
21162,MARYLAND
21163,MARYLAND
21201,MARYLAND
21202,MARYLAND
21203,MARYLAND
21204,MARYLAND
21205,MARYLAND
21206,MARYLAND
21207,MARYLAND
21208,MARYLAND
21209,MARYLAND
21210,MARYLAND
21211,MARYLAND
21212,MARYLAND
21213,MARYLAND
21214,MARYLAND
21215,MARYLAND
21216,MARYLAND
21217,MARYLAND
21218,MARYLAND
21219,MARYLAND
21220,MARYLAND
21221,MARYLAND
21222,MARYLAND
21223,MARYLAND
21224,MARYLAND
21225,MARYLAND
21226,MARYLAND
21227,MARYLAND
21228,MARYLAND
21229,MARYLAND
21230,MARYLAND
21231,MARYLAND
21233,MARYLAND
21234,MARYLAND
21235,MARYLAND
21236,MARYLAND
21237,MARYLAND
21239,MARYLAND
21240,MARYLAND
21241,MARYLAND
21244,MARYLAND
21250,MARYLAND
21251,MARYLAND
21252,MARYLAND
21263,MARYLAND
21264,MARYLAND
21270,MARYLAND
21273,MARYLAND
21275,MARYLAND
21278,MARYLAND
21279,MARYLAND
21281,MARYLAND
21282,MARYLAND
21284,MARYLAND
21285,MARYLAND
21286,MARYLAND
21287,MARYLAND
21289,MARYLAND
21290,MARYLAND
21297,MARYLAND
21298,MARYLAND
21401,MARYLAND
21402,MARYLAND
21403,MARYLAND
21404,MARYLAND
21405,MARYLAND
21409,MARYLAND
21411,MARYLAND
21412,MARYLAND
21501,MARYLAND
21502,MARYLAND
21503,MARYLAND
21504,MARYLAND
21505,MARYLAND
21520,MARYLAND
21521,MARYLAND
21522,MARYLAND
21523,MARYLAND
21524,MARYLAND
21528,MARYLAND
21529,MARYLAND
21530,MARYLAND
21531,MARYLAND
21532,MARYLAND
21536,MARYLAND
21538,MARYLAND
21539,MARYLAND
21540,MARYLAND
21541,MARYLAND
21542,MARYLAND
21543,MARYLAND
21545,MARYLAND
21550,MARYLAND
21555,MARYLAND
21556,MARYLAND
21557,MARYLAND
21560,MARYLAND
21561,MARYLAND
21562,MARYLAND
21601,MARYLAND
21607,MARYLAND
21609,MARYLAND
21610,MARYLAND
21612,MARYLAND
21613,MARYLAND
21617,MARYLAND
21619,MARYLAND
21620,MARYLAND
21622,MARYLAND
21623,MARYLAND
21624,MARYLAND
21625,MARYLAND
21626,MARYLAND
21627,MARYLAND
21628,MARYLAND
21629,MARYLAND
21631,MARYLAND
21632,MARYLAND
21634,MARYLAND
21635,MARYLAND
21636,MARYLAND
21638,MARYLAND
21639,MARYLAND
21640,MARYLAND
21641,MARYLAND
21643,MARYLAND
21644,MARYLAND
21645,MARYLAND
21647,MARYLAND
21648,MARYLAND
21649,MARYLAND
21650,MARYLAND
21651,MARYLAND
21652,MARYLAND
21653,MARYLAND
21654,MARYLAND
21655,MARYLAND
21656,MARYLAND
21657,MARYLAND
21658,MARYLAND
21659,MARYLAND
21660,MARYLAND
21661,MARYLAND
21662,MARYLAND
21663,MARYLAND
21664,MARYLAND
21665,MARYLAND
21666,MARYLAND
21667,MARYLAND
21668,MARYLAND
21669,MARYLAND
21670,MARYLAND
21671,MARYLAND
21672,MARYLAND
21673,MARYLAND
21675,MARYLAND
21676,MARYLAND
21677,MARYLAND
21678,MARYLAND
21679,MARYLAND
21690,MARYLAND
21701,MARYLAND
21702,MARYLAND
21703,MARYLAND
21704,MARYLAND
21705,MARYLAND
21709,MARYLAND
21710,MARYLAND
21711,MARYLAND
21713,MARYLAND
21714,MARYLAND
21715,MARYLAND
21716,MARYLAND
21717,MARYLAND
21718,MARYLAND
21719,MARYLAND
21720,MARYLAND
21721,MARYLAND
21722,MARYLAND
21723,MARYLAND
21727,MARYLAND
21733,MARYLAND
21734,MARYLAND
21737,MARYLAND
21738,MARYLAND
21740,MARYLAND
21741,MARYLAND
21742,MARYLAND
21746,MARYLAND
21747,MARYLAND
21749,MARYLAND
21750,MARYLAND
21754,MARYLAND
21755,MARYLAND
21756,MARYLAND
21757,MARYLAND
21758,MARYLAND
21759,MARYLAND
21762,MARYLAND
21765,MARYLAND
21766,MARYLAND
21767,MARYLAND
21769,MARYLAND
21770,MARYLAND
21771,MARYLAND
21773,MARYLAND
21774,MARYLAND
21775,MARYLAND
21776,MARYLAND
21777,MARYLAND
21778,MARYLAND
21779,MARYLAND
21780,MARYLAND
21781,MARYLAND
21782,MARYLAND
21783,MARYLAND
21784,MARYLAND
21787,MARYLAND
21788,MARYLAND
21790,MARYLAND
21791,MARYLAND
21792,MARYLAND
21793,MARYLAND
21794,MARYLAND
21795,MARYLAND
21797,MARYLAND
21798,MARYLAND
21801,MARYLAND
21802,MARYLAND
21803,MARYLAND
21804,MARYLAND
21810,MARYLAND
21811,MARYLAND
21813,MARYLAND
21814,MARYLAND
21817,MARYLAND
21821,MARYLAND
21822,MARYLAND
21824,MARYLAND
21826,MARYLAND
21829,MARYLAND
21830,MARYLAND
21835,MARYLAND
21836,MARYLAND
21837,MARYLAND
21838,MARYLAND
21840,MARYLAND
21841,MARYLAND
21842,MARYLAND
21843,MARYLAND
21849,MARYLAND
21850,MARYLAND
21851,MARYLAND
21852,MARYLAND
21853,MARYLAND
21856,MARYLAND
21857,MARYLAND
21861,MARYLAND
21862,MARYLAND
21863,MARYLAND
21864,MARYLAND
21865,MARYLAND
21866,MARYLAND
21867,MARYLAND
21869,MARYLAND
21871,MARYLAND
21872,MARYLAND
21874,MARYLAND
21875,MARYLAND
21890,MARYLAND
21901,MARYLAND
21902,MARYLAND
21903,MARYLAND
21904,MARYLAND
21911,MARYLAND
21912,MARYLAND
21913,MARYLAND
21914,MARYLAND
21915,MARYLAND
21916,MARYLAND
21917,MARYLAND
21918,MARYLAND
21919,MARYLAND
21920,MARYLAND
21921,MARYLAND
21922,MARYLAND
21930,MARYLAND
22003,VIRGINIA
22009,VIRGINIA
22015,VIRGINIA
22025,VIRGINIA
22026,VIRGINIA
22027,VIRGINIA
22030,VIRGINIA
22031,VIRGINIA
22032,VIRGINIA
22033,VIRGINIA
22034,VIRGINIA
22035,VIRGINIA
22036,VIRGINIA
22037,VIRGINIA
22038,VIRGINIA
22039,VIRGINIA
22040,VIRGINIA
22041,VIRGINIA
22042,VIRGINIA
22043,VIRGINIA
22044,VIRGINIA
22046,VIRGINIA
22060,VIRGINIA
22066,VIRGINIA
22067,VIRGINIA
22079,VIRGINIA
22081,VIRGINIA
22082,VIRGINIA
22095,VIRGINIA
22096,VIRGINIA
22101,VIRGINIA
22102,VIRGINIA
22103,VIRGINIA
22106,VIRGINIA
22107,VIRGINIA
22108,VIRGINIA
22109,VIRGINIA
22116,VIRGINIA
22118,VIRGINIA
22119,VIRGINIA
22121,VIRGINIA
22122,VIRGINIA
22124,VIRGINIA
22125,VIRGINIA
22134,VIRGINIA
22135,VIRGINIA
22150,VIRGINIA
22151,VIRGINIA
22152,VIRGINIA
22153,VIRGINIA
22156,VIRGINIA
22158,VIRGINIA
22159,VIRGINIA
22160,VIRGINIA
22161,VIRGINIA
22172,VIRGINIA
22180,VIRGINIA
22181,VIRGINIA
22182,VIRGINIA
22183,VIRGINIA
22185,VIRGINIA
22191,VIRGINIA
22192,VIRGINIA
22193,VIRGINIA
22194,VIRGINIA
22195,VIRGINIA
22199,VIRGINIA
22201,VIRGINIA
22202,VIRGINIA
22203,VIRGINIA
22204,VIRGINIA
22205,VIRGINIA
22206,VIRGINIA
22207,VIRGINIA
22209,VIRGINIA
22210,VIRGINIA
22211,VIRGINIA
22212,VIRGINIA
22213,VIRGINIA
22214,VIRGINIA
22215,VIRGINIA
22216,VIRGINIA
22217,VIRGINIA
22219,VIRGINIA
22225,VIRGINIA
22226,VIRGINIA
22227,VIRGINIA
22230,VIRGINIA
22240,VIRGINIA
22241,VIRGINIA
22242,VIRGINIA
22243,VIRGINIA
22244,VIRGINIA
22245,VIRGINIA
22246,VIRGINIA
22301,VIRGINIA
22302,VIRGINIA
22303,VIRGINIA
22304,VIRGINIA
22305,VIRGINIA
22306,VIRGINIA
22307,VIRGINIA
22308,VIRGINIA
22309,VIRGINIA
22310,VIRGINIA
22311,VIRGINIA
22312,VIRGINIA
22313,VIRGINIA
22314,VIRGINIA
22315,VIRGINIA
22320,VIRGINIA
22331,VIRGINIA
22332,VIRGINIA
22333,VIRGINIA
22334,VIRGINIA
22350,VIRGINIA
22401,VIRGINIA
22402,VIRGINIA
22403,VIRGINIA
22404,VIRGINIA
22405,VIRGINIA
22406,VIRGINIA
22407,VIRGINIA
22408,VIRGINIA
22412,VIRGINIA
22427,VIRGINIA
22428,VIRGINIA
22430,VIRGINIA
22432,VIRGINIA
22433,VIRGINIA
22435,VIRGINIA
22436,VIRGINIA
22437,VIRGINIA
22438,VIRGINIA
22442,VIRGINIA
22443,VIRGINIA
22446,VIRGINIA
22448,VIRGINIA
22451,VIRGINIA
22454,VIRGINIA
22456,VIRGINIA
22460,VIRGINIA
22463,VIRGINIA
22469,VIRGINIA
22471,VIRGINIA
22472,VIRGINIA
22473,VIRGINIA
22476,VIRGINIA
22480,VIRGINIA
22481,VIRGINIA
22482,VIRGINIA
22485,VIRGINIA
22488,VIRGINIA
22501,VIRGINIA
22503,VIRGINIA
22504,VIRGINIA
22507,VIRGINIA
22508,VIRGINIA
22509,VIRGINIA
22511,VIRGINIA
22513,VIRGINIA
22514,VIRGINIA
22517,VIRGINIA
22520,VIRGINIA
22523,VIRGINIA
22524,VIRGINIA
22526,VIRGINIA
22528,VIRGINIA
22529,VIRGINIA
22530,VIRGINIA
22534,VIRGINIA
22535,VIRGINIA
22538,VIRGINIA
22539,VIRGINIA
22542,VIRGINIA
22544,VIRGINIA
22545,VIRGINIA
22546,VIRGINIA
22547,VIRGINIA
22548,VIRGINIA
22551,VIRGINIA
22552,VIRGINIA
22553,VIRGINIA
22554,VIRGINIA
22555,VIRGINIA
22556,VIRGINIA
22558,VIRGINIA
22560,VIRGINIA
22565,VIRGINIA
22567,VIRGINIA
22570,VIRGINIA
22572,VIRGINIA
22576,VIRGINIA
22577,VIRGINIA
22578,VIRGINIA
22579,VIRGINIA
22580,VIRGINIA
22581,VIRGINIA
22601,VIRGINIA
22602,VIRGINIA
22603,VIRGINIA
22604,VIRGINIA
22610,VIRGINIA
22611,VIRGINIA
22620,VIRGINIA
22622,VIRGINIA
22623,VIRGINIA
22624,VIRGINIA
22625,VIRGINIA
22626,VIRGINIA
22627,VIRGINIA
22630,VIRGINIA
22637,VIRGINIA
22639,VIRGINIA
22640,VIRGINIA
22641,VIRGINIA
22642,VIRGINIA
22643,VIRGINIA
22644,VIRGINIA
22645,VIRGINIA
22646,VIRGINIA
22649,VIRGINIA
22650,VIRGINIA
22652,VIRGINIA
22654,VIRGINIA
22655,VIRGINIA
22656,VIRGINIA
22657,VIRGINIA
22660,VIRGINIA
22663,VIRGINIA
22664,VIRGINIA
22701,VIRGINIA
22709,VIRGINIA
22711,VIRGINIA
22712,VIRGINIA
22713,VIRGINIA
22714,VIRGINIA
22715,VIRGINIA
22716,VIRGINIA
22718,VIRGINIA
22719,VIRGINIA
22720,VIRGINIA
22722,VIRGINIA
22723,VIRGINIA
22724,VIRGINIA
22725,VIRGINIA
22726,VIRGINIA
22727,VIRGINIA
22728,VIRGINIA
22729,VIRGINIA
22730,VIRGINIA
22731,VIRGINIA
22732,VIRGINIA
22733,VIRGINIA
22734,VIRGINIA
22735,VIRGINIA
22736,VIRGINIA
22737,VIRGINIA
22738,VIRGINIA
22739,VIRGINIA
22740,VIRGINIA
22741,VIRGINIA
22742,VIRGINIA
22743,VIRGINIA
22746,VIRGINIA
22747,VIRGINIA
22748,VIRGINIA
22749,VIRGINIA
22801,VIRGINIA
22802,VIRGINIA
22803,VIRGINIA
22807,VIRGINIA
22810,VIRGINIA
22811,VIRGINIA
22812,VIRGINIA
22815,VIRGINIA
22820,VIRGINIA
22821,VIRGINIA
22824,VIRGINIA
22827,VIRGINIA
22830,VIRGINIA
22831,VIRGINIA
22832,VIRGINIA
22833,VIRGINIA
22834,VIRGINIA
22835,VIRGINIA
22840,VIRGINIA
22841,VIRGINIA
22842,VIRGINIA
22843,VIRGINIA
22844,VIRGINIA
22845,VIRGINIA
22846,VIRGINIA
22847,VIRGINIA
22848,VIRGINIA
22849,VIRGINIA
22850,VIRGINIA
22851,VIRGINIA
22853,VIRGINIA
22901,VIRGINIA
22902,VIRGINIA
22903,VIRGINIA
22904,VIRGINIA
22905,VIRGINIA
22906,VIRGINIA
22907,VIRGINIA
22908,VIRGINIA
22909,VIRGINIA
22910,VIRGINIA
22911,VIRGINIA
22920,VIRGINIA
22922,VIRGINIA
22923,VIRGINIA
22924,VIRGINIA
22931,VIRGINIA
22932,VIRGINIA
22935,VIRGINIA
22936,VIRGINIA
22937,VIRGINIA
22938,VIRGINIA
22939,VIRGINIA
22940,VIRGINIA
22942,VIRGINIA
22943,VIRGINIA
22945,VIRGINIA
22946,VIRGINIA
22947,VIRGINIA
22948,VIRGINIA
22949,VIRGINIA
22952,VIRGINIA
22957,VIRGINIA
22958,VIRGINIA
22959,VIRGINIA
22960,VIRGINIA
22963,VIRGINIA
22964,VIRGINIA
22965,VIRGINIA
22967,VIRGINIA
22968,VIRGINIA
22969,VIRGINIA
22971,VIRGINIA
22972,VIRGINIA
22973,VIRGINIA
22974,VIRGINIA
22976,VIRGINIA
22980,VIRGINIA
22987,VIRGINIA
22989,VIRGINIA
23001,VIRGINIA
23002,VIRGINIA
23003,VIRGINIA
23004,VIRGINIA
23005,VIRGINIA
23009,VIRGINIA
23011,VIRGINIA
23014,VIRGINIA
23015,VIRGINIA
23018,VIRGINIA
23021,VIRGINIA
23022,VIRGINIA
23023,VIRGINIA
23024,VIRGINIA
23025,VIRGINIA
23027,VIRGINIA
23030,VIRGINIA
23031,VIRGINIA
23032,VIRGINIA
23035,VIRGINIA
23038,VIRGINIA
23039,VIRGINIA
23040,VIRGINIA
23043,VIRGINIA
23045,VIRGINIA
23047,VIRGINIA
23050,VIRGINIA
23055,VIRGINIA
23056,VIRGINIA
23058,VIRGINIA
23059,VIRGINIA
23060,VIRGINIA
23061,VIRGINIA
23062,VIRGINIA
23063,VIRGINIA
23064,VIRGINIA
23065,VIRGINIA
23066,VIRGINIA
23067,VIRGINIA
23068,VIRGINIA
23069,VIRGINIA
23070,VIRGINIA
23071,VIRGINIA
23072,VIRGINIA
23075,VIRGINIA
23076,VIRGINIA
23079,VIRGINIA
23081,VIRGINIA
23083,VIRGINIA
23084,VIRGINIA
23085,VIRGINIA
23086,VIRGINIA
23089,VIRGINIA
23090,VIRGINIA
23091,VIRGINIA
23092,VIRGINIA
23093,VIRGINIA
23102,VIRGINIA
23103,VIRGINIA
23105,VIRGINIA
23106,VIRGINIA
23107,VIRGINIA
23108,VIRGINIA
23109,VIRGINIA
23110,VIRGINIA
23111,VIRGINIA
23112,VIRGINIA
23113,VIRGINIA
23114,VIRGINIA
23115,VIRGINIA
23116,VIRGINIA
23117,VIRGINIA
23119,VIRGINIA
23120,VIRGINIA
23123,VIRGINIA
23124,VIRGINIA
23125,VIRGINIA
23126,VIRGINIA
23127,VIRGINIA
23128,VIRGINIA
23129,VIRGINIA
23130,VIRGINIA
23131,VIRGINIA
23138,VIRGINIA
23139,VIRGINIA
23140,VIRGINIA
23141,VIRGINIA
23146,VIRGINIA
23147,VIRGINIA
23148,VIRGINIA
23149,VIRGINIA
23150,VIRGINIA
23153,VIRGINIA
23154,VIRGINIA
23155,VIRGINIA
23156,VIRGINIA
23160,VIRGINIA
23161,VIRGINIA
23162,VIRGINIA
23163,VIRGINIA
23168,VIRGINIA
23169,VIRGINIA
23170,VIRGINIA
23173,VIRGINIA
23175,VIRGINIA
23176,VIRGINIA
23177,VIRGINIA
23178,VIRGINIA
23180,VIRGINIA
23181,VIRGINIA
23183,VIRGINIA
23184,VIRGINIA
23185,VIRGINIA
23186,VIRGINIA
23187,VIRGINIA
23188,VIRGINIA
23190,VIRGINIA
23192,VIRGINIA
23218,VIRGINIA
23219,VIRGINIA
23220,VIRGINIA
23221,VIRGINIA
23222,VIRGINIA
23223,VIRGINIA
23224,VIRGINIA
23225,VIRGINIA
23226,VIRGINIA
23227,VIRGINIA
23228,VIRGINIA
23229,VIRGINIA
23230,VIRGINIA
23231,VIRGINIA
23232,VIRGINIA
23233,VIRGINIA
23234,VIRGINIA
23235,VIRGINIA
23236,VIRGINIA
23237,VIRGINIA
23238,VIRGINIA
23241,VIRGINIA
23242,VIRGINIA
23249,VIRGINIA
23250,VIRGINIA
23255,VIRGINIA
23260,VIRGINIA
23261,VIRGINIA
23269,VIRGINIA
23273,VIRGINIA
23274,VIRGINIA
23276,VIRGINIA
23278,VIRGINIA
23279,VIRGINIA
23282,VIRGINIA
23284,VIRGINIA
23285,VIRGINIA
23286,VIRGINIA
23288,VIRGINIA
23289,VIRGINIA
23290,VIRGINIA
23291,VIRGINIA
23292,VIRGINIA
23293,VIRGINIA
23294,VIRGINIA
23295,VIRGINIA
23297,VIRGINIA
23298,VIRGINIA
23301,VIRGINIA
23302,VIRGINIA
23303,VIRGINIA
23304,VIRGINIA
23306,VIRGINIA
23307,VIRGINIA
23308,VIRGINIA
23310,VIRGINIA
23313,VIRGINIA
23314,VIRGINIA
23315,VIRGINIA
23316,VIRGINIA
23320,VIRGINIA
23321,VIRGINIA
23322,VIRGINIA
23323,VIRGINIA
23324,VIRGINIA
23325,VIRGINIA
23326,VIRGINIA
23327,VIRGINIA
23328,VIRGINIA
23336,VIRGINIA
23337,VIRGINIA
23341,VIRGINIA
23345,VIRGINIA
23347,VIRGINIA
23350,VIRGINIA
23354,VIRGINIA
23356,VIRGINIA
23357,VIRGINIA
23358,VIRGINIA
23359,VIRGINIA
23389,VIRGINIA
23395,VIRGINIA
23396,VIRGINIA
23397,VIRGINIA
23398,VIRGINIA
23399,VIRGINIA
23401,VIRGINIA
23404,VIRGINIA
23405,VIRGINIA
23407,VIRGINIA
23408,VIRGINIA
23409,VIRGINIA
23410,VIRGINIA
23412,VIRGINIA
23413,VIRGINIA
23414,VIRGINIA
23415,VIRGINIA
23416,VIRGINIA
23417,VIRGINIA
23418,VIRGINIA
23419,VIRGINIA
23420,VIRGINIA
23421,VIRGINIA
23422,VIRGINIA
23423,VIRGINIA
23424,VIRGINIA
23426,VIRGINIA
23427,VIRGINIA
23429,VIRGINIA
23430,VIRGINIA
23431,VIRGINIA
23432,VIRGINIA
23433,VIRGINIA
23434,VIRGINIA
23435,VIRGINIA
23436,VIRGINIA
23437,VIRGINIA
23438,VIRGINIA
23439,VIRGINIA
23440,VIRGINIA
23441,VIRGINIA
23442,VIRGINIA
23443,VIRGINIA
23450,VIRGINIA
23451,VIRGINIA
23452,VIRGINIA
23453,VIRGINIA
23454,VIRGINIA
23455,VIRGINIA
23456,VIRGINIA
23457,VIRGINIA
23458,VIRGINIA
23459,VIRGINIA
23460,VIRGINIA
23461,VIRGINIA
23462,VIRGINIA
23463,VIRGINIA
23464,VIRGINIA
23465,VIRGINIA
23466,VIRGINIA
23467,VIRGINIA
23471,VIRGINIA
23479,VIRGINIA
23480,VIRGINIA
23482,VIRGINIA
23483,VIRGINIA
23486,VIRGINIA
23487,VIRGINIA
23488,VIRGINIA
23501,VIRGINIA
23502,VIRGINIA
23503,VIRGINIA
23504,VIRGINIA
23505,VIRGINIA
23506,VIRGINIA
23507,VIRGINIA
23508,VIRGINIA
23509,VIRGINIA
23510,VIRGINIA
23511,VIRGINIA
23513,VIRGINIA
23514,VIRGINIA
23515,VIRGINIA
23517,VIRGINIA
23518,VIRGINIA
23519,VIRGINIA
23523,VIRGINIA
23529,VIRGINIA
23541,VIRGINIA
23551,VIRGINIA
23601,VIRGINIA
23602,VIRGINIA
23603,VIRGINIA
23604,VIRGINIA
23605,VIRGINIA
23606,VIRGINIA
23607,VIRGINIA
23608,VIRGINIA
23609,VIRGINIA
23612,VIRGINIA
23628,VIRGINIA
23630,VIRGINIA
23651,VIRGINIA
23661,VIRGINIA
23662,VIRGINIA
23663,VIRGINIA
23664,VIRGINIA
23665,VIRGINIA
23666,VIRGINIA
23667,VIRGINIA
23668,VIRGINIA
23669,VIRGINIA
23670,VIRGINIA
23681,VIRGINIA
23690,VIRGINIA
23691,VIRGINIA
23692,VIRGINIA
23693,VIRGINIA
23694,VIRGINIA
23696,VIRGINIA
23701,VIRGINIA
23702,VIRGINIA
23703,VIRGINIA
23704,VIRGINIA
23705,VIRGINIA
23707,VIRGINIA
23708,VIRGINIA
23709,VIRGINIA
23801,VIRGINIA
23803,VIRGINIA
23804,VIRGINIA
23805,VIRGINIA
23806,VIRGINIA
23821,VIRGINIA
23822,VIRGINIA
23824,VIRGINIA
23827,VIRGINIA
23828,VIRGINIA
23829,VIRGINIA
23830,VIRGINIA
23831,VIRGINIA
23832,VIRGINIA
23833,VIRGINIA
23834,VIRGINIA
23836,VIRGINIA
23837,VIRGINIA
23838,VIRGINIA
23839,VIRGINIA
23840,VIRGINIA
23841,VIRGINIA
23842,VIRGINIA
23843,VIRGINIA
23844,VIRGINIA
23845,VIRGINIA
23846,VIRGINIA
23847,VIRGINIA
23850,VIRGINIA
23851,VIRGINIA
23856,VIRGINIA
23857,VIRGINIA
23860,VIRGINIA
23866,VIRGINIA
23867,VIRGINIA
23868,VIRGINIA
23870,VIRGINIA
23872,VIRGINIA
23873,VIRGINIA
23874,VIRGINIA
23875,VIRGINIA
23876,VIRGINIA
23878,VIRGINIA
23879,VIRGINIA
23881,VIRGINIA
23882,VIRGINIA
23883,VIRGINIA
23884,VIRGINIA
23885,VIRGINIA
23887,VIRGINIA
23888,VIRGINIA
23889,VIRGINIA
23890,VIRGINIA
23891,VIRGINIA
23893,VIRGINIA
23894,VIRGINIA
23897,VIRGINIA
23898,VIRGINIA
23899,VIRGINIA
23901,VIRGINIA
23909,VIRGINIA
23915,VIRGINIA
23917,VIRGINIA
23919,VIRGINIA
23920,VIRGINIA
23921,VIRGINIA
23922,VIRGINIA
23923,VIRGINIA
23924,VIRGINIA
23927,VIRGINIA
23930,VIRGINIA
23934,VIRGINIA
23936,VIRGINIA
23937,VIRGINIA
23938,VIRGINIA
23939,VIRGINIA
23941,VIRGINIA
23942,VIRGINIA
23943,VIRGINIA
23944,VIRGINIA
23947,VIRGINIA
23950,VIRGINIA
23952,VIRGINIA
23954,VIRGINIA
23955,VIRGINIA
23958,VIRGINIA
23959,VIRGINIA
23960,VIRGINIA
23962,VIRGINIA
23963,VIRGINIA
23964,VIRGINIA
23966,VIRGINIA
23967,VIRGINIA
23968,VIRGINIA
23970,VIRGINIA
23974,VIRGINIA
23976,VIRGINIA
24001,VIRGINIA
24002,VIRGINIA
24003,VIRGINIA
24004,VIRGINIA
24005,VIRGINIA
24006,VIRGINIA
24007,VIRGINIA
24008,VIRGINIA
24009,VIRGINIA
24010,VIRGINIA
24011,VIRGINIA
24012,VIRGINIA
24013,VIRGINIA
24014,VIRGINIA
24015,VIRGINIA
24016,VIRGINIA
24017,VIRGINIA
24018,VIRGINIA
24019,VIRGINIA
24020,VIRGINIA
24022,VIRGINIA
24023,VIRGINIA
24024,VIRGINIA
24025,VIRGINIA
24026,VIRGINIA
24027,VIRGINIA
24028,VIRGINIA
24029,VIRGINIA
24030,VIRGINIA
24031,VIRGINIA
24032,VIRGINIA
24033,VIRGINIA
24034,VIRGINIA
24035,VIRGINIA
24036,VIRGINIA
24037,VIRGINIA
24038,VIRGINIA
24040,VIRGINIA
24043,VIRGINIA
24050,VIRGINIA
24053,VIRGINIA
24054,VIRGINIA
24055,VIRGINIA
24058,VIRGINIA
24059,VIRGINIA
24060,VIRGINIA
24061,VIRGINIA
24062,VIRGINIA
24063,VIRGINIA
24064,VIRGINIA
24065,VIRGINIA
24066,VIRGINIA
24067,VIRGINIA
24068,VIRGINIA
24069,VIRGINIA
24070,VIRGINIA
24072,VIRGINIA
24073,VIRGINIA
24076,VIRGINIA
24077,VIRGINIA
24078,VIRGINIA
24079,VIRGINIA
24082,VIRGINIA
24083,VIRGINIA
24084,VIRGINIA
24085,VIRGINIA
24086,VIRGINIA
24087,VIRGINIA
24088,VIRGINIA
24089,VIRGINIA
24090,VIRGINIA
24091,VIRGINIA
24092,VIRGINIA
24093,VIRGINIA
24095,VIRGINIA
24101,VIRGINIA
24102,VIRGINIA
24104,VIRGINIA
24105,VIRGINIA
24111,VIRGINIA
24112,VIRGINIA
24113,VIRGINIA
24114,VIRGINIA
24115,VIRGINIA
24120,VIRGINIA
24121,VIRGINIA
24122,VIRGINIA
24124,VIRGINIA
24126,VIRGINIA
24127,VIRGINIA
24128,VIRGINIA
24129,VIRGINIA
24130,VIRGINIA
24131,VIRGINIA
24132,VIRGINIA
24133,VIRGINIA
24134,VIRGINIA
24136,VIRGINIA
24137,VIRGINIA
24138,VIRGINIA
24139,VIRGINIA
24141,VIRGINIA
24142,VIRGINIA
24143,VIRGINIA
24146,VIRGINIA
24147,VIRGINIA
24148,VIRGINIA
24149,VIRGINIA
24150,VIRGINIA
24151,VIRGINIA
24153,VIRGINIA
24155,VIRGINIA
24157,VIRGINIA
24161,VIRGINIA
24162,VIRGINIA
24165,VIRGINIA
24167,VIRGINIA
24168,VIRGINIA
24171,VIRGINIA
24174,VIRGINIA
24175,VIRGINIA
24176,VIRGINIA
24177,VIRGINIA
24178,VIRGINIA
24179,VIRGINIA
24184,VIRGINIA
24185,VIRGINIA
24201,VIRGINIA
24202,VIRGINIA
24203,VIRGINIA
24205,VIRGINIA
24209,VIRGINIA
24210,VIRGINIA
24211,VIRGINIA
24212,VIRGINIA
24215,VIRGINIA
24216,VIRGINIA
24217,VIRGINIA
24218,VIRGINIA
24219,VIRGINIA
24220,VIRGINIA
24221,VIRGINIA
24224,VIRGINIA
24225,VIRGINIA
24226,VIRGINIA
24228,VIRGINIA
24230,VIRGINIA
24236,VIRGINIA
24237,VIRGINIA
24239,VIRGINIA
24243,VIRGINIA
24244,VIRGINIA
24245,VIRGINIA
24246,VIRGINIA
24248,VIRGINIA
24250,VIRGINIA
24251,VIRGINIA
24256,VIRGINIA
24258,VIRGINIA
24260,VIRGINIA
24263,VIRGINIA
24265,VIRGINIA
24266,VIRGINIA
24269,VIRGINIA
24270,VIRGINIA
24271,VIRGINIA
24272,VIRGINIA
24273,VIRGINIA
24277,VIRGINIA
24279,VIRGINIA
24280,VIRGINIA
24281,VIRGINIA
24282,VIRGINIA
24283,VIRGINIA
24290,VIRGINIA
24292,VIRGINIA
24293,VIRGINIA
24301,VIRGINIA
24311,VIRGINIA
24312,VIRGINIA
24313,VIRGINIA
24314,VIRGINIA
24315,VIRGINIA
24316,VIRGINIA
24317,VIRGINIA
24318,VIRGINIA
24319,VIRGINIA
24322,VIRGINIA
24323,VIRGINIA
24324,VIRGINIA
24325,VIRGINIA
24326,VIRGINIA
24327,VIRGINIA
24328,VIRGINIA
24330,VIRGINIA
24333,VIRGINIA
24340,VIRGINIA
24343,VIRGINIA
24347,VIRGINIA
24348,VIRGINIA
24350,VIRGINIA
24351,VIRGINIA
24352,VIRGINIA
24354,VIRGINIA
24360,VIRGINIA
24361,VIRGINIA
24363,VIRGINIA
24366,VIRGINIA
24368,VIRGINIA
24370,VIRGINIA
24374,VIRGINIA
24375,VIRGINIA
24377,VIRGINIA
24378,VIRGINIA
24380,VIRGINIA
24381,VIRGINIA
24382,VIRGINIA
24401,VIRGINIA
24402,VIRGINIA
24411,VIRGINIA
24412,VIRGINIA
24413,VIRGINIA
24415,VIRGINIA
24416,VIRGINIA
24421,VIRGINIA
24422,VIRGINIA
24426,VIRGINIA
24430,VIRGINIA
24431,VIRGINIA
24432,VIRGINIA
24433,VIRGINIA
24435,VIRGINIA
24437,VIRGINIA
24438,VIRGINIA
24439,VIRGINIA
24440,VIRGINIA
24441,VIRGINIA
24442,VIRGINIA
24445,VIRGINIA
24448,VIRGINIA
24450,VIRGINIA
24457,VIRGINIA
24458,VIRGINIA
24459,VIRGINIA
24460,VIRGINIA
24463,VIRGINIA
24464,VIRGINIA
24465,VIRGINIA
24467,VIRGINIA
24469,VIRGINIA
24471,VIRGINIA
24472,VIRGINIA
24473,VIRGINIA
24474,VIRGINIA
24476,VIRGINIA
24477,VIRGINIA
24479,VIRGINIA
24482,VIRGINIA
24483,VIRGINIA
24484,VIRGINIA
24485,VIRGINIA
24486,VIRGINIA
24487,VIRGINIA
24501,VIRGINIA
24502,VIRGINIA
24503,VIRGINIA
24504,VIRGINIA
24505,VIRGINIA
24506,VIRGINIA
24513,VIRGINIA
24514,VIRGINIA
24515,VIRGINIA
24517,VIRGINIA
24520,VIRGINIA
24521,VIRGINIA
24522,VIRGINIA
24523,VIRGINIA
24526,VIRGINIA
24527,VIRGINIA
24528,VIRGINIA
24529,VIRGINIA
24530,VIRGINIA
24531,VIRGINIA
24533,VIRGINIA
24534,VIRGINIA
24535,VIRGINIA
24536,VIRGINIA
24538,VIRGINIA
24539,VIRGINIA
24540,VIRGINIA
24541,VIRGINIA
24543,VIRGINIA
24549,VIRGINIA
24550,VIRGINIA
24551,VIRGINIA
24553,VIRGINIA
24554,VIRGINIA
24555,VIRGINIA
24556,VIRGINIA
24557,VIRGINIA
24558,VIRGINIA
24562,VIRGINIA
24563,VIRGINIA
24565,VIRGINIA
24566,VIRGINIA
24569,VIRGINIA
24570,VIRGINIA
24571,VIRGINIA
24572,VIRGINIA
24574,VIRGINIA
24576,VIRGINIA
24577,VIRGINIA
24578,VIRGINIA
24579,VIRGINIA
24580,VIRGINIA
24581,VIRGINIA
24586,VIRGINIA
24588,VIRGINIA
24589,VIRGINIA
24590,VIRGINIA
24592,VIRGINIA
24593,VIRGINIA
24594,VIRGINIA
24595,VIRGINIA
24597,VIRGINIA
24598,VIRGINIA
24599,VIRGINIA
24601,VIRGINIA
24602,VIRGINIA
24603,VIRGINIA
24604,VIRGINIA
24605,VIRGINIA
24606,VIRGINIA
24607,VIRGINIA
24608,VIRGINIA
24609,VIRGINIA
24612,VIRGINIA
24613,VIRGINIA
24614,VIRGINIA
24619,VIRGINIA
24620,VIRGINIA
24622,VIRGINIA
24624,VIRGINIA
24627,VIRGINIA
24628,VIRGINIA
24630,VIRGINIA
24631,VIRGINIA
24634,VIRGINIA
24635,VIRGINIA
24637,VIRGINIA
24639,VIRGINIA
24640,VIRGINIA
24641,VIRGINIA
24646,VIRGINIA
24647,VIRGINIA
24649,VIRGINIA
24651,VIRGINIA
24656,VIRGINIA
24657,VIRGINIA
24658,VIRGINIA
24701,KY-WV
24712,KY-WV
24714,KY-WV
24715,VIRGINIA
24716,KY-WV
24719,KY-WV
24724,KY-WV
24726,KY-WV
24729,KY-WV
24731,KY-WV
24732,KY-WV
24733,KY-WV
24736,KY-WV
24737,KY-WV
24738,KY-WV
24739,KY-WV
24740,KY-WV
24747,KY-WV
24751,KY-WV
24801,KY-WV
24808,KY-WV
24811,KY-WV
24813,KY-WV
24815,VIRGINIA
24816,KY-WV
24817,VIRGINIA
24818,KY-WV
24822,KY-WV
24823,KY-WV
24826,VIRGINIA
24827,KY-WV
24828,KY-WV
24829,KY-WV
24830,KY-WV
24831,KY-WV
24834,KY-WV
24836,KY-WV
24839,KY-WV
24843,KY-WV
24844,KY-WV
24845,KY-WV
24846,KY-WV
24847,KY-WV
24848,KY-WV
24849,KY-WV
24850,VIRGINIA
24851,KY-WV
24853,KY-WV
24854,KY-WV
24855,KY-WV
24857,KY-WV
24859,KY-WV
24860,KY-WV
24861,KY-WV
24862,KY-WV
24866,VIRGINIA
24867,KY-WV
24868,KY-WV
24869,KY-WV
24870,KY-WV
24871,KY-WV
24872,VIRGINIA
24873,VIRGINIA
24874,KY-WV
24878,KY-WV
24879,KY-WV
24880,KY-WV
24881,KY-WV
24882,KY-WV
24884,VIRGINIA
24887,KY-WV
24888,KY-WV
24892,KY-WV
24894,VIRGINIA
24895,KY-WV
24898,KY-WV
24901,KY-WV
24902,KY-WV
24910,KY-WV
24915,KY-WV
24916,KY-WV
24918,KY-WV
24920,KY-WV
24924,KY-WV
24925,KY-WV
24927,KY-WV
24931,KY-WV
24934,KY-WV
24935,KY-WV
24938,KY-WV
24941,KY-WV
24943,KY-WV
24944,KY-WV
24945,KY-WV
24946,KY-WV
24951,KY-WV
24954,KY-WV
24957,KY-WV
24962,KY-WV
24963,KY-WV
24966,KY-WV
24970,KY-WV
24974,KY-WV
24976,KY-WV
24977,KY-WV
24981,KY-WV
24983,KY-WV
24984,KY-WV
24985,KY-WV
24986,KY-WV
24991,KY-WV
24993,KY-WV
25002,KY-WV
25003,KY-WV
25005,KY-WV
25007,KY-WV
25008,KY-WV
25009,KY-WV
25011,KY-WV
25015,KY-WV
25019,KY-WV
25021,KY-WV
25022,KY-WV
25024,KY-WV
25025,KY-WV
25026,KY-WV
25028,KY-WV
25030,KY-WV
25031,KY-WV
25033,KY-WV
25035,KY-WV
25036,KY-WV
25039,KY-WV
25040,KY-WV
25043,KY-WV
25044,KY-WV
25045,KY-WV
25047,KY-WV
25048,KY-WV
25049,KY-WV
25051,KY-WV
25053,KY-WV
25054,KY-WV
25057,KY-WV
25059,KY-WV
25060,KY-WV
25061,KY-WV
25062,KY-WV
25063,KY-WV
25064,KY-WV
25067,KY-WV
25070,KY-WV
25071,KY-WV
25075,KY-WV
25076,KY-WV
25079,KY-WV
25081,KY-WV
25082,KY-WV
25083,KY-WV
25085,KY-WV
25086,KY-WV
25088,KY-WV
25090,KY-WV
25093,KY-WV
25102,KY-WV
25103,KY-WV
25106,KY-WV
25107,KY-WV
25108,KY-WV
25109,KY-WV
25110,KY-WV
25111,KY-WV
25112,KY-WV
25113,KY-WV
25114,KY-WV
25115,KY-WV
25118,KY-WV
25119,KY-WV
25121,KY-WV
25123,KY-WV
25124,KY-WV
25125,KY-WV
25126,KY-WV
25130,KY-WV
25132,KY-WV
25133,KY-WV
25134,KY-WV
25136,KY-WV
25139,KY-WV
25140,KY-WV
25141,KY-WV
25142,KY-WV
25143,KY-WV
25148,KY-WV
25149,KY-WV
25152,KY-WV
25154,KY-WV
25156,KY-WV
25159,KY-WV
25160,KY-WV
25161,KY-WV
25162,KY-WV
25164,KY-WV
25165,KY-WV
25168,KY-WV
25169,KY-WV
25173,KY-WV
25174,KY-WV
25177,KY-WV
25180,KY-WV
25181,KY-WV
25183,KY-WV
25185,KY-WV
25186,KY-WV
25187,KY-WV
25193,KY-WV
25201,KY-WV
25202,KY-WV
25203,KY-WV
25204,KY-WV
25205,KY-WV
25206,KY-WV
25208,KY-WV
25209,KY-WV
25211,KY-WV
25213,KY-WV
25214,KY-WV
25231,KY-WV
25234,KY-WV
25235,KY-WV
25239,KY-WV
25241,KY-WV
25243,KY-WV
25244,KY-WV
25245,KY-WV
25247,KY-WV
25248,KY-WV
25251,KY-WV
25252,KY-WV
25253,KY-WV
25259,KY-WV
25260,KY-WV
25261,KY-WV
25262,KY-WV
25264,KY-WV
25265,KY-WV
25266,KY-WV
25267,KY-WV
25268,KY-WV
25270,KY-WV
25271,KY-WV
25275,KY-WV
25276,KY-WV
25285,KY-WV
25286,KY-WV
25287,KY-WV
25301,KY-WV
25302,KY-WV
25303,KY-WV
25304,KY-WV
25305,KY-WV
25306,KY-WV
25309,KY-WV
25311,KY-WV
25312,KY-WV
25313,KY-WV
25314,KY-WV
25315,KY-WV
25317,KY-WV
25320,KY-WV
25321,KY-WV
25322,KY-WV
25323,KY-WV
25324,KY-WV
25325,KY-WV
25326,KY-WV
25327,KY-WV
25328,KY-WV
25329,KY-WV
25330,KY-WV
25331,KY-WV
25332,KY-WV
25333,KY-WV
25334,KY-WV
25335,KY-WV
25336,KY-WV
25337,KY-WV
25338,KY-WV
25339,KY-WV
25350,KY-WV
25356,KY-WV
25357,KY-WV
25358,KY-WV
25360,KY-WV
25361,KY-WV
25362,KY-WV
25364,KY-WV
25365,KY-WV
25375,KY-WV
25387,KY-WV
25389,KY-WV
25392,KY-WV
25396,KY-WV
25401,KY-WV
25402,KY-WV
25403,KY-WV
25404,KY-WV
25405,KY-WV
25410,KY-WV
25411,KY-WV
25413,KY-WV
25414,KY-WV
25419,KY-WV
25420,KY-WV
25421,KY-WV
25422,KY-WV
25423,KY-WV
25425,KY-WV
25427,KY-WV
25428,KY-WV
25430,KY-WV
25431,KY-WV
25432,KY-WV
25434,KY-WV
25437,KY-WV
25438,KY-WV
25440,KY-WV
25441,KY-WV
25442,KY-WV
25443,KY-WV
25444,KY-WV
25446,KY-WV
25501,KY-WV
25502,KY-WV
25503,KY-WV
25504,KY-WV
25505,KY-WV
25506,KY-WV
25507,KY-WV
25508,KY-WV
25510,KY-WV
25511,KY-WV
25512,KY-WV
25514,KY-WV
25515,KY-WV
25517,KY-WV
25520,KY-WV
25521,KY-WV
25523,KY-WV
25524,KY-WV
25526,KY-WV
25529,KY-WV
25530,KY-WV
25534,KY-WV
25535,KY-WV
25537,KY-WV
25540,KY-WV
25541,KY-WV
25544,KY-WV
25545,KY-WV
25547,KY-WV
25550,KY-WV
25555,KY-WV
25557,KY-WV
25559,KY-WV
25560,KY-WV
25562,KY-WV
25564,KY-WV
25565,KY-WV
25567,KY-WV
25569,KY-WV
25570,KY-WV
25571,KY-WV
25572,KY-WV
25573,KY-WV
25601,KY-WV
25606,KY-WV
25607,KY-WV
25608,KY-WV
25611,KY-WV
25612,KY-WV
25614,KY-WV
25617,KY-WV
25621,KY-WV
25624,KY-WV
25625,KY-WV
25628,KY-WV
25630,KY-WV
25632,KY-WV
25634,KY-WV
25635,KY-WV
25637,KY-WV
25638,KY-WV
25639,KY-WV
25644,KY-WV
25646,KY-WV
25647,KY-WV
25649,KY-WV
25650,KY-WV
25651,KY-WV
25652,KY-WV
25653,KY-WV
25654,KY-WV
25661,KY-WV
25665,KY-WV
25666,KY-WV
25667,KY-WV
25669,KY-WV
25670,KY-WV
25671,KY-WV
25672,KY-WV
25674,KY-WV
25676,KY-WV
25678,KY-WV
25685,KY-WV
25686,KY-WV
25688,KY-WV
25690,KY-WV
25691,KY-WV
25692,KY-WV
25696,KY-WV
25699,KY-WV
25701,KY-WV
25702,KY-WV
25703,KY-WV
25704,KY-WV
25705,KY-WV
25706,KY-WV
25707,KY-WV
25708,KY-WV
25709,KY-WV
25710,KY-WV
25711,KY-WV
25712,KY-WV
25713,KY-WV
25714,KY-WV
25715,KY-WV
25716,KY-WV
25717,KY-WV
25718,KY-WV
25719,KY-WV
25720,KY-WV
25721,KY-WV
25722,KY-WV
25723,KY-WV
25724,KY-WV
25725,KY-WV
25726,KY-WV
25727,KY-WV
25728,KY-WV
25729,KY-WV
25755,KY-WV
25770,KY-WV
25771,KY-WV
25772,KY-WV
25773,KY-WV
25774,KY-WV
25775,KY-WV
25776,KY-WV
25777,KY-WV
25778,KY-WV
25779,KY-WV
25801,KY-WV
25802,KY-WV
25810,KY-WV
25811,KY-WV
25812,KY-WV
25813,KY-WV
25817,KY-WV
25818,KY-WV
25820,KY-WV
25823,KY-WV
25825,KY-WV
25826,KY-WV
25827,KY-WV
25831,KY-WV
25832,KY-WV
25833,KY-WV
25836,KY-WV
25837,KY-WV
25839,KY-WV
25840,KY-WV
25841,KY-WV
25843,KY-WV
25844,KY-WV
25845,KY-WV
25846,KY-WV
25848,KY-WV
25849,KY-WV
25851,KY-WV
25853,KY-WV
25854,KY-WV
25855,KY-WV
25857,KY-WV
25860,KY-WV
25862,KY-WV
25864,KY-WV
25865,KY-WV
25866,KY-WV
25868,KY-WV
25870,KY-WV
25871,KY-WV
25873,KY-WV
25875,KY-WV
25876,KY-WV
25878,KY-WV
25879,KY-WV
25880,KY-WV
25882,KY-WV
25888,KY-WV
25901,KY-WV
25902,KY-WV
25904,KY-WV
25906,KY-WV
25907,KY-WV
25908,KY-WV
25909,KY-WV
25911,KY-WV
25913,KY-WV
25915,KY-WV
25916,KY-WV
25917,KY-WV
25918,KY-WV
25919,KY-WV
25920,KY-WV
25921,KY-WV
25922,KY-WV
25927,KY-WV
25928,KY-WV
25932,KY-WV
25936,KY-WV
25938,KY-WV
25942,KY-WV
25943,KY-WV
25951,KY-WV
25958,KY-WV
25962,KY-WV
25966,KY-WV
25969,KY-WV
25971,KY-WV
25972,KY-WV
25976,KY-WV
25977,KY-WV
25978,KY-WV
25979,KY-WV
25981,KY-WV
25984,KY-WV
25985,KY-WV
25986,KY-WV
25989,KY-WV
26003,KY-WV
26030,KY-WV
26031,KY-WV
26032,KY-WV
26033,KY-WV
26034,KY-WV
26035,KY-WV
26036,PENNSYLVANIA
26037,KY-WV
26038,KY-WV
26039,KY-WV
26040,KY-WV
26041,KY-WV
26047,KY-WV
26050,KY-WV
26055,KY-WV
26056,KY-WV
26058,KY-WV
26059,KY-WV
26060,PENNSYLVANIA
26062,KY-WV
26070,KY-WV
26074,KY-WV
26075,KY-WV
26101,KY-WV
26102,KY-WV
26103,KY-WV
26104,KY-WV
26105,KY-WV
26106,KY-WV
26120,KY-WV
26121,KY-WV
26133,KY-WV
26134,KY-WV
26136,KY-WV
26137,KY-WV
26138,KY-WV
26141,KY-WV
26142,KY-WV
26143,KY-WV
26146,KY-WV
26147,KY-WV
26148,KY-WV
26149,KY-WV
26150,KY-WV
26151,KY-WV
26152,KY-WV
26155,KY-WV
26159,KY-WV
26160,KY-WV
26161,KY-WV
26162,KY-WV
26164,KY-WV
26167,KY-WV
26169,KY-WV
26170,KY-WV
26175,KY-WV
26178,KY-WV
26180,KY-WV
26181,KY-WV
26184,KY-WV
26187,KY-WV
26201,KY-WV
26202,KY-WV
26203,KY-WV
26205,KY-WV
26206,KY-WV
26208,KY-WV
26209,KY-WV
26210,KY-WV
26215,KY-WV
26217,KY-WV
26218,KY-WV
26219,KY-WV
26222,KY-WV
26224,KY-WV
26228,KY-WV
26229,KY-WV
26230,KY-WV
26234,KY-WV
26236,KY-WV
26237,KY-WV
26238,KY-WV
26241,KY-WV
26250,KY-WV
26253,KY-WV
26254,KY-WV
26257,KY-WV
26259,KY-WV
26260,KY-WV
26261,KY-WV
26263,KY-WV
26264,KY-WV
26266,KY-WV
26267,KY-WV
26268,KY-WV
26269,KY-WV
26270,KY-WV
26271,KY-WV
26273,KY-WV
26275,KY-WV
26276,KY-WV
26278,KY-WV
26280,KY-WV
26282,KY-WV
26283,KY-WV
26285,KY-WV
26287,KY-WV
26288,KY-WV
26289,KY-WV
26291,KY-WV
26292,KY-WV
26293,KY-WV
26294,KY-WV
26296,KY-WV
26298,KY-WV
26301,KY-WV
26302,KY-WV
26306,KY-WV
26320,KY-WV
26321,KY-WV
26323,KY-WV
26325,KY-WV
26327,KY-WV
26330,KY-WV
26335,KY-WV
26337,KY-WV
26338,KY-WV
26339,KY-WV
26342,KY-WV
26343,KY-WV
26346,KY-WV
26347,KY-WV
26348,KY-WV
26349,KY-WV
26351,KY-WV
26354,KY-WV
26361,KY-WV
26362,KY-WV
26366,KY-WV
26369,KY-WV
26372,KY-WV
26374,KY-WV
26376,KY-WV
26377,KY-WV
26378,KY-WV
26384,KY-WV
26385,KY-WV
26386,KY-WV
26404,KY-WV
26405,KY-WV
26408,KY-WV
26410,KY-WV
26411,KY-WV
26412,KY-WV
26415,KY-WV
26416,KY-WV
26419,KY-WV
26421,KY-WV
26422,KY-WV
26424,KY-WV
26425,KY-WV
26426,KY-WV
26430,KY-WV
26431,KY-WV
26434,KY-WV
26435,KY-WV
26436,KY-WV
26437,KY-WV
26438,KY-WV
26440,KY-WV
26443,KY-WV
26444,KY-WV
26447,KY-WV
26448,KY-WV
26451,KY-WV
26452,KY-WV
26456,KY-WV
26463,KY-WV
26501,KY-WV
26502,KY-WV
26504,KY-WV
26505,KY-WV
26506,KY-WV
26507,KY-WV
26508,KY-WV
26519,KY-WV
26520,KY-WV
26521,KY-WV
26524,KY-WV
26525,KY-WV
26527,KY-WV
26531,KY-WV
26534,KY-WV
26537,KY-WV
26541,KY-WV
26542,KY-WV
26543,KY-WV
26544,KY-WV
26546,KY-WV
26547,KY-WV
26554,KY-WV
26555,KY-WV
26559,KY-WV
26560,KY-WV
26561,KY-WV
26562,KY-WV
26563,KY-WV
26566,KY-WV
26568,KY-WV
26570,KY-WV
26571,KY-WV
26572,KY-WV
26574,KY-WV
26575,KY-WV
26576,KY-WV
26578,KY-WV
26581,KY-WV
26582,KY-WV
26585,KY-WV
26586,KY-WV
26587,KY-WV
26588,KY-WV
26590,KY-WV
26591,KY-WV
26601,KY-WV
26610,KY-WV
26611,KY-WV
26615,KY-WV
26617,KY-WV
26619,KY-WV
26621,KY-WV
26623,KY-WV
26624,KY-WV
26627,KY-WV
26629,KY-WV
26631,KY-WV
26636,KY-WV
26638,KY-WV
26651,KY-WV
26656,KY-WV
26660,KY-WV
26662,KY-WV
26667,KY-WV
26671,KY-WV
26675,KY-WV
26676,KY-WV
26678,KY-WV
26679,KY-WV
26680,KY-WV
26681,KY-WV
26684,KY-WV
26690,KY-WV
26691,KY-WV
26704,KY-WV
26705,KY-WV
26707,KY-WV
26710,KY-WV
26711,KY-WV
26714,KY-WV
26716,KY-WV
26717,KY-WV
26719,KY-WV
26720,KY-WV
26722,KY-WV
26726,KY-WV
26731,KY-WV
26739,KY-WV
26743,KY-WV
26750,KY-WV
26753,KY-WV
26755,KY-WV
26757,KY-WV
26761,KY-WV
26763,KY-WV
26764,KY-WV
26767,KY-WV
26801,KY-WV
26802,KY-WV
26804,KY-WV
26807,KY-WV
26808,KY-WV
26810,KY-WV
26812,KY-WV
26814,KY-WV
26815,KY-WV
26817,KY-WV
26818,KY-WV
26823,KY-WV
26833,KY-WV
26836,KY-WV
26838,KY-WV
26845,KY-WV
26847,KY-WV
26851,KY-WV
26852,KY-WV
26855,KY-WV
26865,KY-WV
26866,KY-WV
26884,KY-WV
26886,KY-WV
27006,NORTH CAROLINA
27007,NORTH CAROLINA
27009,NORTH CAROLINA
27010,NORTH CAROLINA
27011,NORTH CAROLINA
27012,NORTH CAROLINA
27013,NORTH CAROLINA
27014,NORTH CAROLINA
27016,NORTH CAROLINA
27017,NORTH CAROLINA
27018,NORTH CAROLINA
27019,NORTH CAROLINA
27020,NORTH CAROLINA
27021,NORTH CAROLINA
27022,NORTH CAROLINA
27023,NORTH CAROLINA
27024,NORTH CAROLINA
27025,NORTH CAROLINA
27027,NORTH CAROLINA
27028,NORTH CAROLINA
27030,NORTH CAROLINA
27031,NORTH CAROLINA
27040,NORTH CAROLINA
27041,NORTH CAROLINA
27042,NORTH CAROLINA
27043,NORTH CAROLINA
27045,NORTH CAROLINA
27046,NORTH CAROLINA
27047,NORTH CAROLINA
27048,NORTH CAROLINA
27049,NORTH CAROLINA
27050,NORTH CAROLINA
27051,NORTH CAROLINA
27052,NORTH CAROLINA
27053,NORTH CAROLINA
27054,NORTH CAROLINA
27055,NORTH CAROLINA
27094,NORTH CAROLINA
27098,NORTH CAROLINA
27099,NORTH CAROLINA
27101,NORTH CAROLINA
27102,NORTH CAROLINA
27103,NORTH CAROLINA
27104,NORTH CAROLINA
27105,NORTH CAROLINA
27106,NORTH CAROLINA
27107,NORTH CAROLINA
27108,NORTH CAROLINA
27109,NORTH CAROLINA
27110,NORTH CAROLINA
27111,NORTH CAROLINA
27113,NORTH CAROLINA
27114,NORTH CAROLINA
27115,NORTH CAROLINA
27116,NORTH CAROLINA
27117,NORTH CAROLINA
27120,NORTH CAROLINA
27127,NORTH CAROLINA
27130,NORTH CAROLINA
27150,NORTH CAROLINA
27152,NORTH CAROLINA
27155,NORTH CAROLINA
27157,NORTH CAROLINA
27198,NORTH CAROLINA
27199,NORTH CAROLINA
27201,NORTH CAROLINA
27202,NORTH CAROLINA
27203,NORTH CAROLINA
27204,NORTH CAROLINA
27205,NORTH CAROLINA
27207,NORTH CAROLINA
27208,NORTH CAROLINA
27209,NORTH CAROLINA
27212,NORTH CAROLINA
27213,NORTH CAROLINA
27214,NORTH CAROLINA
27215,NORTH CAROLINA
27216,NORTH CAROLINA
27217,NORTH CAROLINA
27228,NORTH CAROLINA
27229,NORTH CAROLINA
27230,NORTH CAROLINA
27231,NORTH CAROLINA
27233,NORTH CAROLINA
27235,NORTH CAROLINA
27237,NORTH CAROLINA
27239,NORTH CAROLINA
27242,NORTH CAROLINA
27243,NORTH CAROLINA
27244,NORTH CAROLINA
27247,NORTH CAROLINA
27248,NORTH CAROLINA
27249,NORTH CAROLINA
27252,NORTH CAROLINA
27253,NORTH CAROLINA
27256,NORTH CAROLINA
27258,NORTH CAROLINA
27259,NORTH CAROLINA
27260,NORTH CAROLINA
27261,NORTH CAROLINA
27262,NORTH CAROLINA
27263,NORTH CAROLINA
27264,NORTH CAROLINA
27265,NORTH CAROLINA
27268,NORTH CAROLINA
27278,NORTH CAROLINA
27281,NORTH CAROLINA
27282,NORTH CAROLINA
27283,NORTH CAROLINA
27284,NORTH CAROLINA
27285,NORTH CAROLINA
27288,NORTH CAROLINA
27289,NORTH CAROLINA
27291,NORTH CAROLINA
27292,NORTH CAROLINA
27293,NORTH CAROLINA
27294,NORTH CAROLINA
27295,NORTH CAROLINA
27298,NORTH CAROLINA
27299,NORTH CAROLINA
27301,NORTH CAROLINA
27302,NORTH CAROLINA
27305,NORTH CAROLINA
27306,NORTH CAROLINA
27310,NORTH CAROLINA
27311,NORTH CAROLINA
27312,NORTH CAROLINA
27313,NORTH CAROLINA
27314,NORTH CAROLINA
27315,NORTH CAROLINA
27316,NORTH CAROLINA
27317,NORTH CAROLINA
27320,NORTH CAROLINA
27323,NORTH CAROLINA
27325,NORTH CAROLINA
27326,NORTH CAROLINA
27330,NORTH CAROLINA
27331,NORTH CAROLINA
27332,NORTH CAROLINA
27340,NORTH CAROLINA
27341,NORTH CAROLINA
27342,NORTH CAROLINA
27343,NORTH CAROLINA
27344,NORTH CAROLINA
27349,NORTH CAROLINA
27350,NORTH CAROLINA
27351,NORTH CAROLINA
27355,NORTH CAROLINA
27356,NORTH CAROLINA
27357,NORTH CAROLINA
27358,NORTH CAROLINA
27359,NORTH CAROLINA
27360,NORTH CAROLINA
27361,NORTH CAROLINA
27370,NORTH CAROLINA
27371,NORTH CAROLINA
27373,NORTH CAROLINA
27374,NORTH CAROLINA
27375,NORTH CAROLINA
27376,NORTH CAROLINA
27377,NORTH CAROLINA
27379,NORTH CAROLINA
27401,NORTH CAROLINA
27402,NORTH CAROLINA
27403,NORTH CAROLINA
27404,NORTH CAROLINA
27405,NORTH CAROLINA
27406,NORTH CAROLINA
27407,NORTH CAROLINA
27408,NORTH CAROLINA
27409,NORTH CAROLINA
27410,NORTH CAROLINA
27411,NORTH CAROLINA
27412,NORTH CAROLINA
27413,NORTH CAROLINA
27415,NORTH CAROLINA
27416,NORTH CAROLINA
27417,NORTH CAROLINA
27419,NORTH CAROLINA
27420,NORTH CAROLINA
27425,NORTH CAROLINA
27427,NORTH CAROLINA
27429,NORTH CAROLINA
27435,NORTH CAROLINA
27438,NORTH CAROLINA
27455,NORTH CAROLINA
27495,NORTH CAROLINA
27497,NORTH CAROLINA
27498,NORTH CAROLINA
27499,NORTH CAROLINA
27501,NORTH CAROLINA
27502,NORTH CAROLINA
27503,NORTH CAROLINA
27504,NORTH CAROLINA
27505,NORTH CAROLINA
27506,NORTH CAROLINA
27507,NORTH CAROLINA
27508,NORTH CAROLINA
27509,NORTH CAROLINA
27510,NORTH CAROLINA
27511,NORTH CAROLINA
27512,NORTH CAROLINA
27513,NORTH CAROLINA
27514,NORTH CAROLINA
27515,NORTH CAROLINA
27516,NORTH CAROLINA
27517,NORTH CAROLINA
27518,NORTH CAROLINA
27519,NORTH CAROLINA
27520,NORTH CAROLINA
27521,NORTH CAROLINA
27522,NORTH CAROLINA
27523,NORTH CAROLINA
27524,NORTH CAROLINA
27525,NORTH CAROLINA
27526,NORTH CAROLINA
27527,NORTH CAROLINA
27528,NORTH CAROLINA
27529,NORTH CAROLINA
27530,NORTH CAROLINA
27531,NORTH CAROLINA
27532,NORTH CAROLINA
27533,NORTH CAROLINA
27534,NORTH CAROLINA
27536,NORTH CAROLINA
27537,NORTH CAROLINA
27539,NORTH CAROLINA
27540,NORTH CAROLINA
27541,NORTH CAROLINA
27542,NORTH CAROLINA
27543,NORTH CAROLINA
27544,NORTH CAROLINA
27545,NORTH CAROLINA
27546,NORTH CAROLINA
27549,NORTH CAROLINA
27551,NORTH CAROLINA
27552,NORTH CAROLINA
27553,NORTH CAROLINA
27555,NORTH CAROLINA
27556,NORTH CAROLINA
27557,NORTH CAROLINA
27559,NORTH CAROLINA
27560,NORTH CAROLINA
27562,NORTH CAROLINA
27563,NORTH CAROLINA
27565,NORTH CAROLINA
27568,NORTH CAROLINA
27569,NORTH CAROLINA
27570,NORTH CAROLINA
27571,NORTH CAROLINA
27572,NORTH CAROLINA
27573,NORTH CAROLINA
27574,NORTH CAROLINA
27576,NORTH CAROLINA
27577,NORTH CAROLINA
27581,NORTH CAROLINA
27582,NORTH CAROLINA
27583,NORTH CAROLINA
27584,NORTH CAROLINA
27586,NORTH CAROLINA
27587,NORTH CAROLINA
27588,NORTH CAROLINA
27589,NORTH CAROLINA
27591,NORTH CAROLINA
27592,NORTH CAROLINA
27593,NORTH CAROLINA
27594,NORTH CAROLINA
27596,NORTH CAROLINA
27597,NORTH CAROLINA
27599,NORTH CAROLINA
27601,NORTH CAROLINA
27602,NORTH CAROLINA
27603,NORTH CAROLINA
27604,NORTH CAROLINA
27605,NORTH CAROLINA
27606,NORTH CAROLINA
27607,NORTH CAROLINA
27608,NORTH CAROLINA
27609,NORTH CAROLINA
27610,NORTH CAROLINA
27611,NORTH CAROLINA
27612,NORTH CAROLINA
27613,NORTH CAROLINA
27614,NORTH CAROLINA
27615,NORTH CAROLINA
27616,NORTH CAROLINA
27617,NORTH CAROLINA
27619,NORTH CAROLINA
27620,NORTH CAROLINA
27622,NORTH CAROLINA
27623,NORTH CAROLINA
27624,NORTH CAROLINA
27625,NORTH CAROLINA
27626,NORTH CAROLINA
27627,NORTH CAROLINA
27628,NORTH CAROLINA
27629,NORTH CAROLINA
27634,NORTH CAROLINA
27635,NORTH CAROLINA
27636,NORTH CAROLINA
27640,NORTH CAROLINA
27650,NORTH CAROLINA
27656,NORTH CAROLINA
27658,NORTH CAROLINA
27661,NORTH CAROLINA
27668,NORTH CAROLINA
27675,NORTH CAROLINA
27676,NORTH CAROLINA
27690,NORTH CAROLINA
27695,NORTH CAROLINA
27697,NORTH CAROLINA
27698,NORTH CAROLINA
27699,NORTH CAROLINA
27701,NORTH CAROLINA
27702,NORTH CAROLINA
27703,NORTH CAROLINA
27704,NORTH CAROLINA
27705,NORTH CAROLINA
27706,NORTH CAROLINA
27707,NORTH CAROLINA
27708,NORTH CAROLINA
27709,NORTH CAROLINA
27710,NORTH CAROLINA
27711,NORTH CAROLINA
27712,NORTH CAROLINA
27713,NORTH CAROLINA
27715,NORTH CAROLINA
27717,NORTH CAROLINA
27722,NORTH CAROLINA
27801,NORTH CAROLINA
27802,NORTH CAROLINA
27803,NORTH CAROLINA
27804,NORTH CAROLINA
27805,NORTH CAROLINA
27806,NORTH CAROLINA
27807,NORTH CAROLINA
27808,NORTH CAROLINA
27809,NORTH CAROLINA
27810,NORTH CAROLINA
27811,NORTH CAROLINA
27812,NORTH CAROLINA
27813,NORTH CAROLINA
27814,NORTH CAROLINA
27815,NORTH CAROLINA
27816,NORTH CAROLINA
27817,NORTH CAROLINA
27818,NORTH CAROLINA
27819,NORTH CAROLINA
27820,NORTH CAROLINA
27821,NORTH CAROLINA
27822,NORTH CAROLINA
27823,NORTH CAROLINA
27824,NORTH CAROLINA
27825,NORTH CAROLINA
27826,NORTH CAROLINA
27827,NORTH CAROLINA
27828,NORTH CAROLINA
27829,NORTH CAROLINA
27830,NORTH CAROLINA
27831,NORTH CAROLINA
27832,NORTH CAROLINA
27833,NORTH CAROLINA
27834,NORTH CAROLINA
27835,NORTH CAROLINA
27836,NORTH CAROLINA
27837,NORTH CAROLINA
27839,NORTH CAROLINA
27840,NORTH CAROLINA
27841,NORTH CAROLINA
27842,NORTH CAROLINA
27843,NORTH CAROLINA
27844,NORTH CAROLINA
27845,NORTH CAROLINA
27846,NORTH CAROLINA
27847,NORTH CAROLINA
27849,NORTH CAROLINA
27850,NORTH CAROLINA
27851,NORTH CAROLINA
27852,NORTH CAROLINA
27853,NORTH CAROLINA
27855,NORTH CAROLINA
27856,NORTH CAROLINA
27857,NORTH CAROLINA
27858,NORTH CAROLINA
27860,NORTH CAROLINA
27861,NORTH CAROLINA
27862,NORTH CAROLINA
27863,NORTH CAROLINA
27864,NORTH CAROLINA
27865,NORTH CAROLINA
27866,NORTH CAROLINA
27867,NORTH CAROLINA
27868,NORTH CAROLINA
27869,NORTH CAROLINA
27870,NORTH CAROLINA
27871,NORTH CAROLINA
27872,NORTH CAROLINA
27873,NORTH CAROLINA
27874,NORTH CAROLINA
27875,NORTH CAROLINA
27876,NORTH CAROLINA
27877,NORTH CAROLINA
27878,NORTH CAROLINA
27879,NORTH CAROLINA
27880,NORTH CAROLINA
27881,NORTH CAROLINA
27882,NORTH CAROLINA
27883,NORTH CAROLINA
27884,NORTH CAROLINA
27885,NORTH CAROLINA
27886,NORTH CAROLINA
27887,NORTH CAROLINA
27888,NORTH CAROLINA
27889,NORTH CAROLINA
27890,NORTH CAROLINA
27891,NORTH CAROLINA
27892,NORTH CAROLINA
27893,NORTH CAROLINA
27894,NORTH CAROLINA
27895,NORTH CAROLINA
27896,NORTH CAROLINA
27897,NORTH CAROLINA
27906,NORTH CAROLINA
27907,NORTH CAROLINA
27909,NORTH CAROLINA
27910,NORTH CAROLINA
27915,NORTH CAROLINA
27916,NORTH CAROLINA
27917,NORTH CAROLINA
27919,NORTH CAROLINA
27920,NORTH CAROLINA
27921,NORTH CAROLINA
27922,NORTH CAROLINA
27923,NORTH CAROLINA
27924,NORTH CAROLINA
27925,NORTH CAROLINA
27926,NORTH CAROLINA
27927,NORTH CAROLINA
27928,NORTH CAROLINA
27929,NORTH CAROLINA
27930,NORTH CAROLINA
27932,NORTH CAROLINA
27935,NORTH CAROLINA
27936,NORTH CAROLINA
27937,NORTH CAROLINA
27938,NORTH CAROLINA
27939,NORTH CAROLINA
27941,NORTH CAROLINA
27942,NORTH CAROLINA
27943,NORTH CAROLINA
27944,NORTH CAROLINA
27946,NORTH CAROLINA
27947,NORTH CAROLINA
27948,NORTH CAROLINA
27949,NORTH CAROLINA
27950,NORTH CAROLINA
27953,NORTH CAROLINA
27954,NORTH CAROLINA
27956,NORTH CAROLINA
27957,NORTH CAROLINA
27958,NORTH CAROLINA
27959,NORTH CAROLINA
27960,NORTH CAROLINA
27962,NORTH CAROLINA
27964,NORTH CAROLINA
27965,NORTH CAROLINA
27966,NORTH CAROLINA
27967,NORTH CAROLINA
27968,NORTH CAROLINA
27969,NORTH CAROLINA
27970,NORTH CAROLINA
27972,NORTH CAROLINA
27973,NORTH CAROLINA
27974,NORTH CAROLINA
27976,NORTH CAROLINA
27978,NORTH CAROLINA
27979,NORTH CAROLINA
27980,NORTH CAROLINA
27981,NORTH CAROLINA
27982,NORTH CAROLINA
27983,NORTH CAROLINA
27985,NORTH CAROLINA
27986,NORTH CAROLINA
28001,NORTH CAROLINA
28002,NORTH CAROLINA
28006,NORTH CAROLINA
28007,NORTH CAROLINA
28009,NORTH CAROLINA
28010,NORTH CAROLINA
28012,NORTH CAROLINA
28016,NORTH CAROLINA
28017,NORTH CAROLINA
28018,NORTH CAROLINA
28019,NORTH CAROLINA
28020,NORTH CAROLINA
28021,NORTH CAROLINA
28023,NORTH CAROLINA
28024,NORTH CAROLINA
28025,NORTH CAROLINA
28026,NORTH CAROLINA
28027,NORTH CAROLINA
28031,NORTH CAROLINA
28032,NORTH CAROLINA
28033,NORTH CAROLINA
28034,NORTH CAROLINA
28035,NORTH CAROLINA
28036,NORTH CAROLINA
28037,NORTH CAROLINA
28038,NORTH CAROLINA
28039,NORTH CAROLINA
28040,NORTH CAROLINA
28041,NORTH CAROLINA
28042,NORTH CAROLINA
28043,NORTH CAROLINA
28052,NORTH CAROLINA
28053,NORTH CAROLINA
28054,NORTH CAROLINA
28055,NORTH CAROLINA
28056,NORTH CAROLINA
28070,NORTH CAROLINA
28071,NORTH CAROLINA
28072,NORTH CAROLINA
28073,NORTH CAROLINA
28074,NORTH CAROLINA
28075,NORTH CAROLINA
28076,NORTH CAROLINA
28077,NORTH CAROLINA
28078,NORTH CAROLINA
28079,NORTH CAROLINA
28080,NORTH CAROLINA
28081,NORTH CAROLINA
28082,NORTH CAROLINA
28083,NORTH CAROLINA
28086,NORTH CAROLINA
28088,NORTH CAROLINA
28089,NORTH CAROLINA
28090,NORTH CAROLINA
28091,NORTH CAROLINA
28092,NORTH CAROLINA
28093,NORTH CAROLINA
28097,NORTH CAROLINA
28098,NORTH CAROLINA
28101,NORTH CAROLINA
28102,NORTH CAROLINA
28103,NORTH CAROLINA
28104,NORTH CAROLINA
28105,NORTH CAROLINA
28106,NORTH CAROLINA
28107,NORTH CAROLINA
28108,NORTH CAROLINA
28109,NORTH CAROLINA
28110,NORTH CAROLINA
28111,NORTH CAROLINA
28112,NORTH CAROLINA
28114,NORTH CAROLINA
28115,NORTH CAROLINA
28117,NORTH CAROLINA
28119,NORTH CAROLINA
28120,NORTH CAROLINA
28123,NORTH CAROLINA
28124,NORTH CAROLINA
28125,NORTH CAROLINA
28126,NORTH CAROLINA
28127,NORTH CAROLINA
28128,NORTH CAROLINA
28129,NORTH CAROLINA
28130,NORTH CAROLINA
28133,NORTH CAROLINA
28134,NORTH CAROLINA
28135,NORTH CAROLINA
28136,NORTH CAROLINA
28137,NORTH CAROLINA
28138,NORTH CAROLINA
28139,NORTH CAROLINA
28144,NORTH CAROLINA
28145,NORTH CAROLINA
28146,NORTH CAROLINA
28147,NORTH CAROLINA
28150,NORTH CAROLINA
28151,NORTH CAROLINA
28152,NORTH CAROLINA
28159,NORTH CAROLINA
28160,NORTH CAROLINA
28163,NORTH CAROLINA
28164,NORTH CAROLINA
28166,NORTH CAROLINA
28167,NORTH CAROLINA
28168,NORTH CAROLINA
28169,NORTH CAROLINA
28170,NORTH CAROLINA
28173,NORTH CAROLINA
28174,NORTH CAROLINA
28201,NORTH CAROLINA
28202,NORTH CAROLINA
28203,NORTH CAROLINA
28204,NORTH CAROLINA
28205,NORTH CAROLINA
28206,NORTH CAROLINA
28207,NORTH CAROLINA
28208,NORTH CAROLINA
28209,NORTH CAROLINA
28210,NORTH CAROLINA
28211,NORTH CAROLINA
28212,NORTH CAROLINA
28213,NORTH CAROLINA
28214,NORTH CAROLINA
28215,NORTH CAROLINA
28216,NORTH CAROLINA
28217,NORTH CAROLINA
28218,NORTH CAROLINA
28219,NORTH CAROLINA
28220,NORTH CAROLINA
28221,NORTH CAROLINA
28222,NORTH CAROLINA
28223,NORTH CAROLINA
28224,NORTH CAROLINA
28226,NORTH CAROLINA
28227,NORTH CAROLINA
28228,NORTH CAROLINA
28229,NORTH CAROLINA
28230,NORTH CAROLINA
28231,NORTH CAROLINA
28232,NORTH CAROLINA
28233,NORTH CAROLINA
28234,NORTH CAROLINA
28235,NORTH CAROLINA
28236,NORTH CAROLINA
28237,NORTH CAROLINA
28241,NORTH CAROLINA
28242,NORTH CAROLINA
28243,NORTH CAROLINA
28244,NORTH CAROLINA
28246,NORTH CAROLINA
28247,NORTH CAROLINA
28253,NORTH CAROLINA
28254,NORTH CAROLINA
28255,NORTH CAROLINA
28256,NORTH CAROLINA
28258,NORTH CAROLINA
28260,NORTH CAROLINA
28262,NORTH CAROLINA
28263,NORTH CAROLINA
28265,NORTH CAROLINA
28266,NORTH CAROLINA
28269,NORTH CAROLINA
28270,NORTH CAROLINA
28271,NORTH CAROLINA
28272,NORTH CAROLINA
28273,NORTH CAROLINA
28274,NORTH CAROLINA
28275,NORTH CAROLINA
28277,NORTH CAROLINA
28278,NORTH CAROLINA
28280,NORTH CAROLINA
28281,NORTH CAROLINA
28282,NORTH CAROLINA
28284,NORTH CAROLINA
28285,NORTH CAROLINA
28287,NORTH CAROLINA
28288,NORTH CAROLINA
28289,NORTH CAROLINA
28290,NORTH CAROLINA
28296,NORTH CAROLINA
28297,NORTH CAROLINA
28299,NORTH CAROLINA
28301,NORTH CAROLINA
28302,NORTH CAROLINA
28303,NORTH CAROLINA
28304,NORTH CAROLINA
28305,NORTH CAROLINA
28306,NORTH CAROLINA
28307,NORTH CAROLINA
28308,NORTH CAROLINA
28309,NORTH CAROLINA
28310,NORTH CAROLINA
28311,NORTH CAROLINA
28312,NORTH CAROLINA
28314,NORTH CAROLINA
28315,NORTH CAROLINA
28318,NORTH CAROLINA
28319,NORTH CAROLINA
28320,NORTH CAROLINA
28323,NORTH CAROLINA
28325,NORTH CAROLINA
28326,NORTH CAROLINA
28327,NORTH CAROLINA
28328,NORTH CAROLINA
28329,NORTH CAROLINA
28330,NORTH CAROLINA
28331,NORTH CAROLINA
28332,NORTH CAROLINA
28333,NORTH CAROLINA
28334,NORTH CAROLINA
28335,NORTH CAROLINA
28337,NORTH CAROLINA
28338,NORTH CAROLINA
28339,NORTH CAROLINA
28340,NORTH CAROLINA
28341,NORTH CAROLINA
28342,NORTH CAROLINA
28343,NORTH CAROLINA
28344,NORTH CAROLINA
28345,NORTH CAROLINA
28347,NORTH CAROLINA
28348,NORTH CAROLINA
28349,NORTH CAROLINA
28350,NORTH CAROLINA
28351,NORTH CAROLINA
28352,NORTH CAROLINA
28353,NORTH CAROLINA
28355,NORTH CAROLINA
28356,NORTH CAROLINA
28357,NORTH CAROLINA
28358,NORTH CAROLINA
28359,NORTH CAROLINA
28360,NORTH CAROLINA
28362,NORTH CAROLINA
28363,NORTH CAROLINA
28364,NORTH CAROLINA
28365,NORTH CAROLINA
28366,NORTH CAROLINA
28367,NORTH CAROLINA
28368,NORTH CAROLINA
28369,NORTH CAROLINA
28370,NORTH CAROLINA
28371,NORTH CAROLINA
28372,NORTH CAROLINA
28373,NORTH CAROLINA
28374,NORTH CAROLINA
28375,NORTH CAROLINA
28376,NORTH CAROLINA
28377,NORTH CAROLINA
28378,NORTH CAROLINA
28379,NORTH CAROLINA
28380,NORTH CAROLINA
28382,NORTH CAROLINA
28383,NORTH CAROLINA
28384,NORTH CAROLINA
28385,NORTH CAROLINA
28386,NORTH CAROLINA
28387,NORTH CAROLINA
28388,NORTH CAROLINA
28390,NORTH CAROLINA
28391,NORTH CAROLINA
28392,NORTH CAROLINA
28393,NORTH CAROLINA
28394,NORTH CAROLINA
28395,NORTH CAROLINA
28396,NORTH CAROLINA
28398,NORTH CAROLINA
28399,NORTH CAROLINA
28401,NORTH CAROLINA
28402,NORTH CAROLINA
28403,NORTH CAROLINA
28404,NORTH CAROLINA
28405,NORTH CAROLINA
28406,NORTH CAROLINA
28407,NORTH CAROLINA
28408,NORTH CAROLINA
28409,NORTH CAROLINA
28410,NORTH CAROLINA
28411,NORTH CAROLINA
28412,NORTH CAROLINA
28420,NORTH CAROLINA
28421,NORTH CAROLINA
28422,NORTH CAROLINA
28423,NORTH CAROLINA
28424,NORTH CAROLINA
28425,NORTH CAROLINA
28428,NORTH CAROLINA
28429,NORTH CAROLINA
28430,NORTH CAROLINA
28431,NORTH CAROLINA
28432,NORTH CAROLINA
28433,NORTH CAROLINA
28434,NORTH CAROLINA
28435,NORTH CAROLINA
28436,NORTH CAROLINA
28438,NORTH CAROLINA
28439,NORTH CAROLINA
28441,NORTH CAROLINA
28442,NORTH CAROLINA
28443,NORTH CAROLINA
28444,NORTH CAROLINA
28445,NORTH CAROLINA
28447,NORTH CAROLINA
28448,NORTH CAROLINA
28449,NORTH CAROLINA
28450,NORTH CAROLINA
28451,NORTH CAROLINA
28452,NORTH CAROLINA
28453,NORTH CAROLINA
28454,NORTH CAROLINA
28455,NORTH CAROLINA
28456,NORTH CAROLINA
28457,NORTH CAROLINA
28458,NORTH CAROLINA
28459,NORTH CAROLINA
28460,NORTH CAROLINA
28461,NORTH CAROLINA
28462,NORTH CAROLINA
28463,NORTH CAROLINA
28464,NORTH CAROLINA
28465,NORTH CAROLINA
28466,NORTH CAROLINA
28467,NORTH CAROLINA
28468,NORTH CAROLINA
28469,NORTH CAROLINA
28470,NORTH CAROLINA
28472,NORTH CAROLINA
28478,NORTH CAROLINA
28479,NORTH CAROLINA
28480,NORTH CAROLINA
28501,NORTH CAROLINA
28502,NORTH CAROLINA
28503,NORTH CAROLINA
28504,NORTH CAROLINA
28508,NORTH CAROLINA
28509,NORTH CAROLINA
28510,NORTH CAROLINA
28511,NORTH CAROLINA
28512,NORTH CAROLINA
28513,NORTH CAROLINA
28515,NORTH CAROLINA
28516,NORTH CAROLINA
28518,NORTH CAROLINA
28519,NORTH CAROLINA
28520,NORTH CAROLINA
28521,NORTH CAROLINA
28522,NORTH CAROLINA
28523,NORTH CAROLINA
28524,NORTH CAROLINA
28525,NORTH CAROLINA
28526,NORTH CAROLINA
28527,NORTH CAROLINA
28528,NORTH CAROLINA
28529,NORTH CAROLINA
28530,NORTH CAROLINA
28531,NORTH CAROLINA
28532,NORTH CAROLINA
28533,NORTH CAROLINA
28537,NORTH CAROLINA
28538,NORTH CAROLINA
28539,NORTH CAROLINA
28540,NORTH CAROLINA
28541,NORTH CAROLINA
28542,NORTH CAROLINA
28543,NORTH CAROLINA
28544,NORTH CAROLINA
28545,NORTH CAROLINA
28546,NORTH CAROLINA
28547,NORTH CAROLINA
28551,NORTH CAROLINA
28552,NORTH CAROLINA
28553,NORTH CAROLINA
28554,NORTH CAROLINA
28555,NORTH CAROLINA
28556,NORTH CAROLINA
28557,NORTH CAROLINA
28560,NORTH CAROLINA
28561,NORTH CAROLINA
28562,NORTH CAROLINA
28563,NORTH CAROLINA
28564,NORTH CAROLINA
28570,NORTH CAROLINA
28571,NORTH CAROLINA
28572,NORTH CAROLINA
28573,NORTH CAROLINA
28574,NORTH CAROLINA
28575,NORTH CAROLINA
28577,NORTH CAROLINA
28578,NORTH CAROLINA
28579,NORTH CAROLINA
28580,NORTH CAROLINA
28581,NORTH CAROLINA
28582,NORTH CAROLINA
28583,NORTH CAROLINA
28584,NORTH CAROLINA
28585,NORTH CAROLINA
28586,NORTH CAROLINA
28587,NORTH CAROLINA
28589,NORTH CAROLINA
28590,NORTH CAROLINA
28594,NORTH CAROLINA
28601,NORTH CAROLINA
28602,NORTH CAROLINA
28603,NORTH CAROLINA
28604,NORTH CAROLINA
28605,NORTH CAROLINA
28606,NORTH CAROLINA
28607,NORTH CAROLINA
28608,NORTH CAROLINA
28609,NORTH CAROLINA
28610,NORTH CAROLINA
28611,NORTH CAROLINA
28612,NORTH CAROLINA
28613,NORTH CAROLINA
28615,NORTH CAROLINA
28616,NORTH CAROLINA
28617,NORTH CAROLINA
28618,NORTH CAROLINA
28619,NORTH CAROLINA
28621,NORTH CAROLINA
28622,NORTH CAROLINA
28623,NORTH CAROLINA
28624,NORTH CAROLINA
28625,NORTH CAROLINA
28626,NORTH CAROLINA
28627,NORTH CAROLINA
28628,NORTH CAROLINA
28629,NORTH CAROLINA
28630,NORTH CAROLINA
28631,NORTH CAROLINA
28633,NORTH CAROLINA
28634,NORTH CAROLINA
28635,NORTH CAROLINA
28636,NORTH CAROLINA
28637,NORTH CAROLINA
28638,NORTH CAROLINA
28640,NORTH CAROLINA
28641,NORTH CAROLINA
28642,NORTH CAROLINA
28643,NORTH CAROLINA
28644,NORTH CAROLINA
28645,NORTH CAROLINA
28646,NORTH CAROLINA
28647,NORTH CAROLINA
28649,NORTH CAROLINA
28650,NORTH CAROLINA
28651,NORTH CAROLINA
28652,NORTH CAROLINA
28653,NORTH CAROLINA
28654,NORTH CAROLINA
28655,NORTH CAROLINA
28656,NORTH CAROLINA
28657,NORTH CAROLINA
28658,NORTH CAROLINA
28659,NORTH CAROLINA
28660,NORTH CAROLINA
28661,NORTH CAROLINA
28662,NORTH CAROLINA
28663,NORTH CAROLINA
28664,NORTH CAROLINA
28665,NORTH CAROLINA
28666,NORTH CAROLINA
28667,NORTH CAROLINA
28668,NORTH CAROLINA
28669,NORTH CAROLINA
28670,NORTH CAROLINA
28671,NORTH CAROLINA
28672,NORTH CAROLINA
28673,NORTH CAROLINA
28675,NORTH CAROLINA
28676,NORTH CAROLINA
28677,NORTH CAROLINA
28678,NORTH CAROLINA
28679,NORTH CAROLINA
28680,NORTH CAROLINA
28681,NORTH CAROLINA
28682,NORTH CAROLINA
28683,NORTH CAROLINA
28684,NORTH CAROLINA
28685,NORTH CAROLINA
28687,NORTH CAROLINA
28688,NORTH CAROLINA
28689,NORTH CAROLINA
28690,NORTH CAROLINA
28691,NORTH CAROLINA
28692,NORTH CAROLINA
28693,NORTH CAROLINA
28694,NORTH CAROLINA
28697,NORTH CAROLINA
28698,NORTH CAROLINA
28699,NORTH CAROLINA
28701,NORTH CAROLINA
28702,NORTH CAROLINA
28704,NORTH CAROLINA
28705,NORTH CAROLINA
28707,NORTH CAROLINA
28708,NORTH CAROLINA
28709,NORTH CAROLINA
28710,NORTH CAROLINA
28711,NORTH CAROLINA
28712,NORTH CAROLINA
28713,NORTH CAROLINA
28714,NORTH CAROLINA
28715,NORTH CAROLINA
28716,NORTH CAROLINA
28717,NORTH CAROLINA
28718,NORTH CAROLINA
28719,NORTH CAROLINA
28720,NORTH CAROLINA
28721,NORTH CAROLINA
28722,NORTH CAROLINA
28723,NORTH CAROLINA
28724,NORTH CAROLINA
28725,NORTH CAROLINA
28726,NORTH CAROLINA
28727,NORTH CAROLINA
28728,NORTH CAROLINA
28729,NORTH CAROLINA
28730,NORTH CAROLINA
28731,NORTH CAROLINA
28732,NORTH CAROLINA
28733,NORTH CAROLINA
28734,NORTH CAROLINA
28735,NORTH CAROLINA
28736,NORTH CAROLINA
28737,NORTH CAROLINA
28738,NORTH CAROLINA
28739,NORTH CAROLINA
28740,NORTH CAROLINA
28741,NORTH CAROLINA
28742,NORTH CAROLINA
28743,NORTH CAROLINA
28744,NORTH CAROLINA
28745,NORTH CAROLINA
28746,NORTH CAROLINA
28747,NORTH CAROLINA
28748,NORTH CAROLINA
28749,NORTH CAROLINA
28750,NORTH CAROLINA
28751,NORTH CAROLINA
28752,NORTH CAROLINA
28753,NORTH CAROLINA
28754,NORTH CAROLINA
28755,NORTH CAROLINA
28756,NORTH CAROLINA
28757,NORTH CAROLINA
28758,NORTH CAROLINA
28759,NORTH CAROLINA
28760,NORTH CAROLINA
28761,NORTH CAROLINA
28762,NORTH CAROLINA
28763,NORTH CAROLINA
28765,NORTH CAROLINA
28766,NORTH CAROLINA
28768,NORTH CAROLINA
28770,NORTH CAROLINA
28771,NORTH CAROLINA
28772,NORTH CAROLINA
28773,NORTH CAROLINA
28774,NORTH CAROLINA
28775,NORTH CAROLINA
28776,NORTH CAROLINA
28777,NORTH CAROLINA
28778,NORTH CAROLINA
28779,NORTH CAROLINA
28781,NORTH CAROLINA
28782,NORTH CAROLINA
28783,NORTH CAROLINA
28784,NORTH CAROLINA
28785,NORTH CAROLINA
28786,NORTH CAROLINA
28787,NORTH CAROLINA
28788,NORTH CAROLINA
28789,NORTH CAROLINA
28790,NORTH CAROLINA
28791,NORTH CAROLINA
28792,NORTH CAROLINA
28793,NORTH CAROLINA
28801,NORTH CAROLINA
28802,NORTH CAROLINA
28803,NORTH CAROLINA
28804,NORTH CAROLINA
28805,NORTH CAROLINA
28806,NORTH CAROLINA
28810,NORTH CAROLINA
28813,NORTH CAROLINA
28814,NORTH CAROLINA
28815,NORTH CAROLINA
28816,NORTH CAROLINA
28901,NORTH CAROLINA
28902,NORTH CAROLINA
28903,NORTH CAROLINA
28904,NORTH CAROLINA
28905,NORTH CAROLINA
28906,NORTH CAROLINA
28909,NORTH CAROLINA
29001,SOUTH CAROLINA
29002,SOUTH CAROLINA
29003,SOUTH CAROLINA
29006,SOUTH CAROLINA
29009,SOUTH CAROLINA
29010,SOUTH CAROLINA
29014,SOUTH CAROLINA
29015,SOUTH CAROLINA
29016,SOUTH CAROLINA
29018,SOUTH CAROLINA
29020,SOUTH CAROLINA
29021,SOUTH CAROLINA
29030,SOUTH CAROLINA
29031,SOUTH CAROLINA
29032,SOUTH CAROLINA
29033,SOUTH CAROLINA
29036,SOUTH CAROLINA
29037,SOUTH CAROLINA
29038,SOUTH CAROLINA
29039,SOUTH CAROLINA
29040,SOUTH CAROLINA
29041,SOUTH CAROLINA
29042,SOUTH CAROLINA
29044,SOUTH CAROLINA
29045,SOUTH CAROLINA
29046,SOUTH CAROLINA
29047,SOUTH CAROLINA
29048,SOUTH CAROLINA
29051,SOUTH CAROLINA
29052,SOUTH CAROLINA
29053,SOUTH CAROLINA
29054,SOUTH CAROLINA
29055,SOUTH CAROLINA
29056,SOUTH CAROLINA
29058,SOUTH CAROLINA
29059,SOUTH CAROLINA
29061,SOUTH CAROLINA
29062,SOUTH CAROLINA
29063,SOUTH CAROLINA
29065,SOUTH CAROLINA
29067,SOUTH CAROLINA
29069,SOUTH CAROLINA
29070,SOUTH CAROLINA
29071,SOUTH CAROLINA
29072,SOUTH CAROLINA
29073,SOUTH CAROLINA
29074,SOUTH CAROLINA
29075,SOUTH CAROLINA
29078,SOUTH CAROLINA
29079,SOUTH CAROLINA
29080,SOUTH CAROLINA
29081,SOUTH CAROLINA
29082,SOUTH CAROLINA
29101,SOUTH CAROLINA
29102,SOUTH CAROLINA
29104,SOUTH CAROLINA
29105,SOUTH CAROLINA
29107,SOUTH CAROLINA
29108,SOUTH CAROLINA
29111,SOUTH CAROLINA
29112,SOUTH CAROLINA
29113,SOUTH CAROLINA
29114,SOUTH CAROLINA
29115,SOUTH CAROLINA
29116,SOUTH CAROLINA
29117,SOUTH CAROLINA
29118,SOUTH CAROLINA
29122,SOUTH CAROLINA
29123,SOUTH CAROLINA
29125,SOUTH CAROLINA
29126,SOUTH CAROLINA
29127,SOUTH CAROLINA
29128,SOUTH CAROLINA
29129,SOUTH CAROLINA
29130,SOUTH CAROLINA
29132,SOUTH CAROLINA
29133,SOUTH CAROLINA
29135,SOUTH CAROLINA
29137,SOUTH CAROLINA
29138,SOUTH CAROLINA
29142,SOUTH CAROLINA
29143,SOUTH CAROLINA
29145,SOUTH CAROLINA
29146,SOUTH CAROLINA
29147,SOUTH CAROLINA
29148,SOUTH CAROLINA
29150,SOUTH CAROLINA
29151,SOUTH CAROLINA
29152,SOUTH CAROLINA
29153,SOUTH CAROLINA
29154,SOUTH CAROLINA
29160,SOUTH CAROLINA
29161,SOUTH CAROLINA
29162,SOUTH CAROLINA
29163,SOUTH CAROLINA
29164,SOUTH CAROLINA
29166,SOUTH CAROLINA
29168,SOUTH CAROLINA
29169,SOUTH CAROLINA
29170,SOUTH CAROLINA
29171,SOUTH CAROLINA
29172,SOUTH CAROLINA
29175,SOUTH CAROLINA
29177,SOUTH CAROLINA
29178,SOUTH CAROLINA
29180,SOUTH CAROLINA
29201,SOUTH CAROLINA
29202,SOUTH CAROLINA
29203,SOUTH CAROLINA
29204,SOUTH CAROLINA
29205,SOUTH CAROLINA
29206,SOUTH CAROLINA
29207,SOUTH CAROLINA
29208,SOUTH CAROLINA
29209,SOUTH CAROLINA
29210,SOUTH CAROLINA
29211,SOUTH CAROLINA
29212,SOUTH CAROLINA
29214,SOUTH CAROLINA
29215,SOUTH CAROLINA
29216,SOUTH CAROLINA
29217,SOUTH CAROLINA
29218,SOUTH CAROLINA
29219,SOUTH CAROLINA
29220,SOUTH CAROLINA
29221,SOUTH CAROLINA
29222,SOUTH CAROLINA
29223,SOUTH CAROLINA
29224,SOUTH CAROLINA
29225,SOUTH CAROLINA
29226,SOUTH CAROLINA
29227,SOUTH CAROLINA
29228,SOUTH CAROLINA
29229,SOUTH CAROLINA
29230,SOUTH CAROLINA
29240,SOUTH CAROLINA
29250,SOUTH CAROLINA
29260,SOUTH CAROLINA
29290,SOUTH CAROLINA
29292,SOUTH CAROLINA
29301,SOUTH CAROLINA
29302,SOUTH CAROLINA
29303,SOUTH CAROLINA
29304,SOUTH CAROLINA
29305,SOUTH CAROLINA
29306,SOUTH CAROLINA
29307,SOUTH CAROLINA
29316,SOUTH CAROLINA
29319,SOUTH CAROLINA
29320,SOUTH CAROLINA
29321,SOUTH CAROLINA
29322,SOUTH CAROLINA
29323,SOUTH CAROLINA
29324,SOUTH CAROLINA
29325,SOUTH CAROLINA
29329,SOUTH CAROLINA
29330,SOUTH CAROLINA
29331,SOUTH CAROLINA
29332,SOUTH CAROLINA
29333,SOUTH CAROLINA
29334,SOUTH CAROLINA
29335,SOUTH CAROLINA
29336,SOUTH CAROLINA
29338,SOUTH CAROLINA
29340,SOUTH CAROLINA
29341,SOUTH CAROLINA
29342,SOUTH CAROLINA
29346,SOUTH CAROLINA
29348,SOUTH CAROLINA
29349,SOUTH CAROLINA
29351,SOUTH CAROLINA
29353,SOUTH CAROLINA
29355,SOUTH CAROLINA
29356,SOUTH CAROLINA
29360,SOUTH CAROLINA
29364,SOUTH CAROLINA
29365,SOUTH CAROLINA
29368,SOUTH CAROLINA
29369,SOUTH CAROLINA
29370,SOUTH CAROLINA
29372,SOUTH CAROLINA
29373,SOUTH CAROLINA
29374,SOUTH CAROLINA
29375,SOUTH CAROLINA
29376,SOUTH CAROLINA
29377,SOUTH CAROLINA
29378,SOUTH CAROLINA
29379,SOUTH CAROLINA
29384,SOUTH CAROLINA
29385,SOUTH CAROLINA
29386,SOUTH CAROLINA
29388,SOUTH CAROLINA
29395,SOUTH CAROLINA
29401,SOUTH CAROLINA
29402,SOUTH CAROLINA
29403,SOUTH CAROLINA
29404,SOUTH CAROLINA
29405,SOUTH CAROLINA
29406,SOUTH CAROLINA
29407,SOUTH CAROLINA
29409,SOUTH CAROLINA
29410,SOUTH CAROLINA
29412,SOUTH CAROLINA
29413,SOUTH CAROLINA
29414,SOUTH CAROLINA
29415,SOUTH CAROLINA
29416,SOUTH CAROLINA
29417,SOUTH CAROLINA
29418,SOUTH CAROLINA
29419,SOUTH CAROLINA
29420,SOUTH CAROLINA
29422,SOUTH CAROLINA
29423,SOUTH CAROLINA
29424,SOUTH CAROLINA
29425,SOUTH CAROLINA
29426,SOUTH CAROLINA
29429,SOUTH CAROLINA
29431,SOUTH CAROLINA
29432,SOUTH CAROLINA
29433,SOUTH CAROLINA
29434,SOUTH CAROLINA
29435,SOUTH CAROLINA
29436,SOUTH CAROLINA
29437,SOUTH CAROLINA
29438,SOUTH CAROLINA
29439,SOUTH CAROLINA
29440,SOUTH CAROLINA
29442,SOUTH CAROLINA
29445,SOUTH CAROLINA
29446,SOUTH CAROLINA
29447,SOUTH CAROLINA
29448,SOUTH CAROLINA
29449,SOUTH CAROLINA
29450,SOUTH CAROLINA
29451,SOUTH CAROLINA
29452,SOUTH CAROLINA
29453,SOUTH CAROLINA
29455,SOUTH CAROLINA
29456,SOUTH CAROLINA
29457,SOUTH CAROLINA
29458,SOUTH CAROLINA
29461,SOUTH CAROLINA
29464,SOUTH CAROLINA
29465,SOUTH CAROLINA
29466,SOUTH CAROLINA
29468,SOUTH CAROLINA
29469,SOUTH CAROLINA
29470,SOUTH CAROLINA
29471,SOUTH CAROLINA
29472,SOUTH CAROLINA
29474,SOUTH CAROLINA
29475,SOUTH CAROLINA
29476,SOUTH CAROLINA
29477,SOUTH CAROLINA
29479,SOUTH CAROLINA
29481,SOUTH CAROLINA
29482,SOUTH CAROLINA
29483,SOUTH CAROLINA
29484,SOUTH CAROLINA
29485,SOUTH CAROLINA
29486,SOUTH CAROLINA
29487,SOUTH CAROLINA
29488,SOUTH CAROLINA
29492,SOUTH CAROLINA
29493,SOUTH CAROLINA
29501,SOUTH CAROLINA
29502,SOUTH CAROLINA
29503,SOUTH CAROLINA
29504,SOUTH CAROLINA
29505,SOUTH CAROLINA
29506,SOUTH CAROLINA
29510,SOUTH CAROLINA
29511,SOUTH CAROLINA
29512,SOUTH CAROLINA
29516,SOUTH CAROLINA
29518,SOUTH CAROLINA
29519,SOUTH CAROLINA
29520,SOUTH CAROLINA
29525,SOUTH CAROLINA
29526,SOUTH CAROLINA
29527,SOUTH CAROLINA
29528,SOUTH CAROLINA
29530,SOUTH CAROLINA
29532,SOUTH CAROLINA
29536,SOUTH CAROLINA
29540,SOUTH CAROLINA
29541,SOUTH CAROLINA
29543,SOUTH CAROLINA
29544,SOUTH CAROLINA
29545,SOUTH CAROLINA
29546,SOUTH CAROLINA
29547,SOUTH CAROLINA
29550,SOUTH CAROLINA
29551,SOUTH CAROLINA
29554,SOUTH CAROLINA
29555,SOUTH CAROLINA
29556,SOUTH CAROLINA
29560,SOUTH CAROLINA
29563,SOUTH CAROLINA
29564,SOUTH CAROLINA
29565,SOUTH CAROLINA
29566,SOUTH CAROLINA
29567,SOUTH CAROLINA
29568,SOUTH CAROLINA
29569,SOUTH CAROLINA
29570,SOUTH CAROLINA
29571,SOUTH CAROLINA
29572,SOUTH CAROLINA
29574,SOUTH CAROLINA
29575,SOUTH CAROLINA
29576,SOUTH CAROLINA
29577,SOUTH CAROLINA
29578,SOUTH CAROLINA
29579,SOUTH CAROLINA
29580,SOUTH CAROLINA
29581,SOUTH CAROLINA
29582,SOUTH CAROLINA
29583,SOUTH CAROLINA
29584,SOUTH CAROLINA
29585,SOUTH CAROLINA
29587,SOUTH CAROLINA
29588,SOUTH CAROLINA
29589,SOUTH CAROLINA
29590,SOUTH CAROLINA
29591,SOUTH CAROLINA
29592,SOUTH CAROLINA
29593,SOUTH CAROLINA
29594,SOUTH CAROLINA
29596,SOUTH CAROLINA
29597,SOUTH CAROLINA
29598,SOUTH CAROLINA
29601,SOUTH CAROLINA
29602,SOUTH CAROLINA
29603,SOUTH CAROLINA
29604,SOUTH CAROLINA
29605,SOUTH CAROLINA
29606,SOUTH CAROLINA
29607,SOUTH CAROLINA
29608,SOUTH CAROLINA
29609,SOUTH CAROLINA
29610,SOUTH CAROLINA
29611,SOUTH CAROLINA
29612,SOUTH CAROLINA
29613,SOUTH CAROLINA
29614,SOUTH CAROLINA
29615,SOUTH CAROLINA
29616,SOUTH CAROLINA
29617,SOUTH CAROLINA
29620,SOUTH CAROLINA
29621,SOUTH CAROLINA
29622,SOUTH CAROLINA
29623,SOUTH CAROLINA
29624,SOUTH CAROLINA
29625,SOUTH CAROLINA
29626,SOUTH CAROLINA
29627,SOUTH CAROLINA
29628,SOUTH CAROLINA
29630,SOUTH CAROLINA
29631,SOUTH CAROLINA
29632,SOUTH CAROLINA
29633,SOUTH CAROLINA
29634,SOUTH CAROLINA
29635,SOUTH CAROLINA
29636,SOUTH CAROLINA
29638,SOUTH CAROLINA
29639,SOUTH CAROLINA
29640,SOUTH CAROLINA
29641,SOUTH CAROLINA
29642,SOUTH CAROLINA
29643,SOUTH CAROLINA
29644,SOUTH CAROLINA
29645,SOUTH CAROLINA
29646,SOUTH CAROLINA
29647,SOUTH CAROLINA
29648,SOUTH CAROLINA
29649,SOUTH CAROLINA
29650,SOUTH CAROLINA
29651,SOUTH CAROLINA
29652,SOUTH CAROLINA
29653,SOUTH CAROLINA
29654,SOUTH CAROLINA
29655,SOUTH CAROLINA
29656,SOUTH CAROLINA
29657,SOUTH CAROLINA
29658,SOUTH CAROLINA
29659,SOUTH CAROLINA
29661,SOUTH CAROLINA
29662,SOUTH CAROLINA
29664,SOUTH CAROLINA
29665,SOUTH CAROLINA
29666,SOUTH CAROLINA
29667,SOUTH CAROLINA
29669,SOUTH CAROLINA
29670,SOUTH CAROLINA
29671,SOUTH CAROLINA
29672,SOUTH CAROLINA
29673,SOUTH CAROLINA
29675,SOUTH CAROLINA
29676,SOUTH CAROLINA
29677,SOUTH CAROLINA
29678,SOUTH CAROLINA
29679,SOUTH CAROLINA
29680,SOUTH CAROLINA
29681,SOUTH CAROLINA
29682,SOUTH CAROLINA
29683,SOUTH CAROLINA
29684,SOUTH CAROLINA
29685,SOUTH CAROLINA
29686,SOUTH CAROLINA
29687,SOUTH CAROLINA
29688,SOUTH CAROLINA
29689,SOUTH CAROLINA
29690,SOUTH CAROLINA
29691,SOUTH CAROLINA
29692,SOUTH CAROLINA
29693,SOUTH CAROLINA
29695,SOUTH CAROLINA
29696,SOUTH CAROLINA
29697,SOUTH CAROLINA
29702,SOUTH CAROLINA
29703,SOUTH CAROLINA
29704,SOUTH CAROLINA
29706,SOUTH CAROLINA
29707,SOUTH CAROLINA
29708,SOUTH CAROLINA
29709,SOUTH CAROLINA
29710,SOUTH CAROLINA
29712,SOUTH CAROLINA
29714,SOUTH CAROLINA
29715,SOUTH CAROLINA
29716,SOUTH CAROLINA
29717,SOUTH CAROLINA
29718,SOUTH CAROLINA
29720,SOUTH CAROLINA
29721,SOUTH CAROLINA
29722,SOUTH CAROLINA
29724,SOUTH CAROLINA
29726,SOUTH CAROLINA
29727,SOUTH CAROLINA
29728,SOUTH CAROLINA
29729,SOUTH CAROLINA
29730,SOUTH CAROLINA
29731,SOUTH CAROLINA
29732,SOUTH CAROLINA
29733,SOUTH CAROLINA
29734,SOUTH CAROLINA
29741,SOUTH CAROLINA
29742,SOUTH CAROLINA
29743,SOUTH CAROLINA
29744,SOUTH CAROLINA
29745,SOUTH CAROLINA
29801,SOUTH CAROLINA
29802,SOUTH CAROLINA
29803,SOUTH CAROLINA
29804,SOUTH CAROLINA
29805,SOUTH CAROLINA
29808,SOUTH CAROLINA
29809,SOUTH CAROLINA
29810,SOUTH CAROLINA
29812,SOUTH CAROLINA
29813,SOUTH CAROLINA
29816,SOUTH CAROLINA
29817,SOUTH CAROLINA
29819,SOUTH CAROLINA
29821,SOUTH CAROLINA
29822,SOUTH CAROLINA
29824,SOUTH CAROLINA
29826,SOUTH CAROLINA
29827,SOUTH CAROLINA
29828,SOUTH CAROLINA
29829,SOUTH CAROLINA
29831,SOUTH CAROLINA
29832,SOUTH CAROLINA
29834,SOUTH CAROLINA
29835,SOUTH CAROLINA
29836,SOUTH CAROLINA
29838,SOUTH CAROLINA
29839,SOUTH CAROLINA
29840,SOUTH CAROLINA
29841,SOUTH CAROLINA
29842,SOUTH CAROLINA
29843,SOUTH CAROLINA
29844,SOUTH CAROLINA
29845,SOUTH CAROLINA
29846,SOUTH CAROLINA
29847,SOUTH CAROLINA
29848,SOUTH CAROLINA
29849,SOUTH CAROLINA
29850,SOUTH CAROLINA
29851,SOUTH CAROLINA
29853,SOUTH CAROLINA
29856,SOUTH CAROLINA
29860,SOUTH CAROLINA
29861,SOUTH CAROLINA
29899,SOUTH CAROLINA
29901,SOUTH CAROLINA
29902,SOUTH CAROLINA
29903,SOUTH CAROLINA
29904,SOUTH CAROLINA
29905,SOUTH CAROLINA
29906,SOUTH CAROLINA
29907,SOUTH CAROLINA
29909,SOUTH CAROLINA
29910,SOUTH CAROLINA
29911,SOUTH CAROLINA
29912,SOUTH CAROLINA
29913,SOUTH CAROLINA
29914,SOUTH CAROLINA
29915,SOUTH CAROLINA
29916,SOUTH CAROLINA
29918,SOUTH CAROLINA
29920,SOUTH CAROLINA
29921,SOUTH CAROLINA
29922,SOUTH CAROLINA
29923,SOUTH CAROLINA
29924,SOUTH CAROLINA
29925,SOUTH CAROLINA
29926,SOUTH CAROLINA
29927,SOUTH CAROLINA
29928,SOUTH CAROLINA
29929,SOUTH CAROLINA
29931,SOUTH CAROLINA
29932,SOUTH CAROLINA
29933,SOUTH CAROLINA
29934,SOUTH CAROLINA
29935,SOUTH CAROLINA
29936,SOUTH CAROLINA
29938,SOUTH CAROLINA
29939,SOUTH CAROLINA
29940,SOUTH CAROLINA
29941,SOUTH CAROLINA
29943,SOUTH CAROLINA
29944,SOUTH CAROLINA
29945,SOUTH CAROLINA
30002,GEORGIA
30003,GEORGIA
30004,GEORGIA
30005,GEORGIA
30006,GEORGIA
30007,GEORGIA
30008,GEORGIA
30009,GEORGIA
30010,GEORGIA
30011,GEORGIA
30012,GEORGIA
30013,GEORGIA
30014,GEORGIA
30015,GEORGIA
30016,GEORGIA
30017,GEORGIA
30018,GEORGIA
30019,GEORGIA
30021,GEORGIA
30022,GEORGIA
30023,GEORGIA
30024,GEORGIA
30025,GEORGIA
30026,GEORGIA
30028,GEORGIA
30029,GEORGIA
30030,GEORGIA
30031,GEORGIA
30032,GEORGIA
30033,GEORGIA
30034,GEORGIA
30035,GEORGIA
30036,GEORGIA
30037,GEORGIA
30038,GEORGIA
30039,GEORGIA
30040,GEORGIA
30041,GEORGIA
30042,GEORGIA
30043,GEORGIA
30044,GEORGIA
30045,GEORGIA
30046,GEORGIA
30047,GEORGIA
30048,GEORGIA
30049,GEORGIA
30052,GEORGIA
30054,GEORGIA
30055,GEORGIA
30056,GEORGIA
30058,GEORGIA
30060,GEORGIA
30061,GEORGIA
30062,GEORGIA
30063,GEORGIA
30064,GEORGIA
30065,GEORGIA
30066,GEORGIA
30067,GEORGIA
30068,GEORGIA
30069,GEORGIA
30070,GEORGIA
30071,GEORGIA
30072,GEORGIA
30074,GEORGIA
30075,GEORGIA
30076,GEORGIA
30077,GEORGIA
30078,GEORGIA
30079,GEORGIA
30080,GEORGIA
30081,GEORGIA
30082,GEORGIA
30083,GEORGIA
30084,GEORGIA
30085,GEORGIA
30086,GEORGIA
30087,GEORGIA
30088,GEORGIA
30090,GEORGIA
30091,GEORGIA
30092,GEORGIA
30093,GEORGIA
30094,GEORGIA
30095,GEORGIA
30096,GEORGIA
30097,GEORGIA
30098,GEORGIA
30099,GEORGIA
30101,GEORGIA
30102,GEORGIA
30103,GEORGIA
30104,GEORGIA
30105,GEORGIA
30106,GEORGIA
30107,GEORGIA
30108,GEORGIA
30109,GEORGIA
30110,GEORGIA
30111,GEORGIA
30112,GEORGIA
30113,GEORGIA
30114,GEORGIA
30115,GEORGIA
30116,GEORGIA
30117,GEORGIA
30118,GEORGIA
30119,GEORGIA
30120,GEORGIA
30121,GEORGIA
30122,GEORGIA
30123,GEORGIA
30124,GEORGIA
30125,GEORGIA
30126,GEORGIA
30127,GEORGIA
30129,GEORGIA
30132,GEORGIA
30133,GEORGIA
30134,GEORGIA
30135,GEORGIA
30137,GEORGIA
30138,GEORGIA
30139,GEORGIA
30140,GEORGIA
30141,GEORGIA
30142,GEORGIA
30143,GEORGIA
30144,GEORGIA
30145,GEORGIA
30146,GEORGIA
30147,GEORGIA
30148,GEORGIA
30149,GEORGIA
30150,GEORGIA
30151,GEORGIA
30152,GEORGIA
30153,GEORGIA
30154,GEORGIA
30156,GEORGIA
30157,GEORGIA
30160,GEORGIA
30161,GEORGIA
30162,GEORGIA
30164,GEORGIA
30165,GEORGIA
30168,GEORGIA
30169,GEORGIA
30170,GEORGIA
30171,GEORGIA
30172,GEORGIA
30173,GEORGIA
30175,GEORGIA
30176,GEORGIA
30177,GEORGIA
30178,GEORGIA
30179,GEORGIA
30180,GEORGIA
30182,GEORGIA
30183,GEORGIA
30184,GEORGIA
30185,GEORGIA
30187,GEORGIA
30188,GEORGIA
30189,GEORGIA
30204,GEORGIA
30205,GEORGIA
30206,GEORGIA
30212,GEORGIA
30213,GEORGIA
30214,GEORGIA
30215,GEORGIA
30216,GEORGIA
30217,GEORGIA
30218,GEORGIA
30220,GEORGIA
30222,GEORGIA
30223,GEORGIA
30224,GEORGIA
30228,GEORGIA
30229,GEORGIA
30230,GEORGIA
30233,GEORGIA
30234,GEORGIA
30236,GEORGIA
30237,GEORGIA
30238,GEORGIA
30240,GEORGIA
30241,GEORGIA
30248,GEORGIA
30250,GEORGIA
30251,GEORGIA
30252,GEORGIA
30253,GEORGIA
30256,GEORGIA
30257,GEORGIA
30258,GEORGIA
30259,GEORGIA
30260,GEORGIA
30261,GEORGIA
30263,GEORGIA
30264,GEORGIA
30265,GEORGIA
30266,GEORGIA
30268,GEORGIA
30269,GEORGIA
30271,GEORGIA
30272,GEORGIA
30273,GEORGIA
30274,GEORGIA
30275,GEORGIA
30276,GEORGIA
30277,GEORGIA
30281,GEORGIA
30284,GEORGIA
30285,GEORGIA
30286,GEORGIA
30287,GEORGIA
30288,GEORGIA
30289,GEORGIA
30290,GEORGIA
30291,GEORGIA
30292,GEORGIA
30293,GEORGIA
30294,GEORGIA
30295,GEORGIA
30296,GEORGIA
30297,GEORGIA
30298,GEORGIA
30301,GEORGIA
30302,GEORGIA
30303,GEORGIA
30304,GEORGIA
30305,GEORGIA
30306,GEORGIA
30307,GEORGIA
30308,GEORGIA
30309,GEORGIA
30310,GEORGIA
30311,GEORGIA
30312,GEORGIA
30313,GEORGIA
30314,GEORGIA
30315,GEORGIA
30316,GEORGIA
30317,GEORGIA
30318,GEORGIA
30319,GEORGIA
30320,GEORGIA
30321,GEORGIA
30322,GEORGIA
30324,GEORGIA
30325,GEORGIA
30326,GEORGIA
30327,GEORGIA
30328,GEORGIA
30329,GEORGIA
30331,GEORGIA
30332,GEORGIA
30333,GEORGIA
30334,GEORGIA
30336,GEORGIA
30337,GEORGIA
30338,GEORGIA
30339,GEORGIA
30340,GEORGIA
30341,GEORGIA
30342,GEORGIA
30343,GEORGIA
30344,GEORGIA
30345,GEORGIA
30346,GEORGIA
30348,GEORGIA
30349,GEORGIA
30350,GEORGIA
30353,GEORGIA
30354,GEORGIA
30355,GEORGIA
30356,GEORGIA
30357,GEORGIA
30358,GEORGIA
30359,GEORGIA
30360,GEORGIA
30361,GEORGIA
30362,GEORGIA
30363,GEORGIA
30364,GEORGIA
30366,GEORGIA
30368,GEORGIA
30369,GEORGIA
30370,GEORGIA
30371,GEORGIA
30374,GEORGIA
30375,GEORGIA
30377,GEORGIA
30378,GEORGIA
30380,GEORGIA
30384,GEORGIA
30385,GEORGIA
30388,GEORGIA
30392,GEORGIA
30394,GEORGIA
30396,GEORGIA
30398,GEORGIA
30401,GEORGIA
30410,GEORGIA
30411,GEORGIA
30412,GEORGIA
30413,GEORGIA
30414,GEORGIA
30415,GEORGIA
30417,GEORGIA
30420,GEORGIA
30421,GEORGIA
30423,GEORGIA
30424,GEORGIA
30425,GEORGIA
30426,GEORGIA
30427,GEORGIA
30428,GEORGIA
30429,GEORGIA
30434,GEORGIA
30436,GEORGIA
30438,GEORGIA
30439,GEORGIA
30441,GEORGIA
30442,GEORGIA
30445,GEORGIA
30446,GEORGIA
30448,GEORGIA
30449,GEORGIA
30450,GEORGIA
30451,GEORGIA
30452,GEORGIA
30453,GEORGIA
30454,GEORGIA
30455,GEORGIA
30456,GEORGIA
30457,GEORGIA
30458,GEORGIA
30459,GEORGIA
30460,GEORGIA
30461,GEORGIA
30464,GEORGIA
30467,GEORGIA
30470,GEORGIA
30471,GEORGIA
30473,GEORGIA
30474,GEORGIA
30475,GEORGIA
30477,GEORGIA
30499,GEORGIA
30501,GEORGIA
30502,GEORGIA
30503,GEORGIA
30504,GEORGIA
30506,GEORGIA
30507,GEORGIA
30510,GEORGIA
30511,GEORGIA
30512,GEORGIA
30513,GEORGIA
30514,GEORGIA
30515,GEORGIA
30516,GEORGIA
30517,GEORGIA
30518,GEORGIA
30519,GEORGIA
30520,GEORGIA
30521,GEORGIA
30522,GEORGIA
30523,GEORGIA
30525,GEORGIA
30527,GEORGIA
30528,GEORGIA
30529,GEORGIA
30530,GEORGIA
30531,GEORGIA
30533,GEORGIA
30534,GEORGIA
30535,GEORGIA
30536,GEORGIA
30537,GEORGIA
30538,GEORGIA
30539,GEORGIA
30540,GEORGIA
30541,GEORGIA
30542,GEORGIA
30543,GEORGIA
30545,GEORGIA
30546,GEORGIA
30547,GEORGIA
30548,GEORGIA
30549,GEORGIA
30552,GEORGIA
30553,GEORGIA
30554,GEORGIA
30555,GEORGIA
30557,GEORGIA
30558,GEORGIA
30559,GEORGIA
30560,GEORGIA
30562,GEORGIA
30563,GEORGIA
30564,GEORGIA
30565,GEORGIA
30566,GEORGIA
30567,GEORGIA
30568,GEORGIA
30571,GEORGIA
30572,GEORGIA
30573,GEORGIA
30575,GEORGIA
30576,GEORGIA
30577,GEORGIA
30580,GEORGIA
30581,GEORGIA
30582,GEORGIA
30597,GEORGIA
30598,GEORGIA
30599,GEORGIA
30601,GEORGIA
30602,GEORGIA
30603,GEORGIA
30604,GEORGIA
30605,GEORGIA
30606,GEORGIA
30607,GEORGIA
30608,GEORGIA
30609,GEORGIA
30619,GEORGIA
30620,GEORGIA
30621,GEORGIA
30622,GEORGIA
30623,GEORGIA
30624,GEORGIA
30625,GEORGIA
30627,GEORGIA
30628,GEORGIA
30629,GEORGIA
30630,GEORGIA
30631,GEORGIA
30633,GEORGIA
30634,GEORGIA
30635,GEORGIA
30638,GEORGIA
30639,GEORGIA
30641,GEORGIA
30642,GEORGIA
30643,GEORGIA
30645,GEORGIA
30646,GEORGIA
30647,GEORGIA
30648,GEORGIA
30650,GEORGIA
30655,GEORGIA
30656,GEORGIA
30660,GEORGIA
30662,GEORGIA
30663,GEORGIA
30664,GEORGIA
30665,GEORGIA
30666,GEORGIA
30667,GEORGIA
30668,GEORGIA
30669,GEORGIA
30671,GEORGIA
30673,GEORGIA
30677,GEORGIA
30678,GEORGIA
30680,GEORGIA
30683,GEORGIA
30701,GEORGIA
30703,GEORGIA
30705,GEORGIA
30707,GEORGIA
30708,GEORGIA
30710,GEORGIA
30711,GEORGIA
30719,GEORGIA
30720,GEORGIA
30721,GEORGIA
30722,GEORGIA
30724,GEORGIA
30725,GEORGIA
30726,GEORGIA
30728,GEORGIA
30730,GEORGIA
30731,GEORGIA
30732,GEORGIA
30733,GEORGIA
30734,GEORGIA
30735,GEORGIA
30736,GEORGIA
30738,GEORGIA
30739,GEORGIA
30740,GEORGIA
30741,GEORGIA
30742,GEORGIA
30746,GEORGIA
30747,GEORGIA
30750,GEORGIA
30751,GEORGIA
30752,GEORGIA
30753,GEORGIA
30755,GEORGIA
30756,GEORGIA
30757,GEORGIA
30802,GEORGIA
30803,GEORGIA
30805,GEORGIA
30806,GEORGIA
30807,GEORGIA
30808,GEORGIA
30809,GEORGIA
30810,GEORGIA
30812,GEORGIA
30813,GEORGIA
30814,GEORGIA
30815,GEORGIA
30816,GEORGIA
30817,GEORGIA
30818,GEORGIA
30819,GEORGIA
30820,GEORGIA
30821,GEORGIA
30822,GEORGIA
30823,GEORGIA
30824,GEORGIA
30828,GEORGIA
30830,GEORGIA
30833,GEORGIA
30901,GEORGIA
30903,GEORGIA
30904,GEORGIA
30905,GEORGIA
30906,GEORGIA
30907,GEORGIA
30909,GEORGIA
30912,GEORGIA
30914,GEORGIA
30916,GEORGIA
30917,GEORGIA
30919,GEORGIA
30999,GEORGIA
31001,GEORGIA
31002,GEORGIA
31003,GEORGIA
31004,GEORGIA
31005,GEORGIA
31006,GEORGIA
31007,GEORGIA
31008,GEORGIA
31009,GEORGIA
31010,GEORGIA
31011,GEORGIA
31012,GEORGIA
31013,GEORGIA
31014,GEORGIA
31015,GEORGIA
31016,GEORGIA
31017,GEORGIA
31018,GEORGIA
31019,GEORGIA
31020,GEORGIA
31021,GEORGIA
31022,GEORGIA
31023,GEORGIA
31024,GEORGIA
31025,GEORGIA
31026,GEORGIA
31027,GEORGIA
31028,GEORGIA
31029,GEORGIA
31030,GEORGIA
31031,GEORGIA
31032,GEORGIA
31033,GEORGIA
31034,GEORGIA
31035,GEORGIA
31036,GEORGIA
31037,GEORGIA
31038,GEORGIA
31039,GEORGIA
31040,GEORGIA
31041,GEORGIA
31042,GEORGIA
31044,GEORGIA
31045,GEORGIA
31046,GEORGIA
31047,GEORGIA
31049,GEORGIA
31050,GEORGIA
31051,GEORGIA
31052,GEORGIA
31054,GEORGIA
31055,GEORGIA
31057,GEORGIA
31058,GEORGIA
31059,GEORGIA
31060,GEORGIA
31061,GEORGIA
31062,GEORGIA
31063,GEORGIA
31064,GEORGIA
31065,GEORGIA
31066,GEORGIA
31067,GEORGIA
31068,GEORGIA
31069,GEORGIA
31070,GEORGIA
31071,GEORGIA
31072,GEORGIA
31075,GEORGIA
31076,GEORGIA
31077,GEORGIA
31078,GEORGIA
31079,GEORGIA
31081,GEORGIA
31082,GEORGIA
31083,GEORGIA
31085,GEORGIA
31086,GEORGIA
31087,GEORGIA
31088,GEORGIA
31089,GEORGIA
31090,GEORGIA
31091,GEORGIA
31092,GEORGIA
31093,GEORGIA
31094,GEORGIA
31095,GEORGIA
31096,GEORGIA
31097,GEORGIA
31098,GEORGIA
31099,GEORGIA
31106,GEORGIA
31107,GEORGIA
31119,GEORGIA
31126,GEORGIA
31131,GEORGIA
31136,GEORGIA
31139,GEORGIA
31141,GEORGIA
31145,GEORGIA
31146,GEORGIA
31150,GEORGIA
31156,GEORGIA
31169,GEORGIA
31192,GEORGIA
31193,GEORGIA
31201,GEORGIA
31202,GEORGIA
31203,GEORGIA
31204,GEORGIA
31205,GEORGIA
31206,GEORGIA
31207,GEORGIA
31208,GEORGIA
31210,GEORGIA
31211,GEORGIA
31213,GEORGIA
31216,GEORGIA
31217,GEORGIA
31220,GEORGIA
31221,GEORGIA
31294,GEORGIA
31295,GEORGIA
31296,GEORGIA
31301,GEORGIA
31302,GEORGIA
31303,GEORGIA
31304,GEORGIA
31305,GEORGIA
31307,GEORGIA
31308,GEORGIA
31309,GEORGIA
31310,GEORGIA
31312,GEORGIA
31313,GEORGIA
31314,GEORGIA
31315,GEORGIA
31316,GEORGIA
31318,GEORGIA
31319,GEORGIA
31320,GEORGIA
31321,GEORGIA
31322,GEORGIA
31323,GEORGIA
31324,GEORGIA
31326,GEORGIA
31327,GEORGIA
31328,GEORGIA
31329,GEORGIA
31331,GEORGIA
31333,GEORGIA
31401,GEORGIA
31402,GEORGIA
31403,GEORGIA
31404,GEORGIA
31405,GEORGIA
31406,GEORGIA
31407,GEORGIA
31408,GEORGIA
31409,GEORGIA
31410,GEORGIA
31411,GEORGIA
31412,GEORGIA
31414,GEORGIA
31415,GEORGIA
31416,GEORGIA
31418,GEORGIA
31419,GEORGIA
31420,GEORGIA
31421,GEORGIA
31501,GEORGIA
31502,GEORGIA
31503,GEORGIA
31510,GEORGIA
31512,GEORGIA
31513,GEORGIA
31515,GEORGIA
31516,GEORGIA
31518,GEORGIA
31519,GEORGIA
31520,GEORGIA
31521,GEORGIA
31522,GEORGIA
31523,GEORGIA
31524,GEORGIA
31525,GEORGIA
31527,GEORGIA
31532,GEORGIA
31533,GEORGIA
31534,GEORGIA
31535,GEORGIA
31537,GEORGIA
31539,GEORGIA
31542,GEORGIA
31543,GEORGIA
31544,GEORGIA
31545,GEORGIA
31546,GEORGIA
31547,GEORGIA
31548,GEORGIA
31549,GEORGIA
31550,GEORGIA
31551,GEORGIA
31552,GEORGIA
31553,GEORGIA
31554,GEORGIA
31555,GEORGIA
31556,GEORGIA
31557,GEORGIA
31558,GEORGIA
31560,GEORGIA
31561,GEORGIA
31562,GEORGIA
31563,GEORGIA
31564,GEORGIA
31565,GEORGIA
31566,GEORGIA
31567,GEORGIA
31568,GEORGIA
31569,GEORGIA
31598,GEORGIA
31599,GEORGIA
31601,GEORGIA
31602,GEORGIA
31603,GEORGIA
31604,GEORGIA
31605,GEORGIA
31606,GEORGIA
31620,GEORGIA
31622,GEORGIA
31623,GEORGIA
31624,GEORGIA
31625,GEORGIA
31626,GEORGIA
31627,GEORGIA
31629,GEORGIA
31630,GEORGIA
31631,GEORGIA
31632,GEORGIA
31634,GEORGIA
31635,GEORGIA
31636,GEORGIA
31637,GEORGIA
31638,GEORGIA
31639,GEORGIA
31641,GEORGIA
31642,GEORGIA
31643,GEORGIA
31645,GEORGIA
31647,GEORGIA
31648,GEORGIA
31649,GEORGIA
31650,GEORGIA
31698,GEORGIA
31699,GEORGIA
31701,GEORGIA
31702,GEORGIA
31703,GEORGIA
31704,GEORGIA
31705,GEORGIA
31706,GEORGIA
31707,GEORGIA
31708,GEORGIA
31709,GEORGIA
31711,GEORGIA
31712,GEORGIA
31714,GEORGIA
31716,GEORGIA
31719,GEORGIA
31720,GEORGIA
31721,GEORGIA
31722,GEORGIA
31727,GEORGIA
31730,GEORGIA
31733,GEORGIA
31735,GEORGIA
31738,GEORGIA
31739,GEORGIA
31743,GEORGIA
31744,GEORGIA
31747,GEORGIA
31749,GEORGIA
31750,GEORGIA
31753,GEORGIA
31756,GEORGIA
31757,GEORGIA
31758,GEORGIA
31763,GEORGIA
31764,GEORGIA
31765,GEORGIA
31768,GEORGIA
31769,GEORGIA
31771,GEORGIA
31772,GEORGIA
31773,GEORGIA
31774,GEORGIA
31775,GEORGIA
31776,GEORGIA
31778,GEORGIA
31779,GEORGIA
31780,GEORGIA
31781,GEORGIA
31782,GEORGIA
31783,GEORGIA
31784,GEORGIA
31787,GEORGIA
31788,GEORGIA
31789,GEORGIA
31790,GEORGIA
31791,GEORGIA
31792,GEORGIA
31793,GEORGIA
31794,GEORGIA
31795,GEORGIA
31796,GEORGIA
31798,GEORGIA
31799,GEORGIA
31801,GEORGIA
31803,GEORGIA
31804,GEORGIA
31805,GEORGIA
31806,GEORGIA
31807,GEORGIA
31808,GEORGIA
31810,GEORGIA
31811,GEORGIA
31812,GEORGIA
31814,GEORGIA
31815,GEORGIA
31816,GEORGIA
31820,GEORGIA
31821,GEORGIA
31822,GEORGIA
31823,GEORGIA
31824,GEORGIA
31825,GEORGIA
31826,GEORGIA
31827,GEORGIA
31829,GEORGIA
31830,GEORGIA
31831,GEORGIA
31832,GEORGIA
31833,GEORGIA
31836,GEORGIA
31901,GEORGIA
31902,GEORGIA
31903,GEORGIA
31904,GEORGIA
31905,GEORGIA
31906,GEORGIA
31907,GEORGIA
31908,GEORGIA
31909,GEORGIA
31914,GEORGIA
31917,GEORGIA
31993,GEORGIA
31995,GEORGIA
31997,GEORGIA
31998,GEORGIA
31999,GEORGIA
32003,FLORIDA
32004,FLORIDA
32006,FLORIDA
32007,FLORIDA
32008,FLORIDA
32009,FLORIDA
32011,FLORIDA
32013,FLORIDA
32024,FLORIDA
32025,FLORIDA
32030,FLORIDA
32033,FLORIDA
32034,FLORIDA
32035,FLORIDA
32038,FLORIDA
32040,FLORIDA
32041,FLORIDA
32042,FLORIDA
32043,FLORIDA
32044,FLORIDA
32046,FLORIDA
32050,FLORIDA
32052,FLORIDA
32053,FLORIDA
32054,FLORIDA
32055,FLORIDA
32056,FLORIDA
32058,FLORIDA
32059,FLORIDA
32060,FLORIDA
32061,FLORIDA
32062,FLORIDA
32063,FLORIDA
32064,FLORIDA
32065,FLORIDA
32066,FLORIDA
32067,FLORIDA
32068,FLORIDA
32071,FLORIDA
32073,FLORIDA
32079,FLORIDA
32080,FLORIDA
32081,FLORIDA
32082,FLORIDA
32083,FLORIDA
32084,FLORIDA
32085,FLORIDA
32086,FLORIDA
32087,FLORIDA
32091,FLORIDA
32092,FLORIDA
32094,FLORIDA
32095,FLORIDA
32096,FLORIDA
32097,FLORIDA
32099,FLORIDA
32102,FLORIDA
32105,FLORIDA
32110,FLORIDA
32111,FLORIDA
32112,FLORIDA
32113,FLORIDA
32114,FLORIDA
32115,FLORIDA
32116,FLORIDA
32117,FLORIDA
32118,FLORIDA
32119,FLORIDA
32120,FLORIDA
32121,FLORIDA
32122,FLORIDA
32123,FLORIDA
32124,FLORIDA
32125,FLORIDA
32126,FLORIDA
32127,FLORIDA
32128,FLORIDA
32129,FLORIDA
32130,FLORIDA
32131,FLORIDA
32132,FLORIDA
32133,FLORIDA
32134,FLORIDA
32135,FLORIDA
32136,FLORIDA
32137,FLORIDA
32138,FLORIDA
32139,FLORIDA
32140,FLORIDA
32141,FLORIDA
32142,FLORIDA
32143,FLORIDA
32145,FLORIDA
32147,FLORIDA
32148,FLORIDA
32149,FLORIDA
32157,FLORIDA
32158,FLORIDA
32159,FLORIDA
32160,FLORIDA
32162,FLORIDA
32163,FLORIDA
32164,FLORIDA
32168,FLORIDA
32169,FLORIDA
32170,FLORIDA
32173,FLORIDA
32174,FLORIDA
32175,FLORIDA
32176,FLORIDA
32177,FLORIDA
32178,FLORIDA
32179,FLORIDA
32180,FLORIDA
32181,FLORIDA
32182,FLORIDA
32183,FLORIDA
32185,FLORIDA
32187,FLORIDA
32189,FLORIDA
32190,FLORIDA
32192,FLORIDA
32193,FLORIDA
32195,FLORIDA
32198,FLORIDA
32201,FLORIDA
32202,FLORIDA
32203,FLORIDA
32204,FLORIDA
32205,FLORIDA
32206,FLORIDA
32207,FLORIDA
32208,FLORIDA
32209,FLORIDA
32210,FLORIDA
32211,FLORIDA
32212,FLORIDA
32214,FLORIDA
32216,FLORIDA
32217,FLORIDA
32218,FLORIDA
32219,FLORIDA
32220,FLORIDA
32221,FLORIDA
32222,FLORIDA
32223,FLORIDA
32224,FLORIDA
32225,FLORIDA
32226,FLORIDA
32227,FLORIDA
32228,FLORIDA
32229,FLORIDA
32231,FLORIDA
32232,FLORIDA
32233,FLORIDA
32234,FLORIDA
32235,FLORIDA
32236,FLORIDA
32238,FLORIDA
32239,FLORIDA
32240,FLORIDA
32241,FLORIDA
32244,FLORIDA
32245,FLORIDA
32246,FLORIDA
32247,FLORIDA
32250,FLORIDA
32254,FLORIDA
32255,FLORIDA
32256,FLORIDA
32257,FLORIDA
32258,FLORIDA
32259,FLORIDA
32260,FLORIDA
32266,FLORIDA
32277,FLORIDA
32301,FLORIDA
32302,FLORIDA
32303,FLORIDA
32304,FLORIDA
32305,FLORIDA
32306,FLORIDA
32307,FLORIDA
32308,FLORIDA
32309,FLORIDA
32310,FLORIDA
32311,FLORIDA
32312,FLORIDA
32313,FLORIDA
32314,FLORIDA
32315,FLORIDA
32316,FLORIDA
32317,FLORIDA
32318,FLORIDA
32320,FLORIDA
32321,FLORIDA
32322,FLORIDA
32323,FLORIDA
32324,FLORIDA
32326,FLORIDA
32327,FLORIDA
32328,FLORIDA
32329,FLORIDA
32330,FLORIDA
32331,FLORIDA
32332,FLORIDA
32333,FLORIDA
32334,FLORIDA
32335,FLORIDA
32336,FLORIDA
32337,FLORIDA
32340,FLORIDA
32341,FLORIDA
32343,FLORIDA
32344,FLORIDA
32345,FLORIDA
32346,FLORIDA
32347,FLORIDA
32348,FLORIDA
32350,FLORIDA
32351,FLORIDA
32352,FLORIDA
32353,FLORIDA
32355,FLORIDA
32356,FLORIDA
32357,FLORIDA
32358,FLORIDA
32359,FLORIDA
32360,FLORIDA
32361,FLORIDA
32362,FLORIDA
32399,FLORIDA
32401,FLORIDA
32402,FLORIDA
32403,FLORIDA
32404,FLORIDA
32405,FLORIDA
32406,FLORIDA
32407,FLORIDA
32408,FLORIDA
32409,FLORIDA
32410,FLORIDA
32411,FLORIDA
32412,FLORIDA
32413,FLORIDA
32417,FLORIDA
32420,FLORIDA
32421,FLORIDA
32422,FLORIDA
32423,FLORIDA
32424,FLORIDA
32425,FLORIDA
32426,FLORIDA
32427,FLORIDA
32428,FLORIDA
32430,FLORIDA
32431,FLORIDA
32432,FLORIDA
32433,FLORIDA
32434,FLORIDA
32435,FLORIDA
32437,FLORIDA
32438,FLORIDA
32439,FLORIDA
32440,FLORIDA
32442,FLORIDA
32443,FLORIDA
32444,FLORIDA
32445,FLORIDA
32446,FLORIDA
32447,FLORIDA
32448,FLORIDA
32449,FLORIDA
32452,FLORIDA
32455,FLORIDA
32456,FLORIDA
32457,FLORIDA
32459,FLORIDA
32460,FLORIDA
32461,FLORIDA
32462,FLORIDA
32463,FLORIDA
32464,FLORIDA
32465,FLORIDA
32466,FLORIDA
32501,FLORIDA
32502,FLORIDA
32503,FLORIDA
32504,FLORIDA
32505,FLORIDA
32506,FLORIDA
32507,FLORIDA
32508,FLORIDA
32509,FLORIDA
32511,FLORIDA
32512,FLORIDA
32513,FLORIDA
32514,FLORIDA
32516,FLORIDA
32520,FLORIDA
32521,FLORIDA
32522,FLORIDA
32523,FLORIDA
32524,FLORIDA
32526,FLORIDA
32530,FLORIDA
32531,FLORIDA
32533,FLORIDA
32534,FLORIDA
32535,FLORIDA
32536,FLORIDA
32537,FLORIDA
32538,FLORIDA
32539,FLORIDA
32540,FLORIDA
32541,FLORIDA
32542,FLORIDA
32544,FLORIDA
32547,FLORIDA
32548,FLORIDA
32549,FLORIDA
32550,FLORIDA
32559,FLORIDA
32560,FLORIDA
32561,FLORIDA
32562,FLORIDA
32563,FLORIDA
32564,FLORIDA
32565,FLORIDA
32566,FLORIDA
32567,FLORIDA
32568,FLORIDA
32569,FLORIDA
32570,FLORIDA
32571,FLORIDA
32572,FLORIDA
32577,FLORIDA
32578,FLORIDA
32579,FLORIDA
32580,FLORIDA
32583,FLORIDA
32588,FLORIDA
32591,FLORIDA
32601,FLORIDA
32602,FLORIDA
32603,FLORIDA
32604,FLORIDA
32605,FLORIDA
32606,FLORIDA
32607,FLORIDA
32608,FLORIDA
32609,FLORIDA
32610,FLORIDA
32611,FLORIDA
32612,FLORIDA
32614,FLORIDA
32615,FLORIDA
32616,FLORIDA
32617,FLORIDA
32618,FLORIDA
32619,FLORIDA
32621,FLORIDA
32622,FLORIDA
32625,FLORIDA
32626,FLORIDA
32627,FLORIDA
32628,FLORIDA
32631,FLORIDA
32633,FLORIDA
32634,FLORIDA
32635,FLORIDA
32639,FLORIDA
32640,FLORIDA
32641,FLORIDA
32643,FLORIDA
32644,FLORIDA
32648,FLORIDA
32653,FLORIDA
32654,FLORIDA
32655,FLORIDA
32656,FLORIDA
32658,FLORIDA
32662,FLORIDA
32663,FLORIDA
32664,FLORIDA
32666,FLORIDA
32667,FLORIDA
32668,FLORIDA
32669,FLORIDA
32680,FLORIDA
32681,FLORIDA
32683,FLORIDA
32686,FLORIDA
32692,FLORIDA
32693,FLORIDA
32694,FLORIDA
32696,FLORIDA
32697,FLORIDA
32701,FLORIDA
32702,FLORIDA
32703,FLORIDA
32704,FLORIDA
32706,FLORIDA
32707,FLORIDA
32708,FLORIDA
32709,FLORIDA
32710,FLORIDA
32712,FLORIDA
32713,FLORIDA
32714,FLORIDA
32715,FLORIDA
32716,FLORIDA
32718,FLORIDA
32719,FLORIDA
32720,FLORIDA
32721,FLORIDA
32722,FLORIDA
32723,FLORIDA
32724,FLORIDA
32725,FLORIDA
32726,FLORIDA
32727,FLORIDA
32728,FLORIDA
32730,FLORIDA
32732,FLORIDA
32733,FLORIDA
32735,FLORIDA
32736,FLORIDA
32738,FLORIDA
32739,FLORIDA
32744,FLORIDA
32745,FLORIDA
32746,FLORIDA
32747,FLORIDA
32750,FLORIDA
32751,FLORIDA
32752,FLORIDA
32753,FLORIDA
32754,FLORIDA
32756,FLORIDA
32757,FLORIDA
32759,FLORIDA
32762,FLORIDA
32763,FLORIDA
32764,FLORIDA
32765,FLORIDA
32766,FLORIDA
32767,FLORIDA
32768,FLORIDA
32771,FLORIDA
32772,FLORIDA
32773,FLORIDA
32774,FLORIDA
32775,FLORIDA
32776,FLORIDA
32777,FLORIDA
32778,FLORIDA
32779,FLORIDA
32780,FLORIDA
32781,FLORIDA
32783,FLORIDA
32784,FLORIDA
32789,FLORIDA
32790,FLORIDA
32791,FLORIDA
32792,FLORIDA
32793,FLORIDA
32794,FLORIDA
32795,FLORIDA
32796,FLORIDA
32798,FLORIDA
32799,FLORIDA
32801,FLORIDA
32802,FLORIDA
32803,FLORIDA
32804,FLORIDA
32805,FLORIDA
32806,FLORIDA
32807,FLORIDA
32808,FLORIDA
32809,FLORIDA
32810,FLORIDA
32811,FLORIDA
32812,FLORIDA
32814,FLORIDA
32815,FLORIDA
32816,FLORIDA
32817,FLORIDA
32818,FLORIDA
32819,FLORIDA
32820,FLORIDA
32821,FLORIDA
32822,FLORIDA
32824,FLORIDA
32825,FLORIDA
32826,FLORIDA
32827,FLORIDA
32828,FLORIDA
32829,FLORIDA
32830,FLORIDA
32831,FLORIDA
32832,FLORIDA
32833,FLORIDA
32834,FLORIDA
32835,FLORIDA
32836,FLORIDA
32837,FLORIDA
32839,FLORIDA
32853,FLORIDA
32854,FLORIDA
32855,FLORIDA
32856,FLORIDA
32857,FLORIDA
32858,FLORIDA
32859,FLORIDA
32860,FLORIDA
32861,FLORIDA
32862,FLORIDA
32867,FLORIDA
32868,FLORIDA
32869,FLORIDA
32872,FLORIDA
32877,FLORIDA
32878,FLORIDA
32885,FLORIDA
32886,FLORIDA
32887,FLORIDA
32891,FLORIDA
32896,FLORIDA
32897,FLORIDA
32899,FLORIDA
32901,FLORIDA
32902,FLORIDA
32903,FLORIDA
32904,FLORIDA
32905,FLORIDA
32906,FLORIDA
32907,FLORIDA
32908,FLORIDA
32909,FLORIDA
32910,FLORIDA
32911,FLORIDA
32912,FLORIDA
32919,FLORIDA
32920,FLORIDA
32922,FLORIDA
32923,FLORIDA
32924,FLORIDA
32925,FLORIDA
32926,FLORIDA
32927,FLORIDA
32931,FLORIDA
32932,FLORIDA
32934,FLORIDA
32935,FLORIDA
32936,FLORIDA
32937,FLORIDA
32940,FLORIDA
32941,FLORIDA
32948,FLORIDA
32949,FLORIDA
32950,FLORIDA
32951,FLORIDA
32952,FLORIDA
32953,FLORIDA
32954,FLORIDA
32955,FLORIDA
32956,FLORIDA
32957,FLORIDA
32958,FLORIDA
32959,FLORIDA
32960,FLORIDA
32961,FLORIDA
32962,FLORIDA
32963,FLORIDA
32964,FLORIDA
32965,FLORIDA
32966,FLORIDA
32967,FLORIDA
32968,FLORIDA
32969,FLORIDA
32970,FLORIDA
32971,FLORIDA
32976,FLORIDA
32978,FLORIDA
33001,FLORIDA
33002,FLORIDA
33004,FLORIDA
33008,FLORIDA
33009,FLORIDA
33010,FLORIDA
33011,FLORIDA
33012,FLORIDA
33013,FLORIDA
33014,FLORIDA
33015,FLORIDA
33016,FLORIDA
33017,FLORIDA
33018,FLORIDA
33019,FLORIDA
33020,FLORIDA
33021,FLORIDA
33022,FLORIDA
33023,FLORIDA
33024,FLORIDA
33025,FLORIDA
33026,FLORIDA
33027,FLORIDA
33028,FLORIDA
33029,FLORIDA
33030,FLORIDA
33031,FLORIDA
33032,FLORIDA
33033,FLORIDA
33034,FLORIDA
33035,FLORIDA
33036,FLORIDA
33037,FLORIDA
33039,FLORIDA
33040,FLORIDA
33041,FLORIDA
33042,FLORIDA
33043,FLORIDA
33045,FLORIDA
33050,FLORIDA
33051,FLORIDA
33052,FLORIDA
33054,FLORIDA
33055,FLORIDA
33056,FLORIDA
33060,FLORIDA
33061,FLORIDA
33062,FLORIDA
33063,FLORIDA
33064,FLORIDA
33065,FLORIDA
33066,FLORIDA
33067,FLORIDA
33068,FLORIDA
33069,FLORIDA
33070,FLORIDA
33071,FLORIDA
33073,FLORIDA
33074,FLORIDA
33075,FLORIDA
33076,FLORIDA
33077,FLORIDA
33081,FLORIDA
33082,FLORIDA
33083,FLORIDA
33084,FLORIDA
33090,FLORIDA
33092,FLORIDA
33093,FLORIDA
33097,FLORIDA
33101,FLORIDA
33102,FLORIDA
33106,FLORIDA
33109,FLORIDA
33112,FLORIDA
33114,FLORIDA
33116,FLORIDA
33119,FLORIDA
33122,FLORIDA
33124,FLORIDA
33125,FLORIDA
33126,FLORIDA
33127,FLORIDA
33128,FLORIDA
33129,FLORIDA
33130,FLORIDA
33131,FLORIDA
33132,FLORIDA
33133,FLORIDA
33134,FLORIDA
33135,FLORIDA
33136,FLORIDA
33137,FLORIDA
33138,FLORIDA
33139,FLORIDA
33140,FLORIDA
33141,FLORIDA
33142,FLORIDA
33143,FLORIDA
33144,FLORIDA
33145,FLORIDA
33146,FLORIDA
33147,FLORIDA
33149,FLORIDA
33150,FLORIDA
33152,FLORIDA
33153,FLORIDA
33154,FLORIDA
33155,FLORIDA
33156,FLORIDA
33157,FLORIDA
33158,FLORIDA
33160,FLORIDA
33161,FLORIDA
33162,FLORIDA
33163,FLORIDA
33164,FLORIDA
33165,FLORIDA
33166,FLORIDA
33167,FLORIDA
33168,FLORIDA
33169,FLORIDA
33170,FLORIDA
33172,FLORIDA
33173,FLORIDA
33174,FLORIDA
33175,FLORIDA
33176,FLORIDA
33177,FLORIDA
33178,FLORIDA
33179,FLORIDA
33180,FLORIDA
33181,FLORIDA
33182,FLORIDA
33183,FLORIDA
33184,FLORIDA
33185,FLORIDA
33186,FLORIDA
33187,FLORIDA
33188,FLORIDA
33189,FLORIDA
33190,FLORIDA
33191,FLORIDA
33192,FLORIDA
33193,FLORIDA
33194,FLORIDA
33195,FLORIDA
33196,FLORIDA
33197,FLORIDA
33198,FLORIDA
33199,FLORIDA
33206,FLORIDA
33222,FLORIDA
33231,FLORIDA
33233,FLORIDA
33234,FLORIDA
33238,FLORIDA
33239,FLORIDA
33242,FLORIDA
33243,FLORIDA
33245,FLORIDA
33247,FLORIDA
33255,FLORIDA
33256,FLORIDA
33257,FLORIDA
33261,FLORIDA
33265,FLORIDA
33266,FLORIDA
33269,FLORIDA
33280,FLORIDA
33283,FLORIDA
33296,FLORIDA
33299,FLORIDA
33301,FLORIDA
33302,FLORIDA
33303,FLORIDA
33304,FLORIDA
33305,FLORIDA
33306,FLORIDA
33307,FLORIDA
33308,FLORIDA
33309,FLORIDA
33310,FLORIDA
33311,FLORIDA
33312,FLORIDA
33313,FLORIDA
33314,FLORIDA
33315,FLORIDA
33316,FLORIDA
33317,FLORIDA
33318,FLORIDA
33319,FLORIDA
33320,FLORIDA
33321,FLORIDA
33322,FLORIDA
33323,FLORIDA
33324,FLORIDA
33325,FLORIDA
33326,FLORIDA
33327,FLORIDA
33328,FLORIDA
33329,FLORIDA
33330,FLORIDA
33331,FLORIDA
33332,FLORIDA
33334,FLORIDA
33335,FLORIDA
33338,FLORIDA
33339,FLORIDA
33340,FLORIDA
33345,FLORIDA
33346,FLORIDA
33348,FLORIDA
33351,FLORIDA
33355,FLORIDA
33359,FLORIDA
33388,FLORIDA
33394,FLORIDA
33401,FLORIDA
33402,FLORIDA
33403,FLORIDA
33404,FLORIDA
33405,FLORIDA
33406,FLORIDA
33407,FLORIDA
33408,FLORIDA
33409,FLORIDA
33410,FLORIDA
33411,FLORIDA
33412,FLORIDA
33413,FLORIDA
33414,FLORIDA
33415,FLORIDA
33416,FLORIDA
33417,FLORIDA
33418,FLORIDA
33419,FLORIDA
33420,FLORIDA
33421,FLORIDA
33422,FLORIDA
33424,FLORIDA
33425,FLORIDA
33426,FLORIDA
33427,FLORIDA
33428,FLORIDA
33429,FLORIDA
33430,FLORIDA
33431,FLORIDA
33432,FLORIDA
33433,FLORIDA
33434,FLORIDA
33435,FLORIDA
33436,FLORIDA
33437,FLORIDA
33438,FLORIDA
33440,FLORIDA
33441,FLORIDA
33442,FLORIDA
33443,FLORIDA
33444,FLORIDA
33445,FLORIDA
33446,FLORIDA
33448,FLORIDA
33449,FLORIDA
33454,FLORIDA
33455,FLORIDA
33458,FLORIDA
33459,FLORIDA
33460,FLORIDA
33461,FLORIDA
33462,FLORIDA
33463,FLORIDA
33464,FLORIDA
33465,FLORIDA
33466,FLORIDA
33467,FLORIDA
33468,FLORIDA
33469,FLORIDA
33470,FLORIDA
33471,FLORIDA
33472,FLORIDA
33473,FLORIDA
33474,FLORIDA
33475,FLORIDA
33476,FLORIDA
33477,FLORIDA
33478,FLORIDA
33480,FLORIDA
33481,FLORIDA
33482,FLORIDA
33483,FLORIDA
33484,FLORIDA
33486,FLORIDA
33487,FLORIDA
33488,FLORIDA
33493,FLORIDA
33496,FLORIDA
33497,FLORIDA
33498,FLORIDA
33499,FLORIDA
33503,FLORIDA
33508,FLORIDA
33509,FLORIDA
33510,FLORIDA
33511,FLORIDA
33513,FLORIDA
33514,FLORIDA
33521,FLORIDA
33523,FLORIDA
33524,FLORIDA
33525,FLORIDA
33526,FLORIDA
33527,FLORIDA
33530,FLORIDA
33534,FLORIDA
33537,FLORIDA
33538,FLORIDA
33539,FLORIDA
33540,FLORIDA
33541,FLORIDA
33542,FLORIDA
33543,FLORIDA
33544,FLORIDA
33545,FLORIDA
33547,FLORIDA
33548,FLORIDA
33549,FLORIDA
33550,FLORIDA
33556,FLORIDA
33558,FLORIDA
33559,FLORIDA
33563,FLORIDA
33564,FLORIDA
33565,FLORIDA
33566,FLORIDA
33567,FLORIDA
33568,FLORIDA
33569,FLORIDA
33570,FLORIDA
33571,FLORIDA
33572,FLORIDA
33573,FLORIDA
33574,FLORIDA
33575,FLORIDA
33576,FLORIDA
33578,FLORIDA
33579,FLORIDA
33583,FLORIDA
33584,FLORIDA
33585,FLORIDA
33586,FLORIDA
33587,FLORIDA
33592,FLORIDA
33593,FLORIDA
33594,FLORIDA
33595,FLORIDA
33596,FLORIDA
33597,FLORIDA
33598,FLORIDA
33601,FLORIDA
33602,FLORIDA
33603,FLORIDA
33604,FLORIDA
33605,FLORIDA
33606,FLORIDA
33607,FLORIDA
33608,FLORIDA
33609,FLORIDA
33610,FLORIDA
33611,FLORIDA
33612,FLORIDA
33613,FLORIDA
33614,FLORIDA
33615,FLORIDA
33616,FLORIDA
33617,FLORIDA
33618,FLORIDA
33619,FLORIDA
33620,FLORIDA
33621,FLORIDA
33622,FLORIDA
33623,FLORIDA
33624,FLORIDA
33625,FLORIDA
33626,FLORIDA
33629,FLORIDA
33630,FLORIDA
33631,FLORIDA
33633,FLORIDA
33634,FLORIDA
33635,FLORIDA
33637,FLORIDA
33646,FLORIDA
33647,FLORIDA
33650,FLORIDA
33655,FLORIDA
33660,FLORIDA
33664,FLORIDA
33672,FLORIDA
33673,FLORIDA
33674,FLORIDA
33675,FLORIDA
33677,FLORIDA
33679,FLORIDA
33680,FLORIDA
33681,FLORIDA
33682,FLORIDA
33684,FLORIDA
33685,FLORIDA
33686,FLORIDA
33687,FLORIDA
33688,FLORIDA
33689,FLORIDA
33694,FLORIDA
33701,FLORIDA
33702,FLORIDA
33703,FLORIDA
33704,FLORIDA
33705,FLORIDA
33706,FLORIDA
33707,FLORIDA
33708,FLORIDA
33709,FLORIDA
33710,FLORIDA
33711,FLORIDA
33712,FLORIDA
33713,FLORIDA
33714,FLORIDA
33715,FLORIDA
33716,FLORIDA
33729,FLORIDA
33730,FLORIDA
33731,FLORIDA
33732,FLORIDA
33733,FLORIDA
33734,FLORIDA
33736,FLORIDA
33738,FLORIDA
33740,FLORIDA
33741,FLORIDA
33742,FLORIDA
33743,FLORIDA
33744,FLORIDA
33747,FLORIDA
33755,FLORIDA
33756,FLORIDA
33757,FLORIDA
33758,FLORIDA
33759,FLORIDA
33760,FLORIDA
33761,FLORIDA
33762,FLORIDA
33763,FLORIDA
33764,FLORIDA
33765,FLORIDA
33766,FLORIDA
33767,FLORIDA
33769,FLORIDA
33770,FLORIDA
33771,FLORIDA
33772,FLORIDA
33773,FLORIDA
33774,FLORIDA
33775,FLORIDA
33776,FLORIDA
33777,FLORIDA
33778,FLORIDA
33779,FLORIDA
33780,FLORIDA
33781,FLORIDA
33782,FLORIDA
33784,FLORIDA
33785,FLORIDA
33786,FLORIDA
33801,FLORIDA
33802,FLORIDA
33803,FLORIDA
33804,FLORIDA
33805,FLORIDA
33806,FLORIDA
33807,FLORIDA
33809,FLORIDA
33810,FLORIDA
33811,FLORIDA
33812,FLORIDA
33813,FLORIDA
33815,FLORIDA
33820,FLORIDA
33823,FLORIDA
33825,FLORIDA
33826,FLORIDA
33827,FLORIDA
33830,FLORIDA
33831,FLORIDA
33834,FLORIDA
33835,FLORIDA
33836,FLORIDA
33837,FLORIDA
33838,FLORIDA
33839,FLORIDA
33840,FLORIDA
33841,FLORIDA
33843,FLORIDA
33844,FLORIDA
33845,FLORIDA
33846,FLORIDA
33847,FLORIDA
33848,FLORIDA
33849,FLORIDA
33850,FLORIDA
33851,FLORIDA
33852,FLORIDA
33853,FLORIDA
33854,FLORIDA
33855,FLORIDA
33856,FLORIDA
33857,FLORIDA
33858,FLORIDA
33859,FLORIDA
33860,FLORIDA
33862,FLORIDA
33863,FLORIDA
33865,FLORIDA
33867,FLORIDA
33868,FLORIDA
33870,FLORIDA
33871,FLORIDA
33872,FLORIDA
33873,FLORIDA
33875,FLORIDA
33876,FLORIDA
33877,FLORIDA
33880,FLORIDA
33881,FLORIDA
33882,FLORIDA
33883,FLORIDA
33884,FLORIDA
33885,FLORIDA
33888,FLORIDA
33890,FLORIDA
33896,FLORIDA
33897,FLORIDA
33898,FLORIDA
33901,FLORIDA
33902,FLORIDA
33903,FLORIDA
33904,FLORIDA
33905,FLORIDA
33906,FLORIDA
33907,FLORIDA
33908,FLORIDA
33909,FLORIDA
33910,FLORIDA
33912,FLORIDA
33913,FLORIDA
33914,FLORIDA
33915,FLORIDA
33916,FLORIDA
33917,FLORIDA
33918,FLORIDA
33919,FLORIDA
33920,FLORIDA
33921,FLORIDA
33922,FLORIDA
33924,FLORIDA
33927,FLORIDA
33928,FLORIDA
33929,FLORIDA
33930,FLORIDA
33931,FLORIDA
33932,FLORIDA
33935,FLORIDA
33936,FLORIDA
33938,FLORIDA
33944,FLORIDA
33945,FLORIDA
33946,FLORIDA
33947,FLORIDA
33948,FLORIDA
33949,FLORIDA
33950,FLORIDA
33951,FLORIDA
33952,FLORIDA
33953,FLORIDA
33954,FLORIDA
33955,FLORIDA
33956,FLORIDA
33957,FLORIDA
33960,FLORIDA
33965,FLORIDA
33966,FLORIDA
33967,FLORIDA
33970,FLORIDA
33971,FLORIDA
33972,FLORIDA
33973,FLORIDA
33974,FLORIDA
33975,FLORIDA
33976,FLORIDA
33980,FLORIDA
33981,FLORIDA
33982,FLORIDA
33983,FLORIDA
33990,FLORIDA
33991,FLORIDA
33993,FLORIDA
33994,FLORIDA
34000,MILITARY POSTAL SERV
34001,MILITARY POSTAL SERV
34002,MILITARY POSTAL SERV
34004,MILITARY POSTAL SERV
34007,MILITARY POSTAL SERV
34008,MILITARY POSTAL SERV
34009,MILITARY POSTAL SERV
34010,MILITARY POSTAL SERV
34011,MILITARY POSTAL SERV
34013,MILITARY POSTAL SERV
34020,MILITARY POSTAL SERV
34021,MILITARY POSTAL SERV
34022,MILITARY POSTAL SERV
34023,MILITARY POSTAL SERV
34024,MILITARY POSTAL SERV
34025,MILITARY POSTAL SERV
34030,MILITARY POSTAL SERV
34031,MILITARY POSTAL SERV
34032,MILITARY POSTAL SERV
34033,MILITARY POSTAL SERV
34034,MILITARY POSTAL SERV
34035,MILITARY POSTAL SERV
34036,MILITARY POSTAL SERV
34037,MILITARY POSTAL SERV
34038,MILITARY POSTAL SERV
34039,MILITARY POSTAL SERV
34041,MILITARY POSTAL SERV
34042,MILITARY POSTAL SERV
34050,MILITARY POSTAL SERV
34055,MILITARY POSTAL SERV
34058,MILITARY POSTAL SERV
34060,MILITARY POSTAL SERV
34061,MILITARY POSTAL SERV
34066,MILITARY POSTAL SERV
34067,MILITARY POSTAL SERV
34068,MILITARY POSTAL SERV
34069,MILITARY POSTAL SERV
34070,MILITARY POSTAL SERV
34071,MILITARY POSTAL SERV
34072,MILITARY POSTAL SERV
34073,MILITARY POSTAL SERV
34078,MILITARY POSTAL SERV
34080,MILITARY POSTAL SERV
34081,MILITARY POSTAL SERV
34082,MILITARY POSTAL SERV
34083,MILITARY POSTAL SERV
34084,MILITARY POSTAL SERV
34085,MILITARY POSTAL SERV
34086,MILITARY POSTAL SERV
34087,MILITARY POSTAL SERV
34088,MILITARY POSTAL SERV
34089,MILITARY POSTAL SERV
34090,MILITARY POSTAL SERV
34091,MILITARY POSTAL SERV
34092,MILITARY POSTAL SERV
34093,MILITARY POSTAL SERV
34094,MILITARY POSTAL SERV
34095,MILITARY POSTAL SERV
34101,FLORIDA
34102,FLORIDA
34103,FLORIDA
34104,FLORIDA
34105,FLORIDA
34106,FLORIDA
34107,FLORIDA
34108,FLORIDA
34109,FLORIDA
34110,FLORIDA
34112,FLORIDA
34113,FLORIDA
34114,FLORIDA
34116,FLORIDA
34117,FLORIDA
34119,FLORIDA
34120,FLORIDA
34133,FLORIDA
34134,FLORIDA
34135,FLORIDA
34136,FLORIDA
34137,FLORIDA
34138,FLORIDA
34139,FLORIDA
34140,FLORIDA
34141,FLORIDA
34142,FLORIDA
34143,FLORIDA
34145,FLORIDA
34146,FLORIDA
34201,FLORIDA
34202,FLORIDA
34203,FLORIDA
34204,FLORIDA
34205,FLORIDA
34206,FLORIDA
34207,FLORIDA
34208,FLORIDA
34209,FLORIDA
34210,FLORIDA
34211,FLORIDA
34212,FLORIDA
34215,FLORIDA
34216,FLORIDA
34217,FLORIDA
34218,FLORIDA
34219,FLORIDA
34220,FLORIDA
34221,FLORIDA
34222,FLORIDA
34223,FLORIDA
34224,FLORIDA
34228,FLORIDA
34229,FLORIDA
34230,FLORIDA
34231,FLORIDA
34232,FLORIDA
34233,FLORIDA
34234,FLORIDA
34235,FLORIDA
34236,FLORIDA
34237,FLORIDA
34238,FLORIDA
34239,FLORIDA
34240,FLORIDA
34241,FLORIDA
34242,FLORIDA
34243,FLORIDA
34249,FLORIDA
34250,FLORIDA
34251,FLORIDA
34260,FLORIDA
34264,FLORIDA
34265,FLORIDA
34266,FLORIDA
34267,FLORIDA
34268,FLORIDA
34269,FLORIDA
34270,FLORIDA
34272,FLORIDA
34274,FLORIDA
34275,FLORIDA
34276,FLORIDA
34277,FLORIDA
34280,FLORIDA
34281,FLORIDA
34282,FLORIDA
34284,FLORIDA
34285,FLORIDA
34286,FLORIDA
34287,FLORIDA
34288,FLORIDA
34289,FLORIDA
34290,FLORIDA
34291,FLORIDA
34292,FLORIDA
34293,FLORIDA
34295,FLORIDA
34420,FLORIDA
34421,FLORIDA
34423,FLORIDA
34428,FLORIDA
34429,FLORIDA
34430,FLORIDA
34431,FLORIDA
34432,FLORIDA
34433,FLORIDA
34434,FLORIDA
34436,FLORIDA
34441,FLORIDA
34442,FLORIDA
34445,FLORIDA
34446,FLORIDA
34447,FLORIDA
34448,FLORIDA
34449,FLORIDA
34450,FLORIDA
34451,FLORIDA
34452,FLORIDA
34453,FLORIDA
34460,FLORIDA
34461,FLORIDA
34464,FLORIDA
34465,FLORIDA
34470,FLORIDA
34471,FLORIDA
34472,FLORIDA
34473,FLORIDA
34474,FLORIDA
34475,FLORIDA
34476,FLORIDA
34477,FLORIDA
34478,FLORIDA
34479,FLORIDA
34480,FLORIDA
34481,FLORIDA
34482,FLORIDA
34483,FLORIDA
34484,FLORIDA
34487,FLORIDA
34488,FLORIDA
34489,FLORIDA
34491,FLORIDA
34492,FLORIDA
34498,FLORIDA
34601,FLORIDA
34602,FLORIDA
34603,FLORIDA
34604,FLORIDA
34605,FLORIDA
34606,FLORIDA
34607,FLORIDA
34608,FLORIDA
34609,FLORIDA
34610,FLORIDA
34611,FLORIDA
34613,FLORIDA
34614,FLORIDA
34636,FLORIDA
34637,FLORIDA
34638,FLORIDA
34639,FLORIDA
34652,FLORIDA
34653,FLORIDA
34654,FLORIDA
34655,FLORIDA
34656,FLORIDA
34660,FLORIDA
34661,FLORIDA
34667,FLORIDA
34668,FLORIDA
34669,FLORIDA
34673,FLORIDA
34674,FLORIDA
34677,FLORIDA
34679,FLORIDA
34680,FLORIDA
34681,FLORIDA
34682,FLORIDA
34683,FLORIDA
34684,FLORIDA
34685,FLORIDA
34688,FLORIDA
34689,FLORIDA
34690,FLORIDA
34691,FLORIDA
34692,FLORIDA
34695,FLORIDA
34697,FLORIDA
34698,FLORIDA
34705,FLORIDA
34711,FLORIDA
34712,FLORIDA
34713,FLORIDA
34714,FLORIDA
34715,FLORIDA
34729,FLORIDA
34731,FLORIDA
34734,FLORIDA
34736,FLORIDA
34737,FLORIDA
34739,FLORIDA
34740,FLORIDA
34741,FLORIDA
34742,FLORIDA
34743,FLORIDA
34744,FLORIDA
34745,FLORIDA
34746,FLORIDA
34747,FLORIDA
34748,FLORIDA
34749,FLORIDA
34753,FLORIDA
34755,FLORIDA
34756,FLORIDA
34758,FLORIDA
34759,FLORIDA
34760,FLORIDA
34761,FLORIDA
34762,FLORIDA
34769,FLORIDA
34770,FLORIDA
34771,FLORIDA
34772,FLORIDA
34773,FLORIDA
34777,FLORIDA
34778,FLORIDA
34785,FLORIDA
34786,FLORIDA
34787,FLORIDA
34788,FLORIDA
34789,FLORIDA
34797,FLORIDA
34945,FLORIDA
34946,FLORIDA
34947,FLORIDA
34948,FLORIDA
34949,FLORIDA
34950,FLORIDA
34951,FLORIDA
34952,FLORIDA
34953,FLORIDA
34954,FLORIDA
34956,FLORIDA
34957,FLORIDA
34958,FLORIDA
34972,FLORIDA
34973,FLORIDA
34974,FLORIDA
34979,FLORIDA
34981,FLORIDA
34982,FLORIDA
34983,FLORIDA
34984,FLORIDA
34985,FLORIDA
34986,FLORIDA
34987,FLORIDA
34988,FLORIDA
34990,FLORIDA
34991,FLORIDA
34992,FLORIDA
34994,FLORIDA
34995,FLORIDA
34996,FLORIDA
34997,FLORIDA
35004,AL-MS
35005,AL-MS
35006,AL-MS
35007,AL-MS
35010,AL-MS
35011,AL-MS
35013,AL-MS
35014,AL-MS
35015,AL-MS
35016,AL-MS
35019,AL-MS
35020,AL-MS
35021,AL-MS
35022,AL-MS
35023,AL-MS
35031,AL-MS
35032,AL-MS
35033,AL-MS
35034,AL-MS
35035,AL-MS
35036,AL-MS
35038,AL-MS
35040,AL-MS
35042,AL-MS
35043,AL-MS
35044,AL-MS
35045,AL-MS
35046,AL-MS
35048,AL-MS
35049,AL-MS
35051,AL-MS
35052,AL-MS
35053,AL-MS
35054,AL-MS
35055,AL-MS
35056,AL-MS
35057,AL-MS
35058,AL-MS
35060,AL-MS
35061,AL-MS
35062,AL-MS
35063,AL-MS
35064,AL-MS
35068,AL-MS
35070,AL-MS
35071,AL-MS
35072,AL-MS
35073,AL-MS
35074,AL-MS
35077,AL-MS
35078,AL-MS
35079,AL-MS
35080,AL-MS
35082,AL-MS
35083,AL-MS
35085,AL-MS
35087,AL-MS
35089,AL-MS
35091,AL-MS
35094,AL-MS
35096,AL-MS
35097,AL-MS
35098,AL-MS
35111,AL-MS
35112,AL-MS
35114,AL-MS
35115,AL-MS
35116,AL-MS
35117,AL-MS
35118,AL-MS
35119,AL-MS
35120,AL-MS
35121,AL-MS
35123,AL-MS
35124,AL-MS
35125,AL-MS
35126,AL-MS
35127,AL-MS
35128,AL-MS
35130,AL-MS
35131,AL-MS
35133,AL-MS
35135,AL-MS
35136,AL-MS
35137,AL-MS
35139,AL-MS
35142,AL-MS
35143,AL-MS
35146,AL-MS
35147,AL-MS
35148,AL-MS
35149,AL-MS
35150,AL-MS
35151,AL-MS
35160,AL-MS
35161,AL-MS
35171,AL-MS
35172,AL-MS
35173,AL-MS
35175,AL-MS
35176,AL-MS
35178,AL-MS
35179,AL-MS
35180,AL-MS
35181,AL-MS
35182,AL-MS
35183,AL-MS
35184,AL-MS
35185,AL-MS
35186,AL-MS
35187,AL-MS
35188,AL-MS
35201,AL-MS
35202,AL-MS
35203,AL-MS
35204,AL-MS
35205,AL-MS
35206,AL-MS
35207,AL-MS
35208,AL-MS
35209,AL-MS
35210,AL-MS
35211,AL-MS
35212,AL-MS
35213,AL-MS
35214,AL-MS
35215,AL-MS
35216,AL-MS
35217,AL-MS
35218,AL-MS
35219,AL-MS
35220,AL-MS
35221,AL-MS
35222,AL-MS
35223,AL-MS
35224,AL-MS
35226,AL-MS
35228,AL-MS
35229,AL-MS
35231,AL-MS
35232,AL-MS
35233,AL-MS
35234,AL-MS
35235,AL-MS
35236,AL-MS
35238,AL-MS
35242,AL-MS
35243,AL-MS
35244,AL-MS
35246,AL-MS
35249,AL-MS
35253,AL-MS
35254,AL-MS
35255,AL-MS
35259,AL-MS
35260,AL-MS
35261,AL-MS
35266,AL-MS
35270,AL-MS
35282,AL-MS
35283,AL-MS
35285,AL-MS
35287,AL-MS
35288,AL-MS
35290,AL-MS
35291,AL-MS
35292,AL-MS
35293,AL-MS
35294,AL-MS
35295,AL-MS
35296,AL-MS
35297,AL-MS
35298,AL-MS
35401,AL-MS
35402,AL-MS
35403,AL-MS
35404,AL-MS
35405,AL-MS
35406,AL-MS
35407,AL-MS
35440,AL-MS
35441,AL-MS
35442,AL-MS
35443,AL-MS
35444,AL-MS
35446,AL-MS
35447,AL-MS
35448,AL-MS
35449,AL-MS
35452,AL-MS
35453,AL-MS
35456,AL-MS
35457,AL-MS
35458,AL-MS
35459,AL-MS
35460,AL-MS
35461,AL-MS
35462,AL-MS
35463,AL-MS
35464,AL-MS
35466,AL-MS
35469,AL-MS
35470,AL-MS
35471,AL-MS
35473,AL-MS
35474,AL-MS
35475,AL-MS
35476,AL-MS
35477,AL-MS
35478,AL-MS
35480,AL-MS
35481,AL-MS
35482,AL-MS
35486,AL-MS
35487,AL-MS
35490,AL-MS
35491,AL-MS
35501,AL-MS
35502,AL-MS
35503,AL-MS
35504,AL-MS
35540,AL-MS
35541,AL-MS
35542,AL-MS
35543,AL-MS
35544,AL-MS
35545,AL-MS
35546,AL-MS
35548,AL-MS
35549,AL-MS
35550,AL-MS
35551,AL-MS
35552,AL-MS
35553,AL-MS
35554,AL-MS
35555,AL-MS
35559,AL-MS
35560,AL-MS
35563,AL-MS
35564,AL-MS
35565,AL-MS
35570,AL-MS
35571,AL-MS
35572,AL-MS
35573,AL-MS
35574,AL-MS
35575,AL-MS
35576,AL-MS
35577,AL-MS
35578,AL-MS
35579,AL-MS
35580,AL-MS
35581,AL-MS
35582,AL-MS
35584,AL-MS
35585,AL-MS
35586,AL-MS
35587,AL-MS
35592,AL-MS
35593,AL-MS
35594,AL-MS
35601,AL-MS
35602,AL-MS
35603,AL-MS
35609,AL-MS
35610,AL-MS
35611,AL-MS
35612,AL-MS
35613,AL-MS
35614,AL-MS
35615,AL-MS
35616,AL-MS
35617,AL-MS
35618,AL-MS
35619,AL-MS
35620,AL-MS
35621,AL-MS
35622,AL-MS
35630,AL-MS
35631,AL-MS
35632,AL-MS
35633,AL-MS
35634,AL-MS
35640,AL-MS
35643,AL-MS
35645,AL-MS
35646,AL-MS
35647,AL-MS
35648,AL-MS
35649,AL-MS
35650,AL-MS
35651,AL-MS
35652,AL-MS
35653,AL-MS
35654,AL-MS
35660,AL-MS
35661,AL-MS
35662,AL-MS
35670,AL-MS
35671,AL-MS
35672,AL-MS
35673,AL-MS
35674,AL-MS
35677,AL-MS
35699,AL-MS
35739,AL-MS
35740,AL-MS
35741,AL-MS
35742,AL-MS
35744,AL-MS
35745,AL-MS
35746,AL-MS
35747,AL-MS
35748,AL-MS
35749,AL-MS
35750,AL-MS
35751,AL-MS
35752,AL-MS
35754,AL-MS
35755,AL-MS
35756,AL-MS
35757,AL-MS
35758,AL-MS
35759,AL-MS
35760,AL-MS
35761,AL-MS
35762,AL-MS
35763,AL-MS
35764,AL-MS
35765,AL-MS
35766,AL-MS
35767,AL-MS
35768,AL-MS
35769,AL-MS
35771,AL-MS
35772,AL-MS
35773,AL-MS
35774,AL-MS
35775,AL-MS
35776,AL-MS
35801,AL-MS
35802,AL-MS
35803,AL-MS
35804,AL-MS
35805,AL-MS
35806,AL-MS
35807,AL-MS
35808,AL-MS
35809,AL-MS
35810,AL-MS
35811,AL-MS
35812,AL-MS
35813,AL-MS
35814,AL-MS
35815,AL-MS
35816,AL-MS
35824,AL-MS
35893,AL-MS
35894,AL-MS
35895,AL-MS
35896,AL-MS
35897,AL-MS
35898,AL-MS
35899,AL-MS
35901,AL-MS
35902,AL-MS
35903,AL-MS
35904,AL-MS
35905,AL-MS
35906,AL-MS
35907,AL-MS
35950,AL-MS
35951,AL-MS
35952,AL-MS
35953,AL-MS
35954,AL-MS
35956,AL-MS
35957,AL-MS
35958,AL-MS
35959,AL-MS
35960,AL-MS
35961,AL-MS
35962,AL-MS
35963,AL-MS
35964,AL-MS
35966,AL-MS
35967,AL-MS
35968,AL-MS
35971,AL-MS
35972,AL-MS
35973,AL-MS
35974,AL-MS
35975,AL-MS
35976,AL-MS
35978,AL-MS
35979,AL-MS
35980,AL-MS
35981,AL-MS
35983,AL-MS
35984,AL-MS
35986,AL-MS
35987,AL-MS
35988,AL-MS
35989,AL-MS
35990,AL-MS
36003,AL-MS
36005,AL-MS
36006,AL-MS
36008,AL-MS
36009,AL-MS
36010,AL-MS
36013,AL-MS
36015,AL-MS
36016,AL-MS
36017,AL-MS
36020,AL-MS
36022,AL-MS
36024,AL-MS
36025,AL-MS
36026,AL-MS
36027,AL-MS
36028,AL-MS
36029,AL-MS
36030,AL-MS
36031,AL-MS
36032,AL-MS
36033,AL-MS
36034,AL-MS
36035,AL-MS
36036,AL-MS
36037,AL-MS
36038,AL-MS
36039,AL-MS
36040,AL-MS
36041,AL-MS
36042,AL-MS
36043,AL-MS
36046,AL-MS
36047,AL-MS
36048,AL-MS
36049,AL-MS
36051,AL-MS
36052,AL-MS
36053,AL-MS
36054,AL-MS
36057,AL-MS
36062,AL-MS
36064,AL-MS
36065,AL-MS
36066,AL-MS
36067,AL-MS
36068,AL-MS
36069,AL-MS
36071,AL-MS
36072,AL-MS
36075,AL-MS
36078,AL-MS
36079,AL-MS
36080,AL-MS
36081,AL-MS
36082,AL-MS
36083,AL-MS
36087,AL-MS
36088,AL-MS
36089,AL-MS
36091,AL-MS
36092,AL-MS
36093,AL-MS
36101,AL-MS
36102,AL-MS
36103,AL-MS
36104,AL-MS
36105,AL-MS
36106,AL-MS
36107,AL-MS
36108,AL-MS
36109,AL-MS
36110,AL-MS
36111,AL-MS
36112,AL-MS
36113,AL-MS
36114,AL-MS
36115,AL-MS
36116,AL-MS
36117,AL-MS
36118,AL-MS
36119,AL-MS
36120,AL-MS
36121,AL-MS
36123,AL-MS
36124,AL-MS
36125,AL-MS
36130,AL-MS
36131,AL-MS
36132,AL-MS
36135,AL-MS
36140,AL-MS
36141,AL-MS
36142,AL-MS
36177,AL-MS
36191,AL-MS
36201,AL-MS
36202,AL-MS
36203,AL-MS
36204,AL-MS
36205,AL-MS
36206,AL-MS
36207,AL-MS
36250,AL-MS
36251,AL-MS
36253,AL-MS
36254,AL-MS
36255,AL-MS
36256,AL-MS
36257,AL-MS
36258,AL-MS
36260,AL-MS
36261,AL-MS
36262,AL-MS
36263,AL-MS
36264,AL-MS
36265,AL-MS
36266,AL-MS
36267,AL-MS
36268,AL-MS
36269,AL-MS
36271,AL-MS
36272,AL-MS
36273,AL-MS
36274,AL-MS
36275,AL-MS
36276,AL-MS
36277,AL-MS
36278,AL-MS
36279,AL-MS
36280,AL-MS
36301,AL-MS
36302,AL-MS
36303,AL-MS
36304,AL-MS
36305,AL-MS
36310,AL-MS
36311,AL-MS
36312,AL-MS
36313,AL-MS
36314,AL-MS
36316,AL-MS
36317,AL-MS
36318,AL-MS
36319,AL-MS
36320,AL-MS
36321,AL-MS
36322,AL-MS
36323,AL-MS
36330,AL-MS
36331,AL-MS
36340,AL-MS
36343,AL-MS
36344,AL-MS
36345,AL-MS
36346,AL-MS
36349,AL-MS
36350,AL-MS
36351,AL-MS
36352,AL-MS
36353,AL-MS
36360,AL-MS
36361,AL-MS
36362,AL-MS
36370,AL-MS
36371,AL-MS
36373,AL-MS
36374,AL-MS
36375,AL-MS
36376,AL-MS
36401,AL-MS
36420,AL-MS
36421,AL-MS
36425,AL-MS
36426,AL-MS
36427,AL-MS
36429,AL-MS
36432,AL-MS
36435,AL-MS
36436,AL-MS
36439,AL-MS
36441,AL-MS
36442,AL-MS
36444,AL-MS
36445,AL-MS
36446,AL-MS
36451,AL-MS
36453,AL-MS
36454,AL-MS
36455,AL-MS
36456,AL-MS
36458,AL-MS
36460,AL-MS
36461,AL-MS
36467,AL-MS
36470,AL-MS
36471,AL-MS
36473,AL-MS
36474,AL-MS
36475,AL-MS
36476,AL-MS
36477,AL-MS
36480,AL-MS
36481,AL-MS
36482,AL-MS
36483,AL-MS
36502,AL-MS
36503,AL-MS
36504,AL-MS
36505,AL-MS
36507,AL-MS
36509,AL-MS
36511,AL-MS
36512,AL-MS
36513,AL-MS
36518,AL-MS
36521,AL-MS
36522,AL-MS
36523,AL-MS
36524,AL-MS
36525,AL-MS
36526,AL-MS
36527,AL-MS
36528,AL-MS
36529,AL-MS
36530,AL-MS
36532,AL-MS
36533,AL-MS
36535,AL-MS
36536,AL-MS
36538,AL-MS
36539,AL-MS
36540,AL-MS
36541,AL-MS
36542,AL-MS
36543,AL-MS
36544,AL-MS
36545,AL-MS
36547,AL-MS
36548,AL-MS
36549,AL-MS
36550,AL-MS
36551,AL-MS
36553,AL-MS
36555,AL-MS
36556,AL-MS
36558,AL-MS
36559,AL-MS
36560,AL-MS
36561,AL-MS
36562,AL-MS
36564,AL-MS
36567,AL-MS
36568,AL-MS
36569,AL-MS
36571,AL-MS
36572,AL-MS
36574,AL-MS
36575,AL-MS
36576,AL-MS
36577,AL-MS
36578,AL-MS
36579,AL-MS
36580,AL-MS
36581,AL-MS
36582,AL-MS
36583,AL-MS
36584,AL-MS
36585,AL-MS
36587,AL-MS
36590,AL-MS
36601,AL-MS
36602,AL-MS
36603,AL-MS
36604,AL-MS
36605,AL-MS
36606,AL-MS
36607,AL-MS
36608,AL-MS
36609,AL-MS
36610,AL-MS
36611,AL-MS
36612,AL-MS
36613,AL-MS
36615,AL-MS
36616,AL-MS
36617,AL-MS
36618,AL-MS
36619,AL-MS
36628,AL-MS
36633,AL-MS
36640,AL-MS
36644,AL-MS
36652,AL-MS
36660,AL-MS
36663,AL-MS
36670,AL-MS
36671,AL-MS
36675,AL-MS
36685,AL-MS
36688,AL-MS
36689,AL-MS
36691,AL-MS
36693,AL-MS
36695,AL-MS
36701,AL-MS
36702,AL-MS
36703,AL-MS
36720,AL-MS
36722,AL-MS
36723,AL-MS
36726,AL-MS
36727,AL-MS
36728,AL-MS
36732,AL-MS
36736,AL-MS
36738,AL-MS
36740,AL-MS
36741,AL-MS
36742,AL-MS
36744,AL-MS
36745,AL-MS
36748,AL-MS
36749,AL-MS
36750,AL-MS
36751,AL-MS
36752,AL-MS
36753,AL-MS
36754,AL-MS
36756,AL-MS
36758,AL-MS
36759,AL-MS
36761,AL-MS
36763,AL-MS
36764,AL-MS
36765,AL-MS
36766,AL-MS
36767,AL-MS
36768,AL-MS
36769,AL-MS
36773,AL-MS
36775,AL-MS
36776,AL-MS
36782,AL-MS
36783,AL-MS
36784,AL-MS
36785,AL-MS
36786,AL-MS
36790,AL-MS
36792,AL-MS
36793,AL-MS
36801,AL-MS
36803,AL-MS
36804,AL-MS
36830,AL-MS
36831,AL-MS
36832,AL-MS
36849,AL-MS
36850,AL-MS
36851,AL-MS
36852,AL-MS
36853,AL-MS
36854,AL-MS
36855,AL-MS
36856,AL-MS
36858,AL-MS
36860,AL-MS
36861,AL-MS
36862,AL-MS
36863,AL-MS
36865,AL-MS
36866,AL-MS
36867,AL-MS
36868,AL-MS
36869,AL-MS
36870,AL-MS
36871,AL-MS
36874,AL-MS
36875,AL-MS
36877,AL-MS
36879,AL-MS
36901,AL-MS
36904,AL-MS
36907,AL-MS
36908,AL-MS
36910,AL-MS
36912,AL-MS
36913,AL-MS
36915,AL-MS
36916,AL-MS
36919,AL-MS
36921,AL-MS
36922,AL-MS
36925,AL-MS
37010,TENNESSEE
37011,TENNESSEE
37012,TENNESSEE
37013,TENNESSEE
37014,TENNESSEE
37015,TENNESSEE
37016,TENNESSEE
37018,TENNESSEE
37019,TENNESSEE
37020,TENNESSEE
37022,TENNESSEE
37023,TENNESSEE
37024,TENNESSEE
37025,TENNESSEE
37026,TENNESSEE
37027,TENNESSEE
37028,TENNESSEE
37029,TENNESSEE
37030,TENNESSEE
37031,TENNESSEE
37032,TENNESSEE
37033,TENNESSEE
37034,TENNESSEE
37035,TENNESSEE
37036,TENNESSEE
37037,TENNESSEE
37040,TENNESSEE
37041,TENNESSEE
37042,TENNESSEE
37043,TENNESSEE
37044,TENNESSEE
37046,TENNESSEE
37047,TENNESSEE
37048,TENNESSEE
37049,TENNESSEE
37050,TENNESSEE
37051,TENNESSEE
37052,TENNESSEE
37055,TENNESSEE
37056,TENNESSEE
37057,TENNESSEE
37058,TENNESSEE
37059,TENNESSEE
37060,TENNESSEE
37061,TENNESSEE
37062,TENNESSEE
37063,TENNESSEE
37064,TENNESSEE
37065,TENNESSEE
37066,TENNESSEE
37067,TENNESSEE
37068,TENNESSEE
37069,TENNESSEE
37070,TENNESSEE
37071,TENNESSEE
37072,TENNESSEE
37073,TENNESSEE
37074,TENNESSEE
37075,TENNESSEE
37076,TENNESSEE
37077,TENNESSEE
37078,TENNESSEE
37079,TENNESSEE
37080,TENNESSEE
37082,TENNESSEE
37083,TENNESSEE
37085,TENNESSEE
37086,TENNESSEE
37087,TENNESSEE
37088,TENNESSEE
37089,TENNESSEE
37090,TENNESSEE
37091,TENNESSEE
37095,TENNESSEE
37096,TENNESSEE
37097,TENNESSEE
37098,TENNESSEE
37101,TENNESSEE
37110,TENNESSEE
37111,TENNESSEE
37115,TENNESSEE
37116,TENNESSEE
37118,TENNESSEE
37119,TENNESSEE
37121,TENNESSEE
37122,TENNESSEE
37127,TENNESSEE
37128,TENNESSEE
37129,TENNESSEE
37130,TENNESSEE
37131,TENNESSEE
37132,TENNESSEE
37133,TENNESSEE
37134,TENNESSEE
37135,TENNESSEE
37136,TENNESSEE
37137,TENNESSEE
37138,TENNESSEE
37140,TENNESSEE
37141,TENNESSEE
37142,TENNESSEE
37143,TENNESSEE
37144,TENNESSEE
37145,TENNESSEE
37146,TENNESSEE
37148,TENNESSEE
37149,TENNESSEE
37150,TENNESSEE
37151,TENNESSEE
37152,TENNESSEE
37153,TENNESSEE
37160,TENNESSEE
37161,TENNESSEE
37162,TENNESSEE
37165,TENNESSEE
37166,TENNESSEE
37167,TENNESSEE
37171,TENNESSEE
37172,TENNESSEE
37174,TENNESSEE
37175,TENNESSEE
37178,TENNESSEE
37179,TENNESSEE
37180,TENNESSEE
37181,TENNESSEE
37183,TENNESSEE
37184,TENNESSEE
37185,TENNESSEE
37186,TENNESSEE
37187,TENNESSEE
37188,TENNESSEE
37189,TENNESSEE
37190,TENNESSEE
37191,TENNESSEE
37201,TENNESSEE
37202,TENNESSEE
37203,TENNESSEE
37204,TENNESSEE
37205,TENNESSEE
37206,TENNESSEE
37207,TENNESSEE
37208,TENNESSEE
37209,TENNESSEE
37210,TENNESSEE
37211,TENNESSEE
37212,TENNESSEE
37213,TENNESSEE
37214,TENNESSEE
37215,TENNESSEE
37216,TENNESSEE
37217,TENNESSEE
37218,TENNESSEE
37219,TENNESSEE
37220,TENNESSEE
37221,TENNESSEE
37222,TENNESSEE
37224,TENNESSEE
37227,TENNESSEE
37228,TENNESSEE
37229,TENNESSEE
37230,TENNESSEE
37232,TENNESSEE
37234,TENNESSEE
37235,TENNESSEE
37236,TENNESSEE
37238,TENNESSEE
37240,TENNESSEE
37241,TENNESSEE
37242,TENNESSEE
37243,TENNESSEE
37244,TENNESSEE
37246,TENNESSEE
37250,TENNESSEE
37301,TENNESSEE
37302,TENNESSEE
37303,TENNESSEE
37304,TENNESSEE
37305,TENNESSEE
37306,TENNESSEE
37307,TENNESSEE
37308,TENNESSEE
37309,TENNESSEE
37310,TENNESSEE
37311,TENNESSEE
37312,TENNESSEE
37313,TENNESSEE
37314,TENNESSEE
37315,TENNESSEE
37316,TENNESSEE
37317,TENNESSEE
37318,TENNESSEE
37320,TENNESSEE
37321,TENNESSEE
37322,TENNESSEE
37323,TENNESSEE
37324,TENNESSEE
37325,TENNESSEE
37326,TENNESSEE
37327,TENNESSEE
37328,TENNESSEE
37329,TENNESSEE
37330,TENNESSEE
37331,TENNESSEE
37332,TENNESSEE
37333,TENNESSEE
37334,TENNESSEE
37335,TENNESSEE
37336,TENNESSEE
37337,TENNESSEE
37338,TENNESSEE
37339,TENNESSEE
37340,TENNESSEE
37341,TENNESSEE
37342,TENNESSEE
37343,TENNESSEE
37345,TENNESSEE
37347,TENNESSEE
37348,TENNESSEE
37349,TENNESSEE
37350,TENNESSEE
37351,TENNESSEE
37352,TENNESSEE
37353,TENNESSEE
37354,TENNESSEE
37355,TENNESSEE
37356,TENNESSEE
37357,TENNESSEE
37359,TENNESSEE
37360,TENNESSEE
37361,TENNESSEE
37362,TENNESSEE
37363,TENNESSEE
37364,TENNESSEE
37365,TENNESSEE
37366,TENNESSEE
37367,TENNESSEE
37369,TENNESSEE
37370,TENNESSEE
37371,TENNESSEE
37373,TENNESSEE
37374,TENNESSEE
37375,TENNESSEE
37376,TENNESSEE
37377,TENNESSEE
37378,TENNESSEE
37379,TENNESSEE
37380,TENNESSEE
37381,TENNESSEE
37382,TENNESSEE
37383,TENNESSEE
37384,TENNESSEE
37385,TENNESSEE
37387,TENNESSEE
37388,TENNESSEE
37389,TENNESSEE
37391,TENNESSEE
37394,TENNESSEE
37396,TENNESSEE
37397,TENNESSEE
37398,TENNESSEE
37401,TENNESSEE
37402,TENNESSEE
37403,TENNESSEE
37404,TENNESSEE
37405,TENNESSEE
37406,TENNESSEE
37407,TENNESSEE
37408,TENNESSEE
37409,TENNESSEE
37410,TENNESSEE
37411,TENNESSEE
37412,TENNESSEE
37414,TENNESSEE
37415,TENNESSEE
37416,TENNESSEE
37419,TENNESSEE
37421,TENNESSEE
37422,TENNESSEE
37424,TENNESSEE
37450,TENNESSEE
37501,TENNESSEE
37544,TENNESSEE
37601,TENNESSEE
37602,TENNESSEE
37604,TENNESSEE
37605,TENNESSEE
37614,TENNESSEE
37615,TENNESSEE
37616,TENNESSEE
37617,TENNESSEE
37618,TENNESSEE
37620,VIRGINIA
37621,VIRGINIA
37625,VIRGINIA
37640,TENNESSEE
37641,TENNESSEE
37642,TENNESSEE
37643,TENNESSEE
37644,TENNESSEE
37645,TENNESSEE
37650,TENNESSEE
37656,TENNESSEE
37657,TENNESSEE
37658,TENNESSEE
37659,TENNESSEE
37660,TENNESSEE
37662,TENNESSEE
37663,TENNESSEE
37664,TENNESSEE
37665,TENNESSEE
37669,TENNESSEE
37680,TENNESSEE
37681,TENNESSEE
37682,TENNESSEE
37683,TENNESSEE
37684,TENNESSEE
37686,TENNESSEE
37687,TENNESSEE
37688,TENNESSEE
37690,TENNESSEE
37691,TENNESSEE
37692,TENNESSEE
37694,TENNESSEE
37699,TENNESSEE
37701,TENNESSEE
37705,TENNESSEE
37707,TENNESSEE
37708,TENNESSEE
37709,TENNESSEE
37710,TENNESSEE
37711,TENNESSEE
37713,TENNESSEE
37714,TENNESSEE
37715,TENNESSEE
37716,TENNESSEE
37717,TENNESSEE
37719,TENNESSEE
37721,TENNESSEE
37722,TENNESSEE
37723,TENNESSEE
37724,TENNESSEE
37725,TENNESSEE
37726,TENNESSEE
37727,TENNESSEE
37729,TENNESSEE
37730,TENNESSEE
37731,TENNESSEE
37732,TENNESSEE
37733,TENNESSEE
37737,TENNESSEE
37738,TENNESSEE
37742,TENNESSEE
37743,TENNESSEE
37744,TENNESSEE
37745,TENNESSEE
37748,TENNESSEE
37752,TENNESSEE
37753,TENNESSEE
37754,TENNESSEE
37755,TENNESSEE
37756,TENNESSEE
37757,TENNESSEE
37760,TENNESSEE
37762,TENNESSEE
37763,TENNESSEE
37764,TENNESSEE
37765,TENNESSEE
37766,TENNESSEE
37769,TENNESSEE
37770,TENNESSEE
37771,TENNESSEE
37772,TENNESSEE
37773,TENNESSEE
37774,TENNESSEE
37777,TENNESSEE
37778,TENNESSEE
37779,TENNESSEE
37801,TENNESSEE
37802,TENNESSEE
37803,TENNESSEE
37804,TENNESSEE
37806,TENNESSEE
37807,TENNESSEE
37809,TENNESSEE
37810,TENNESSEE
37811,TENNESSEE
37813,TENNESSEE
37814,TENNESSEE
37815,TENNESSEE
37816,TENNESSEE
37818,TENNESSEE
37819,TENNESSEE
37820,TENNESSEE
37821,TENNESSEE
37822,TENNESSEE
37824,TENNESSEE
37825,TENNESSEE
37826,TENNESSEE
37828,TENNESSEE
37829,TENNESSEE
37830,TENNESSEE
37831,TENNESSEE
37840,TENNESSEE
37841,TENNESSEE
37843,TENNESSEE
37845,TENNESSEE
37846,TENNESSEE
37847,TENNESSEE
37848,TENNESSEE
37849,TENNESSEE
37851,TENNESSEE
37852,TENNESSEE
37853,TENNESSEE
37854,TENNESSEE
37857,TENNESSEE
37860,TENNESSEE
37861,TENNESSEE
37862,TENNESSEE
37863,TENNESSEE
37864,TENNESSEE
37865,TENNESSEE
37866,TENNESSEE
37867,TENNESSEE
37868,TENNESSEE
37869,TENNESSEE
37870,TENNESSEE
37871,TENNESSEE
37872,TENNESSEE
37873,TENNESSEE
37874,TENNESSEE
37876,TENNESSEE
37877,TENNESSEE
37878,TENNESSEE
37879,TENNESSEE
37880,TENNESSEE
37881,TENNESSEE
37882,TENNESSEE
37885,TENNESSEE
37886,TENNESSEE
37887,TENNESSEE
37888,TENNESSEE
37890,TENNESSEE
37891,TENNESSEE
37892,TENNESSEE
37901,TENNESSEE
37902,TENNESSEE
37909,TENNESSEE
37912,TENNESSEE
37914,TENNESSEE
37915,TENNESSEE
37916,TENNESSEE
37917,TENNESSEE
37918,TENNESSEE
37919,TENNESSEE
37920,TENNESSEE
37921,TENNESSEE
37922,TENNESSEE
37923,TENNESSEE
37924,TENNESSEE
37927,TENNESSEE
37928,TENNESSEE
37929,TENNESSEE
37930,TENNESSEE
37931,TENNESSEE
37932,TENNESSEE
37933,TENNESSEE
37934,TENNESSEE
37938,TENNESSEE
37939,TENNESSEE
37940,TENNESSEE
37950,TENNESSEE
37995,TENNESSEE
37996,TENNESSEE
37997,TENNESSEE
37998,TENNESSEE
38001,TENNESSEE
38002,TENNESSEE
38004,TENNESSEE
38006,TENNESSEE
38007,TENNESSEE
38008,TENNESSEE
38010,TENNESSEE
38011,TENNESSEE
38012,TENNESSEE
38014,TENNESSEE
38015,TENNESSEE
38016,TENNESSEE
38017,TENNESSEE
38018,TENNESSEE
38019,TENNESSEE
38021,TENNESSEE
38023,TENNESSEE
38024,TENNESSEE
38025,TENNESSEE
38027,TENNESSEE
38028,TENNESSEE
38029,TENNESSEE
38030,TENNESSEE
38034,TENNESSEE
38036,TENNESSEE
38037,TENNESSEE
38039,TENNESSEE
38040,TENNESSEE
38041,TENNESSEE
38042,TENNESSEE
38044,TENNESSEE
38045,TENNESSEE
38046,TENNESSEE
38047,TENNESSEE
38048,TENNESSEE
38049,TENNESSEE
38050,TENNESSEE
38052,TENNESSEE
38053,TENNESSEE
38054,TENNESSEE
38055,TENNESSEE
38057,TENNESSEE
38058,TENNESSEE
38059,TENNESSEE
38060,TENNESSEE
38061,TENNESSEE
38063,TENNESSEE
38066,TENNESSEE
38067,TENNESSEE
38068,TENNESSEE
38069,TENNESSEE
38070,TENNESSEE
38071,TENNESSEE
38075,TENNESSEE
38076,TENNESSEE
38077,TENNESSEE
38079,TENNESSEE
38080,TENNESSEE
38083,TENNESSEE
38088,TENNESSEE
38101,TENNESSEE
38103,TENNESSEE
38104,TENNESSEE
38105,TENNESSEE
38106,TENNESSEE
38107,TENNESSEE
38108,TENNESSEE
38109,TENNESSEE
38111,TENNESSEE
38112,TENNESSEE
38113,TENNESSEE
38114,TENNESSEE
38115,TENNESSEE
38116,TENNESSEE
38117,TENNESSEE
38118,TENNESSEE
38119,TENNESSEE
38120,TENNESSEE
38122,TENNESSEE
38124,TENNESSEE
38125,TENNESSEE
38126,TENNESSEE
38127,TENNESSEE
38128,TENNESSEE
38130,TENNESSEE
38131,TENNESSEE
38132,TENNESSEE
38133,TENNESSEE
38134,TENNESSEE
38135,TENNESSEE
38136,TENNESSEE
38137,TENNESSEE
38138,TENNESSEE
38139,TENNESSEE
38141,TENNESSEE
38145,TENNESSEE
38148,TENNESSEE
38150,TENNESSEE
38151,TENNESSEE
38152,TENNESSEE
38157,TENNESSEE
38159,TENNESSEE
38161,TENNESSEE
38163,TENNESSEE
38166,TENNESSEE
38167,TENNESSEE
38168,TENNESSEE
38173,TENNESSEE
38174,TENNESSEE
38175,TENNESSEE
38177,TENNESSEE
38181,TENNESSEE
38182,TENNESSEE
38183,TENNESSEE
38184,TENNESSEE
38186,TENNESSEE
38187,TENNESSEE
38188,TENNESSEE
38190,TENNESSEE
38193,TENNESSEE
38194,TENNESSEE
38197,TENNESSEE
38201,TENNESSEE
38220,TENNESSEE
38221,TENNESSEE
38222,TENNESSEE
38223,TENNESSEE
38224,TENNESSEE
38225,TENNESSEE
38226,TENNESSEE
38229,TENNESSEE
38230,TENNESSEE
38231,TENNESSEE
38232,TENNESSEE
38233,TENNESSEE
38235,TENNESSEE
38236,TENNESSEE
38237,TENNESSEE
38238,TENNESSEE
38240,TENNESSEE
38241,TENNESSEE
38242,TENNESSEE
38251,TENNESSEE
38253,TENNESSEE
38254,TENNESSEE
38255,TENNESSEE
38256,TENNESSEE
38257,KY-WV
38258,TENNESSEE
38259,TENNESSEE
38260,TENNESSEE
38261,TENNESSEE
38271,TENNESSEE
38281,TENNESSEE
38301,TENNESSEE
38302,TENNESSEE
38303,TENNESSEE
38305,TENNESSEE
38308,TENNESSEE
38310,TENNESSEE
38311,TENNESSEE
38313,TENNESSEE
38314,TENNESSEE
38315,TENNESSEE
38316,TENNESSEE
38317,TENNESSEE
38318,TENNESSEE
38320,TENNESSEE
38321,TENNESSEE
38324,TENNESSEE
38326,TENNESSEE
38327,TENNESSEE
38328,TENNESSEE
38329,TENNESSEE
38330,TENNESSEE
38331,TENNESSEE
38332,TENNESSEE
38333,TENNESSEE
38334,TENNESSEE
38336,TENNESSEE
38337,TENNESSEE
38338,TENNESSEE
38339,TENNESSEE
38340,TENNESSEE
38341,TENNESSEE
38342,TENNESSEE
38343,TENNESSEE
38344,TENNESSEE
38345,TENNESSEE
38346,TENNESSEE
38347,TENNESSEE
38348,TENNESSEE
38351,TENNESSEE
38352,TENNESSEE
38355,TENNESSEE
38356,TENNESSEE
38357,TENNESSEE
38358,TENNESSEE
38359,TENNESSEE
38361,TENNESSEE
38362,TENNESSEE
38363,TENNESSEE
38365,TENNESSEE
38366,TENNESSEE
38367,TENNESSEE
38368,TENNESSEE
38369,TENNESSEE
38370,TENNESSEE
38371,TENNESSEE
38372,TENNESSEE
38374,TENNESSEE
38375,TENNESSEE
38376,TENNESSEE
38377,TENNESSEE
38378,TENNESSEE
38379,TENNESSEE
38380,TENNESSEE
38381,TENNESSEE
38382,TENNESSEE
38387,TENNESSEE
38388,TENNESSEE
38389,TENNESSEE
38390,TENNESSEE
38391,TENNESSEE
38392,TENNESSEE
38393,TENNESSEE
38401,TENNESSEE
38402,TENNESSEE
38425,TENNESSEE
38449,TENNESSEE
38450,TENNESSEE
38451,TENNESSEE
38452,TENNESSEE
38453,TENNESSEE
38454,TENNESSEE
38455,TENNESSEE
38456,TENNESSEE
38457,TENNESSEE
38459,TENNESSEE
38460,TENNESSEE
38461,TENNESSEE
38462,TENNESSEE
38463,TENNESSEE
38464,TENNESSEE
38468,TENNESSEE
38469,TENNESSEE
38471,TENNESSEE
38472,TENNESSEE
38473,TENNESSEE
38474,TENNESSEE
38475,TENNESSEE
38476,TENNESSEE
38477,TENNESSEE
38478,TENNESSEE
38481,TENNESSEE
38482,TENNESSEE
38483,TENNESSEE
38485,TENNESSEE
38486,TENNESSEE
38487,TENNESSEE
38488,TENNESSEE
38501,TENNESSEE
38502,TENNESSEE
38503,TENNESSEE
38504,TENNESSEE
38505,TENNESSEE
38506,TENNESSEE
38541,TENNESSEE
38542,TENNESSEE
38543,TENNESSEE
38544,TENNESSEE
38545,TENNESSEE
38547,TENNESSEE
38548,TENNESSEE
38549,TENNESSEE
38550,TENNESSEE
38551,TENNESSEE
38552,TENNESSEE
38553,TENNESSEE
38554,TENNESSEE
38555,TENNESSEE
38556,TENNESSEE
38557,TENNESSEE
38558,TENNESSEE
38559,TENNESSEE
38560,TENNESSEE
38562,TENNESSEE
38563,TENNESSEE
38564,TENNESSEE
38565,TENNESSEE
38567,TENNESSEE
38568,TENNESSEE
38569,TENNESSEE
38570,TENNESSEE
38571,TENNESSEE
38572,TENNESSEE
38573,TENNESSEE
38574,TENNESSEE
38575,TENNESSEE
38577,TENNESSEE
38578,TENNESSEE
38579,TENNESSEE
38580,TENNESSEE
38581,TENNESSEE
38582,TENNESSEE
38583,TENNESSEE
38585,TENNESSEE
38587,TENNESSEE
38588,TENNESSEE
38589,TENNESSEE
38601,AL-MS
38602,AL-MS
38603,AL-MS
38606,AL-MS
38610,AL-MS
38611,AL-MS
38614,AL-MS
38617,AL-MS
38618,AL-MS
38619,AL-MS
38620,AL-MS
38621,AL-MS
38622,AL-MS
38623,AL-MS
38625,AL-MS
38626,AL-MS
38627,AL-MS
38629,AL-MS
38631,AL-MS
38632,AL-MS
38633,AL-MS
38634,AL-MS
38635,AL-MS
38637,AL-MS
38638,AL-MS
38639,AL-MS
38641,AL-MS
38642,AL-MS
38643,AL-MS
38644,AL-MS
38645,AL-MS
38646,AL-MS
38647,AL-MS
38649,AL-MS
38650,AL-MS
38651,AL-MS
38652,AL-MS
38654,AL-MS
38655,AL-MS
38658,AL-MS
38659,AL-MS
38661,AL-MS
38663,AL-MS
38664,AL-MS
38665,AL-MS
38666,AL-MS
38668,AL-MS
38670,AL-MS
38671,AL-MS
38672,AL-MS
38673,AL-MS
38674,AL-MS
38676,AL-MS
38677,AL-MS
38679,AL-MS
38680,AL-MS
38683,AL-MS
38685,AL-MS
38686,AL-MS
38701,AL-MS
38702,AL-MS
38703,AL-MS
38704,AL-MS
38720,AL-MS
38721,AL-MS
38722,AL-MS
38723,AL-MS
38725,AL-MS
38726,AL-MS
38730,AL-MS
38731,AL-MS
38732,AL-MS
38733,AL-MS
38736,AL-MS
38737,AL-MS
38738,AL-MS
38739,AL-MS
38740,AL-MS
38744,AL-MS
38745,AL-MS
38746,AL-MS
38748,AL-MS
38751,AL-MS
38753,AL-MS
38754,AL-MS
38756,AL-MS
38759,AL-MS
38760,AL-MS
38761,AL-MS
38762,AL-MS
38764,AL-MS
38765,AL-MS
38767,AL-MS
38768,AL-MS
38769,AL-MS
38771,AL-MS
38772,AL-MS
38773,AL-MS
38774,AL-MS
38776,AL-MS
38778,AL-MS
38780,AL-MS
38781,AL-MS
38782,AL-MS
38801,AL-MS
38802,AL-MS
38803,AL-MS
38804,AL-MS
38820,AL-MS
38821,AL-MS
38824,AL-MS
38825,AL-MS
38826,AL-MS
38827,AL-MS
38828,AL-MS
38829,AL-MS
38833,AL-MS
38834,AL-MS
38835,AL-MS
38838,AL-MS
38839,AL-MS
38841,AL-MS
38843,AL-MS
38844,AL-MS
38846,AL-MS
38847,AL-MS
38848,AL-MS
38849,AL-MS
38850,AL-MS
38851,AL-MS
38852,AL-MS
38855,AL-MS
38856,AL-MS
38857,AL-MS
38858,AL-MS
38859,AL-MS
38860,AL-MS
38862,AL-MS
38863,AL-MS
38864,AL-MS
38865,AL-MS
38866,AL-MS
38868,AL-MS
38869,AL-MS
38870,AL-MS
38871,AL-MS
38873,AL-MS
38874,AL-MS
38875,AL-MS
38876,AL-MS
38877,AL-MS
38878,AL-MS
38879,AL-MS
38880,AL-MS
38901,AL-MS
38902,AL-MS
38913,AL-MS
38914,AL-MS
38915,AL-MS
38916,AL-MS
38917,AL-MS
38920,AL-MS
38921,AL-MS
38922,AL-MS
38923,AL-MS
38924,AL-MS
38925,AL-MS
38927,AL-MS
38928,AL-MS
38929,AL-MS
38930,AL-MS
38935,AL-MS
38940,AL-MS
38941,AL-MS
38943,AL-MS
38944,AL-MS
38946,AL-MS
38947,AL-MS
38948,AL-MS
38949,AL-MS
38950,AL-MS
38951,AL-MS
38952,AL-MS
38953,AL-MS
38954,AL-MS
38957,AL-MS
38959,AL-MS
38960,AL-MS
38961,AL-MS
38962,AL-MS
38963,AL-MS
38964,AL-MS
38965,AL-MS
38966,AL-MS
38967,AL-MS
39038,AL-MS
39039,AL-MS
39040,AL-MS
39041,AL-MS
39042,AL-MS
39043,AL-MS
39044,AL-MS
39045,AL-MS
39046,AL-MS
39047,AL-MS
39051,AL-MS
39054,AL-MS
39056,AL-MS
39057,AL-MS
39058,AL-MS
39059,AL-MS
39060,AL-MS
39061,AL-MS
39062,AL-MS
39063,AL-MS
39066,AL-MS
39067,AL-MS
39069,AL-MS
39071,AL-MS
39073,AL-MS
39074,AL-MS
39077,AL-MS
39078,AL-MS
39079,AL-MS
39080,AL-MS
39082,AL-MS
39083,AL-MS
39086,AL-MS
39087,AL-MS
39088,AL-MS
39090,AL-MS
39092,AL-MS
39094,AL-MS
39095,AL-MS
39096,AL-MS
39097,AL-MS
39098,AL-MS
39108,AL-MS
39109,AL-MS
39110,AL-MS
39111,AL-MS
39113,AL-MS
39114,AL-MS
39115,AL-MS
39116,AL-MS
39117,AL-MS
39119,AL-MS
39120,AL-MS
39121,AL-MS
39122,AL-MS
39130,AL-MS
39140,AL-MS
39144,AL-MS
39145,AL-MS
39146,AL-MS
39148,AL-MS
39149,AL-MS
39150,AL-MS
39151,AL-MS
39152,AL-MS
39153,AL-MS
39154,AL-MS
39156,AL-MS
39157,AL-MS
39158,AL-MS
39159,AL-MS
39160,AL-MS
39161,AL-MS
39162,AL-MS
39163,AL-MS
39165,AL-MS
39166,AL-MS
39167,AL-MS
39168,AL-MS
39169,AL-MS
39170,AL-MS
39171,AL-MS
39173,AL-MS
39174,AL-MS
39175,AL-MS
39176,AL-MS
39177,AL-MS
39179,AL-MS
39180,AL-MS
39181,AL-MS
39182,AL-MS
39183,AL-MS
39189,AL-MS
39190,AL-MS
39191,AL-MS
39192,AL-MS
39193,AL-MS
39194,AL-MS
39201,AL-MS
39202,AL-MS
39203,AL-MS
39204,AL-MS
39205,AL-MS
39206,AL-MS
39207,AL-MS
39208,AL-MS
39209,AL-MS
39210,AL-MS
39211,AL-MS
39212,AL-MS
39213,AL-MS
39215,AL-MS
39216,AL-MS
39217,AL-MS
39218,AL-MS
39225,AL-MS
39232,AL-MS
39236,AL-MS
39269,AL-MS
39272,AL-MS
39282,AL-MS
39283,AL-MS
39284,AL-MS
39286,AL-MS
39288,AL-MS
39289,AL-MS
39296,AL-MS
39298,AL-MS
39301,AL-MS
39302,AL-MS
39303,AL-MS
39304,AL-MS
39305,AL-MS
39307,AL-MS
39309,AL-MS
39320,AL-MS
39322,AL-MS
39323,AL-MS
39324,AL-MS
39325,AL-MS
39326,AL-MS
39327,AL-MS
39328,AL-MS
39330,AL-MS
39332,AL-MS
39335,AL-MS
39336,AL-MS
39337,AL-MS
39338,AL-MS
39339,AL-MS
39341,AL-MS
39342,AL-MS
39345,AL-MS
39346,AL-MS
39347,AL-MS
39348,AL-MS
39350,AL-MS
39352,AL-MS
39354,AL-MS
39355,AL-MS
39356,AL-MS
39358,AL-MS
39359,AL-MS
39360,AL-MS
39361,AL-MS
39362,AL-MS
39363,AL-MS
39364,AL-MS
39365,AL-MS
39366,AL-MS
39367,AL-MS
39401,AL-MS
39402,AL-MS
39403,AL-MS
39404,AL-MS
39406,AL-MS
39407,AL-MS
39421,AL-MS
39422,AL-MS
39423,AL-MS
39425,AL-MS
39426,AL-MS
39427,AL-MS
39428,AL-MS
39429,AL-MS
39436,AL-MS
39437,AL-MS
39439,AL-MS
39440,AL-MS
39441,AL-MS
39442,AL-MS
39443,AL-MS
39451,AL-MS
39452,AL-MS
39455,AL-MS
39456,AL-MS
39457,AL-MS
39459,AL-MS
39460,AL-MS
39461,AL-MS
39462,AL-MS
39463,AL-MS
39464,AL-MS
39465,AL-MS
39466,AL-MS
39470,AL-MS
39474,AL-MS
39475,AL-MS
39476,AL-MS
39477,AL-MS
39478,AL-MS
39479,AL-MS
39480,AL-MS
39481,AL-MS
39482,AL-MS
39483,AL-MS
39501,AL-MS
39502,AL-MS
39503,AL-MS
39505,AL-MS
39506,AL-MS
39507,AL-MS
39520,AL-MS
39521,AL-MS
39522,AL-MS
39525,AL-MS
39529,AL-MS
39530,AL-MS
39531,AL-MS
39532,AL-MS
39533,AL-MS
39534,AL-MS
39535,AL-MS
39540,AL-MS
39552,AL-MS
39553,AL-MS
39555,AL-MS
39556,AL-MS
39558,AL-MS
39560,AL-MS
39561,AL-MS
39562,AL-MS
39563,AL-MS
39564,AL-MS
39565,AL-MS
39566,AL-MS
39567,AL-MS
39568,AL-MS
39569,AL-MS
39571,AL-MS
39572,AL-MS
39573,AL-MS
39574,AL-MS
39576,AL-MS
39577,AL-MS
39581,AL-MS
39595,AL-MS
39601,AL-MS
39602,AL-MS
39603,AL-MS
39629,AL-MS
39630,AL-MS
39631,AL-MS
39632,AL-MS
39633,AL-MS
39635,AL-MS
39638,AL-MS
39641,AL-MS
39643,AL-MS
39645,AL-MS
39647,AL-MS
39648,AL-MS
39649,AL-MS
39652,AL-MS
39653,AL-MS
39654,AL-MS
39656,AL-MS
39657,AL-MS
39661,AL-MS
39662,AL-MS
39663,AL-MS
39664,AL-MS
39665,AL-MS
39666,AL-MS
39667,AL-MS
39668,AL-MS
39669,AL-MS
39701,AL-MS
39702,AL-MS
39703,AL-MS
39704,AL-MS
39705,AL-MS
39710,AL-MS
39730,AL-MS
39735,AL-MS
39736,AL-MS
39737,AL-MS
39739,AL-MS
39740,AL-MS
39741,AL-MS
39743,AL-MS
39744,AL-MS
39745,AL-MS
39746,AL-MS
39747,AL-MS
39750,AL-MS
39751,AL-MS
39752,AL-MS
39753,AL-MS
39755,AL-MS
39756,AL-MS
39759,AL-MS
39760,AL-MS
39762,AL-MS
39766,AL-MS
39767,AL-MS
39769,AL-MS
39771,AL-MS
39772,AL-MS
39773,AL-MS
39776,AL-MS
39813,GEORGIA
39815,GEORGIA
39817,GEORGIA
39818,GEORGIA
39819,GEORGIA
39823,GEORGIA
39824,GEORGIA
39825,GEORGIA
39826,GEORGIA
39827,GEORGIA
39828,GEORGIA
39829,GEORGIA
39832,GEORGIA
39834,GEORGIA
39836,GEORGIA
39837,GEORGIA
39840,GEORGIA
39841,GEORGIA
39842,GEORGIA
39845,GEORGIA
39846,GEORGIA
39851,GEORGIA
39852,GEORGIA
39854,GEORGIA
39859,GEORGIA
39861,GEORGIA
39862,GEORGIA
39866,GEORGIA
39867,GEORGIA
39870,GEORGIA
39877,GEORGIA
39885,GEORGIA
39886,GEORGIA
39897,GEORGIA
39901,GEORGIA
40003,KY-WV
40004,KY-WV
40006,KY-WV
40007,KY-WV
40008,KY-WV
40009,KY-WV
40010,KY-WV
40011,KY-WV
40012,KY-WV
40013,KY-WV
40014,KY-WV
40018,KY-WV
40019,KY-WV
40020,KY-WV
40022,KY-WV
40023,KY-WV
40025,KY-WV
40026,KY-WV
40027,KY-WV
40031,KY-WV
40032,KY-WV
40033,KY-WV
40036,KY-WV
40037,KY-WV
40040,KY-WV
40041,KY-WV
40045,KY-WV
40046,KY-WV
40047,KY-WV
40048,KY-WV
40049,KY-WV
40050,KY-WV
40051,KY-WV
40052,KY-WV
40055,KY-WV
40056,KY-WV
40057,KY-WV
40058,KY-WV
40059,KY-WV
40060,KY-WV
40061,KY-WV
40062,KY-WV
40063,KY-WV
40065,KY-WV
40066,KY-WV
40067,KY-WV
40068,KY-WV
40069,KY-WV
40070,KY-WV
40071,KY-WV
40075,KY-WV
40076,KY-WV
40077,KY-WV
40078,KY-WV
40104,KY-WV
40107,KY-WV
40108,KY-WV
40109,KY-WV
40110,KY-WV
40111,KY-WV
40115,KY-WV
40117,KY-WV
40118,KY-WV
40119,KY-WV
40121,KY-WV
40122,KY-WV
40129,KY-WV
40140,KY-WV
40142,KY-WV
40143,KY-WV
40144,KY-WV
40145,KY-WV
40146,KY-WV
40150,KY-WV
40152,KY-WV
40153,KY-WV
40155,KY-WV
40157,KY-WV
40159,KY-WV
40160,KY-WV
40161,KY-WV
40162,KY-WV
40165,KY-WV
40166,KY-WV
40170,KY-WV
40171,KY-WV
40175,KY-WV
40176,KY-WV
40177,KY-WV
40178,KY-WV
40201,KY-WV
40202,KY-WV
40203,KY-WV
40204,KY-WV
40205,KY-WV
40206,KY-WV
40207,KY-WV
40208,KY-WV
40209,KY-WV
40210,KY-WV
40211,KY-WV
40212,KY-WV
40213,KY-WV
40214,KY-WV
40215,KY-WV
40216,KY-WV
40217,KY-WV
40218,KY-WV
40219,KY-WV
40220,KY-WV
40221,KY-WV
40222,KY-WV
40223,KY-WV
40224,KY-WV
40225,KY-WV
40228,KY-WV
40229,KY-WV
40231,KY-WV
40232,KY-WV
40233,KY-WV
40241,KY-WV
40242,KY-WV
40243,KY-WV
40245,KY-WV
40250,KY-WV
40251,KY-WV
40252,KY-WV
40253,KY-WV
40255,KY-WV
40256,KY-WV
40257,KY-WV
40258,KY-WV
40259,KY-WV
40261,KY-WV
40266,KY-WV
40268,KY-WV
40269,KY-WV
40270,KY-WV
40272,KY-WV
40280,KY-WV
40281,KY-WV
40282,KY-WV
40283,KY-WV
40285,KY-WV
40287,KY-WV
40289,KY-WV
40290,KY-WV
40291,KY-WV
40292,KY-WV
40293,KY-WV
40294,KY-WV
40295,KY-WV
40296,KY-WV
40297,KY-WV
40298,KY-WV
40299,KY-WV
40310,KY-WV
40311,KY-WV
40312,KY-WV
40313,KY-WV
40316,KY-WV
40317,KY-WV
40319,KY-WV
40322,KY-WV
40324,KY-WV
40328,KY-WV
40330,KY-WV
40334,KY-WV
40336,KY-WV
40337,KY-WV
40339,KY-WV
40340,KY-WV
40342,KY-WV
40346,KY-WV
40347,KY-WV
40348,KY-WV
40350,KY-WV
40351,KY-WV
40353,KY-WV
40355,KY-WV
40356,KY-WV
40357,KY-WV
40358,KY-WV
40359,KY-WV
40360,KY-WV
40361,KY-WV
40362,KY-WV
40363,KY-WV
40370,KY-WV
40371,KY-WV
40372,KY-WV
40374,KY-WV
40376,KY-WV
40379,KY-WV
40380,KY-WV
40383,KY-WV
40384,KY-WV
40385,KY-WV
40387,KY-WV
40390,KY-WV
40391,KY-WV
40392,KY-WV
40402,KY-WV
40403,KY-WV
40404,KY-WV
40405,KY-WV
40409,KY-WV
40410,KY-WV
40419,KY-WV
40422,KY-WV
40423,KY-WV
40434,KY-WV
40437,KY-WV
40440,KY-WV
40442,KY-WV
40444,KY-WV
40445,KY-WV
40447,KY-WV
40448,KY-WV
40452,KY-WV
40456,KY-WV
40460,KY-WV
40461,KY-WV
40464,KY-WV
40468,KY-WV
40472,KY-WV
40473,KY-WV
40475,KY-WV
40476,KY-WV
40481,KY-WV
40484,KY-WV
40486,KY-WV
40488,KY-WV
40489,KY-WV
40492,KY-WV
40502,KY-WV
40503,KY-WV
40504,KY-WV
40505,KY-WV
40506,KY-WV
40507,KY-WV
40508,KY-WV
40509,KY-WV
40510,KY-WV
40511,KY-WV
40512,KY-WV
40513,KY-WV
40514,KY-WV
40515,KY-WV
40516,KY-WV
40517,KY-WV
40522,KY-WV
40523,KY-WV
40524,KY-WV
40526,KY-WV
40533,KY-WV
40536,KY-WV
40544,KY-WV
40546,KY-WV
40550,KY-WV
40555,KY-WV
40574,KY-WV
40575,KY-WV
40576,KY-WV
40577,KY-WV
40578,KY-WV
40579,KY-WV
40580,KY-WV
40581,KY-WV
40582,KY-WV
40583,KY-WV
40588,KY-WV
40591,KY-WV
40598,KY-WV
40601,KY-WV
40602,KY-WV
40603,KY-WV
40604,KY-WV
40618,KY-WV
40619,KY-WV
40620,KY-WV
40621,KY-WV
40622,KY-WV
40701,KY-WV
40702,KY-WV
40724,KY-WV
40729,KY-WV
40730,KY-WV
40734,KY-WV
40737,KY-WV
40740,KY-WV
40741,KY-WV
40742,KY-WV
40743,KY-WV
40744,KY-WV
40745,KY-WV
40750,KY-WV
40755,KY-WV
40759,KY-WV
40763,KY-WV
40769,KY-WV
40771,KY-WV
40801,KY-WV
40803,KY-WV
40806,KY-WV
40807,KY-WV
40808,KY-WV
40810,KY-WV
40813,KY-WV
40815,KY-WV
40816,KY-WV
40818,KY-WV
40819,KY-WV
40820,KY-WV
40823,KY-WV
40824,KY-WV
40826,KY-WV
40827,KY-WV
40828,KY-WV
40829,KY-WV
40830,KY-WV
40831,KY-WV
40840,KY-WV
40843,KY-WV
40844,KY-WV
40845,KY-WV
40847,KY-WV
40849,KY-WV
40854,KY-WV
40855,KY-WV
40856,KY-WV
40858,KY-WV
40862,KY-WV
40863,KY-WV
40865,KY-WV
40868,KY-WV
40870,KY-WV
40873,KY-WV
40874,KY-WV
40902,KY-WV
40903,KY-WV
40906,KY-WV
40913,KY-WV
40914,KY-WV
40915,KY-WV
40921,KY-WV
40923,KY-WV
40927,KY-WV
40930,KY-WV
40932,KY-WV
40935,KY-WV
40939,KY-WV
40940,KY-WV
40941,KY-WV
40943,KY-WV
40944,KY-WV
40946,KY-WV
40949,KY-WV
40951,KY-WV
40953,KY-WV
40955,KY-WV
40958,KY-WV
40962,KY-WV
40964,KY-WV
40965,KY-WV
40972,KY-WV
40977,KY-WV
40979,KY-WV
40981,KY-WV
40982,KY-WV
40983,KY-WV
40988,KY-WV
40995,KY-WV
40997,KY-WV
41001,KY-WV
41002,KY-WV
41003,KY-WV
41004,KY-WV
41005,KY-WV
41006,KY-WV
41007,KY-WV
41008,KY-WV
41010,KY-WV
41011,KY-WV
41012,KY-WV
41014,KY-WV
41015,KY-WV
41016,KY-WV
41017,KY-WV
41018,KY-WV
41019,KY-WV
41021,KY-WV
41022,KY-WV
41025,KY-WV
41030,KY-WV
41031,KY-WV
41033,KY-WV
41034,KY-WV
41035,KY-WV
41037,KY-WV
41039,KY-WV
41040,KY-WV
41041,KY-WV
41042,KY-WV
41043,KY-WV
41044,KY-WV
41045,KY-WV
41046,KY-WV
41048,KY-WV
41049,KY-WV
41051,KY-WV
41052,KY-WV
41053,KY-WV
41054,KY-WV
41055,KY-WV
41056,KY-WV
41059,KY-WV
41061,KY-WV
41062,KY-WV
41063,KY-WV
41064,KY-WV
41071,KY-WV
41072,KY-WV
41073,KY-WV
41074,KY-WV
41075,KY-WV
41076,KY-WV
41080,KY-WV
41081,KY-WV
41083,KY-WV
41085,KY-WV
41086,KY-WV
41091,KY-WV
41092,KY-WV
41093,KY-WV
41094,KY-WV
41095,KY-WV
41096,KY-WV
41097,KY-WV
41098,KY-WV
41099,KY-WV
41101,KY-WV
41102,KY-WV
41105,KY-WV
41114,KY-WV
41121,KY-WV
41124,KY-WV
41128,KY-WV
41129,KY-WV
41132,KY-WV
41135,KY-WV
41139,KY-WV
41141,KY-WV
41142,KY-WV
41143,KY-WV
41144,KY-WV
41146,KY-WV
41149,KY-WV
41159,KY-WV
41160,KY-WV
41164,KY-WV
41166,KY-WV
41168,KY-WV
41169,KY-WV
41171,KY-WV
41173,KY-WV
41174,KY-WV
41175,KY-WV
41179,KY-WV
41180,KY-WV
41181,KY-WV
41183,KY-WV
41189,KY-WV
41201,KY-WV
41203,KY-WV
41204,KY-WV
41214,KY-WV
41216,KY-WV
41219,KY-WV
41222,KY-WV
41224,KY-WV
41226,KY-WV
41230,KY-WV
41231,KY-WV
41232,KY-WV
41234,KY-WV
41238,KY-WV
41240,KY-WV
41250,KY-WV
41254,KY-WV
41255,KY-WV
41256,KY-WV
41257,KY-WV
41260,KY-WV
41262,KY-WV
41263,KY-WV
41264,KY-WV
41265,KY-WV
41267,KY-WV
41268,KY-WV
41271,KY-WV
41274,KY-WV
41301,KY-WV
41310,KY-WV
41311,KY-WV
41314,KY-WV
41317,KY-WV
41332,KY-WV
41339,KY-WV
41347,KY-WV
41348,KY-WV
41351,KY-WV
41352,KY-WV
41360,KY-WV
41364,KY-WV
41365,KY-WV
41366,KY-WV
41367,KY-WV
41368,KY-WV
41385,KY-WV
41386,KY-WV
41390,KY-WV
41397,KY-WV
41408,KY-WV
41413,KY-WV
41421,KY-WV
41425,KY-WV
41426,KY-WV
41451,KY-WV
41464,KY-WV
41465,KY-WV
41472,KY-WV
41477,KY-WV
41501,KY-WV
41502,KY-WV
41503,KY-WV
41512,KY-WV
41513,KY-WV
41514,KY-WV
41517,KY-WV
41519,KY-WV
41520,KY-WV
41522,KY-WV
41524,KY-WV
41526,KY-WV
41527,KY-WV
41528,KY-WV
41531,KY-WV
41534,KY-WV
41535,KY-WV
41537,KY-WV
41538,KY-WV
41539,KY-WV
41540,KY-WV
41542,KY-WV
41543,KY-WV
41544,KY-WV
41547,KY-WV
41548,KY-WV
41549,KY-WV
41553,KY-WV
41554,KY-WV
41555,KY-WV
41557,KY-WV
41558,KY-WV
41559,KY-WV
41560,KY-WV
41561,KY-WV
41562,KY-WV
41563,KY-WV
41564,KY-WV
41566,KY-WV
41567,KY-WV
41568,KY-WV
41571,KY-WV
41572,KY-WV
41601,KY-WV
41602,KY-WV
41603,KY-WV
41604,KY-WV
41605,KY-WV
41606,KY-WV
41607,KY-WV
41612,KY-WV
41615,KY-WV
41616,KY-WV
41619,KY-WV
41621,KY-WV
41622,KY-WV
41630,KY-WV
41631,KY-WV
41632,KY-WV
41635,KY-WV
41636,KY-WV
41640,KY-WV
41642,KY-WV
41643,KY-WV
41645,KY-WV
41647,KY-WV
41649,KY-WV
41650,KY-WV
41651,KY-WV
41653,KY-WV
41655,KY-WV
41659,KY-WV
41660,KY-WV
41663,KY-WV
41666,KY-WV
41667,KY-WV
41669,KY-WV
41701,KY-WV
41702,KY-WV
41712,KY-WV
41713,KY-WV
41714,KY-WV
41719,KY-WV
41721,KY-WV
41722,KY-WV
41723,KY-WV
41725,KY-WV
41727,KY-WV
41729,KY-WV
41731,KY-WV
41735,KY-WV
41736,KY-WV
41739,KY-WV
41740,KY-WV
41743,KY-WV
41745,KY-WV
41746,KY-WV
41749,KY-WV
41751,KY-WV
41754,KY-WV
41759,KY-WV
41760,KY-WV
41762,KY-WV
41763,KY-WV
41764,KY-WV
41766,KY-WV
41772,KY-WV
41773,KY-WV
41774,KY-WV
41775,KY-WV
41776,KY-WV
41777,KY-WV
41778,KY-WV
41804,KY-WV
41810,KY-WV
41812,KY-WV
41815,KY-WV
41817,KY-WV
41819,KY-WV
41821,KY-WV
41822,KY-WV
41824,KY-WV
41825,KY-WV
41826,KY-WV
41828,KY-WV
41831,KY-WV
41832,KY-WV
41833,KY-WV
41834,KY-WV
41835,KY-WV
41836,KY-WV
41837,KY-WV
41838,KY-WV
41839,KY-WV
41840,KY-WV
41843,KY-WV
41844,KY-WV
41845,KY-WV
41847,KY-WV
41848,KY-WV
41849,KY-WV
41855,KY-WV
41858,KY-WV
41859,KY-WV
41861,KY-WV
41862,KY-WV
42001,KY-WV
42002,KY-WV
42003,KY-WV
42020,KY-WV
42021,KY-WV
42022,KY-WV
42023,KY-WV
42024,KY-WV
42025,KY-WV
42027,KY-WV
42028,KY-WV
42029,KY-WV
42031,KY-WV
42032,KY-WV
42033,KY-WV
42035,KY-WV
42036,KY-WV
42037,KY-WV
42038,KY-WV
42039,KY-WV
42040,KY-WV
42041,KY-WV
42044,KY-WV
42045,KY-WV
42047,KY-WV
42048,KY-WV
42049,KY-WV
42050,KY-WV
42051,KY-WV
42053,KY-WV
42054,KY-WV
42055,KY-WV
42056,KY-WV
42058,KY-WV
42060,KY-WV
42061,KY-WV
42063,KY-WV
42064,KY-WV
42066,KY-WV
42069,KY-WV
42070,KY-WV
42071,KY-WV
42076,KY-WV
42078,KY-WV
42079,KY-WV
42081,KY-WV
42082,KY-WV
42083,KY-WV
42085,KY-WV
42086,KY-WV
42087,KY-WV
42088,KY-WV
42101,KY-WV
42102,KY-WV
42103,KY-WV
42104,KY-WV
42120,KY-WV
42122,KY-WV
42123,KY-WV
42124,KY-WV
42127,KY-WV
42128,KY-WV
42129,KY-WV
42130,KY-WV
42131,KY-WV
42133,KY-WV
42134,KY-WV
42135,KY-WV
42140,KY-WV
42141,KY-WV
42142,KY-WV
42151,KY-WV
42152,KY-WV
42153,KY-WV
42154,KY-WV
42156,KY-WV
42157,KY-WV
42159,KY-WV
42160,KY-WV
42163,KY-WV
42164,KY-WV
42166,KY-WV
42167,KY-WV
42170,KY-WV
42171,KY-WV
42201,KY-WV
42202,KY-WV
42204,KY-WV
42206,KY-WV
42207,KY-WV
42210,KY-WV
42211,KY-WV
42214,KY-WV
42215,KY-WV
42216,KY-WV
42217,KY-WV
42219,KY-WV
42220,KY-WV
42221,KY-WV
42223,KY-WV
42232,KY-WV
42234,KY-WV
42236,KY-WV
42240,KY-WV
42241,KY-WV
42252,KY-WV
42254,KY-WV
42256,KY-WV
42259,KY-WV
42261,KY-WV
42262,KY-WV
42265,KY-WV
42266,KY-WV
42273,KY-WV
42274,KY-WV
42275,KY-WV
42276,KY-WV
42280,KY-WV
42285,KY-WV
42286,KY-WV
42288,KY-WV
42301,KY-WV
42302,KY-WV
42303,KY-WV
42304,KY-WV
42320,KY-WV
42321,KY-WV
42322,KY-WV
42323,KY-WV
42324,KY-WV
42325,KY-WV
42326,KY-WV
42327,KY-WV
42328,KY-WV
42330,KY-WV
42332,KY-WV
42333,KY-WV
42334,KY-WV
42337,KY-WV
42338,KY-WV
42339,KY-WV
42343,KY-WV
42344,KY-WV
42345,KY-WV
42347,KY-WV
42348,KY-WV
42349,KY-WV
42350,KY-WV
42351,KY-WV
42352,KY-WV
42354,KY-WV
42355,KY-WV
42356,KY-WV
42361,KY-WV
42364,KY-WV
42366,KY-WV
42367,KY-WV
42368,KY-WV
42369,KY-WV
42370,KY-WV
42371,KY-WV
42372,KY-WV
42374,KY-WV
42376,KY-WV
42377,KY-WV
42378,KY-WV
42402,KY-WV
42404,KY-WV
42406,KY-WV
42408,KY-WV
42409,KY-WV
42410,KY-WV
42411,KY-WV
42413,KY-WV
42419,KY-WV
42420,KY-WV
42431,KY-WV
42436,KY-WV
42437,KY-WV
42440,KY-WV
42441,KY-WV
42442,KY-WV
42444,KY-WV
42445,KY-WV
42450,KY-WV
42451,KY-WV
42452,KY-WV
42453,KY-WV
42455,KY-WV
42456,KY-WV
42457,KY-WV
42458,KY-WV
42459,KY-WV
42460,KY-WV
42461,KY-WV
42462,KY-WV
42463,KY-WV
42464,KY-WV
42501,KY-WV
42502,KY-WV
42503,KY-WV
42516,KY-WV
42518,KY-WV
42519,KY-WV
42528,KY-WV
42533,KY-WV
42539,KY-WV
42541,KY-WV
42544,KY-WV
42553,KY-WV
42558,KY-WV
42564,KY-WV
42565,KY-WV
42566,KY-WV
42567,KY-WV
42602,KY-WV
42603,KY-WV
42629,KY-WV
42631,KY-WV
42633,KY-WV
42634,KY-WV
42635,KY-WV
42638,KY-WV
42642,KY-WV
42647,KY-WV
42649,KY-WV
42653,KY-WV
42701,KY-WV
42702,KY-WV
42712,KY-WV
42713,KY-WV
42715,KY-WV
42716,KY-WV
42717,KY-WV
42718,KY-WV
42719,KY-WV
42720,KY-WV
42721,KY-WV
42722,KY-WV
42724,KY-WV
42726,KY-WV
42728,KY-WV
42729,KY-WV
42732,KY-WV
42733,KY-WV
42740,KY-WV
42741,KY-WV
42742,KY-WV
42743,KY-WV
42746,KY-WV
42748,KY-WV
42749,KY-WV
42753,KY-WV
42754,KY-WV
42755,KY-WV
42757,KY-WV
42758,KY-WV
42759,KY-WV
42762,KY-WV
42764,KY-WV
42765,KY-WV
42776,KY-WV
42782,KY-WV
42784,KY-WV
42788,KY-WV
43001,OHIO
43002,OHIO
43003,OHIO
43004,OHIO
43005,OHIO
43006,OHIO
43007,OHIO
43008,OHIO
43009,OHIO
43010,OHIO
43011,OHIO
43013,OHIO
43014,OHIO
43015,OHIO
43016,OHIO
43017,OHIO
43018,OHIO
43019,OHIO
43021,OHIO
43022,OHIO
43023,OHIO
43025,OHIO
43026,OHIO
43027,OHIO
43028,OHIO
43029,OHIO
43030,OHIO
43031,OHIO
43033,OHIO
43035,OHIO
43036,OHIO
43037,OHIO
43040,OHIO
43041,OHIO
43044,OHIO
43045,OHIO
43046,OHIO
43047,OHIO
43048,OHIO
43050,OHIO
43054,OHIO
43055,OHIO
43056,OHIO
43058,OHIO
43060,OHIO
43061,OHIO
43062,OHIO
43064,OHIO
43065,OHIO
43066,OHIO
43067,OHIO
43068,OHIO
43069,OHIO
43070,OHIO
43071,OHIO
43072,OHIO
43073,OHIO
43074,OHIO
43076,OHIO
43077,OHIO
43078,OHIO
43080,OHIO
43081,OHIO
43082,OHIO
43083,OHIO
43084,OHIO
43085,OHIO
43086,OHIO
43093,OHIO
43101,OHIO
43102,OHIO
43103,OHIO
43105,OHIO
43106,OHIO
43107,OHIO
43109,OHIO
43110,OHIO
43111,OHIO
43112,OHIO
43113,OHIO
43115,OHIO
43116,OHIO
43117,OHIO
43119,OHIO
43123,OHIO
43125,OHIO
43126,OHIO
43127,OHIO
43128,OHIO
43130,OHIO
43135,OHIO
43136,OHIO
43137,OHIO
43138,OHIO
43140,OHIO
43142,OHIO
43143,OHIO
43144,OHIO
43145,OHIO
43146,OHIO
43147,OHIO
43148,OHIO
43149,OHIO
43150,OHIO
43151,OHIO
43152,OHIO
43153,OHIO
43154,OHIO
43155,OHIO
43156,OHIO
43157,OHIO
43158,OHIO
43160,OHIO
43162,OHIO
43164,OHIO
43165,OHIO
43194,OHIO
43195,OHIO
43199,OHIO
43201,OHIO
43202,OHIO
43203,OHIO
43204,OHIO
43205,OHIO
43206,OHIO
43207,OHIO
43209,OHIO
43210,OHIO
43211,OHIO
43212,OHIO
43213,OHIO
43214,OHIO
43215,OHIO
43216,OHIO
43217,OHIO
43218,OHIO
43219,OHIO
43220,OHIO
43221,OHIO
43222,OHIO
43223,OHIO
43224,OHIO
43226,OHIO
43227,OHIO
43228,OHIO
43229,OHIO
43230,OHIO
43231,OHIO
43232,OHIO
43234,OHIO
43235,OHIO
43236,OHIO
43240,OHIO
43251,OHIO
43260,OHIO
43266,OHIO
43268,OHIO
43270,OHIO
43271,OHIO
43272,OHIO
43279,OHIO
43287,OHIO
43291,OHIO
43301,OHIO
43302,OHIO
43310,OHIO
43311,OHIO
43314,OHIO
43315,OHIO
43316,OHIO
43317,OHIO
43318,OHIO
43319,OHIO
43320,OHIO
43321,OHIO
43322,OHIO
43323,OHIO
43324,OHIO
43325,OHIO
43326,OHIO
43330,OHIO
43331,OHIO
43332,OHIO
43333,OHIO
43334,OHIO
43335,OHIO
43336,OHIO
43337,OHIO
43338,OHIO
43340,OHIO
43341,OHIO
43342,OHIO
43343,OHIO
43344,OHIO
43345,OHIO
43346,OHIO
43347,OHIO
43348,OHIO
43349,OHIO
43350,OHIO
43351,OHIO
43356,OHIO
43357,OHIO
43358,OHIO
43359,OHIO
43360,OHIO
43402,OHIO
43403,OHIO
43405,OHIO
43406,OHIO
43407,OHIO
43408,OHIO
43410,OHIO
43412,OHIO
43413,OHIO
43414,OHIO
43416,OHIO
43420,OHIO
43430,OHIO
43431,OHIO
43432,OHIO
43433,OHIO
43434,OHIO
43435,OHIO
43436,OHIO
43437,OHIO
43438,OHIO
43439,OHIO
43440,OHIO
43441,OHIO
43442,OHIO
43443,OHIO
43445,OHIO
43446,OHIO
43447,OHIO
43449,OHIO
43450,OHIO
43451,OHIO
43452,OHIO
43456,OHIO
43457,OHIO
43458,OHIO
43460,OHIO
43462,OHIO
43463,OHIO
43464,OHIO
43465,OHIO
43466,OHIO
43467,OHIO
43468,OHIO
43469,OHIO
43501,OHIO
43502,OHIO
43504,OHIO
43505,OHIO
43506,OHIO
43510,OHIO
43511,OHIO
43512,OHIO
43515,OHIO
43516,OHIO
43517,OHIO
43518,OHIO
43519,OHIO
43520,OHIO
43521,OHIO
43522,OHIO
43523,OHIO
43524,OHIO
43525,OHIO
43526,OHIO
43527,OHIO
43528,OHIO
43529,OHIO
43530,OHIO
43531,OHIO
43532,OHIO
43533,OHIO
43534,OHIO
43535,OHIO
43536,OHIO
43537,OHIO
43540,OHIO
43541,OHIO
43542,OHIO
43543,OHIO
43545,OHIO
43547,OHIO
43548,OHIO
43549,OHIO
43551,OHIO
43552,OHIO
43553,OHIO
43554,OHIO
43555,OHIO
43556,OHIO
43557,OHIO
43558,OHIO
43560,OHIO
43565,OHIO
43566,OHIO
43567,OHIO
43569,OHIO
43570,OHIO
43571,OHIO
43601,OHIO
43603,OHIO
43604,OHIO
43605,OHIO
43606,OHIO
43607,OHIO
43608,OHIO
43609,OHIO
43610,OHIO
43611,OHIO
43612,OHIO
43613,OHIO
43614,OHIO
43615,OHIO
43616,OHIO
43617,OHIO
43619,OHIO
43620,OHIO
43623,OHIO
43635,OHIO
43652,OHIO
43654,OHIO
43656,OHIO
43657,OHIO
43659,OHIO
43660,OHIO
43661,OHIO
43666,OHIO
43667,OHIO
43681,OHIO
43682,OHIO
43697,OHIO
43699,OHIO
43701,OHIO
43702,OHIO
43711,OHIO
43713,OHIO
43716,OHIO
43717,OHIO
43718,OHIO
43719,OHIO
43720,OHIO
43721,OHIO
43722,OHIO
43723,OHIO
43724,OHIO
43725,OHIO
43727,OHIO
43728,OHIO
43730,OHIO
43731,OHIO
43732,OHIO
43733,OHIO
43734,OHIO
43735,OHIO
43736,OHIO
43738,OHIO
43739,OHIO
43740,OHIO
43746,OHIO
43747,OHIO
43748,OHIO
43749,OHIO
43750,OHIO
43752,OHIO
43754,OHIO
43755,OHIO
43756,OHIO
43757,OHIO
43758,OHIO
43759,OHIO
43760,OHIO
43761,OHIO
43762,OHIO
43764,OHIO
43766,OHIO
43767,OHIO
43768,OHIO
43771,OHIO
43772,OHIO
43773,OHIO
43777,OHIO
43778,OHIO
43779,OHIO
43780,OHIO
43782,OHIO
43783,OHIO
43786,OHIO
43787,OHIO
43788,OHIO
43791,OHIO
43793,OHIO
43802,OHIO
43803,OHIO
43804,OHIO
43805,OHIO
43811,OHIO
43812,OHIO
43821,OHIO
43822,OHIO
43824,OHIO
43828,OHIO
43830,OHIO
43832,OHIO
43836,OHIO
43837,OHIO
43840,OHIO
43842,OHIO
43843,OHIO
43844,OHIO
43845,OHIO
43901,OHIO
43902,OHIO
43903,OHIO
43905,OHIO
43906,OHIO
43907,OHIO
43908,OHIO
43909,OHIO
43910,OHIO
43912,OHIO
43913,OHIO
43914,OHIO
43915,OHIO
43916,OHIO
43917,OHIO
43920,OHIO
43925,OHIO
43926,OHIO
43927,OHIO
43928,OHIO
43930,OHIO
43931,OHIO
43932,OHIO
43933,OHIO
43934,OHIO
43935,OHIO
43937,OHIO
43938,OHIO
43939,OHIO
43940,OHIO
43941,OHIO
43942,OHIO
43943,OHIO
43944,OHIO
43945,OHIO
43946,OHIO
43947,OHIO
43948,OHIO
43950,OHIO
43951,OHIO
43952,OHIO
43953,OHIO
43961,OHIO
43962,OHIO
43963,OHIO
43964,OHIO
43967,OHIO
43968,OHIO
43970,OHIO
43971,OHIO
43972,OHIO
43973,OHIO
43974,OHIO
43976,OHIO
43977,OHIO
43981,OHIO
43983,OHIO
43984,OHIO
43985,OHIO
43986,OHIO
43988,OHIO
44001,OHIO
44003,OHIO
44004,OHIO
44005,OHIO
44010,OHIO
44011,OHIO
44012,OHIO
44017,OHIO
44021,OHIO
44022,OHIO
44023,OHIO
44024,OHIO
44026,OHIO
44028,OHIO
44030,OHIO
44032,OHIO
44033,OHIO
44035,OHIO
44036,OHIO
44039,OHIO
44040,OHIO
44041,OHIO
44044,OHIO
44045,OHIO
44046,OHIO
44047,OHIO
44048,OHIO
44049,OHIO
44050,OHIO
44052,OHIO
44053,OHIO
44054,OHIO
44055,OHIO
44056,OHIO
44057,OHIO
44060,OHIO
44061,OHIO
44062,OHIO
44064,OHIO
44065,OHIO
44067,OHIO
44068,OHIO
44070,OHIO
44072,OHIO
44073,OHIO
44074,OHIO
44076,OHIO
44077,OHIO
44080,OHIO
44081,OHIO
44082,OHIO
44084,OHIO
44085,OHIO
44086,OHIO
44087,OHIO
44088,OHIO
44089,OHIO
44090,OHIO
44092,OHIO
44093,OHIO
44094,OHIO
44095,OHIO
44096,OHIO
44097,OHIO
44099,OHIO
44101,OHIO
44102,OHIO
44103,OHIO
44104,OHIO
44105,OHIO
44106,OHIO
44107,OHIO
44108,OHIO
44109,OHIO
44110,OHIO
44111,OHIO
44112,OHIO
44113,OHIO
44114,OHIO
44115,OHIO
44116,OHIO
44117,OHIO
44118,OHIO
44119,OHIO
44120,OHIO
44121,OHIO
44122,OHIO
44123,OHIO
44124,OHIO
44125,OHIO
44126,OHIO
44127,OHIO
44128,OHIO
44129,OHIO
44130,OHIO
44131,OHIO
44132,OHIO
44133,OHIO
44134,OHIO
44135,OHIO
44136,OHIO
44137,OHIO
44138,OHIO
44139,OHIO
44140,OHIO
44141,OHIO
44142,OHIO
44143,OHIO
44144,OHIO
44145,OHIO
44146,OHIO
44147,OHIO
44149,OHIO
44181,OHIO
44188,OHIO
44190,OHIO
44191,OHIO
44192,OHIO
44193,OHIO
44194,OHIO
44195,OHIO
44197,OHIO
44198,OHIO
44199,OHIO
44201,OHIO
44202,OHIO
44203,OHIO
44210,OHIO
44211,OHIO
44212,OHIO
44214,OHIO
44215,OHIO
44216,OHIO
44217,OHIO
44221,OHIO
44222,OHIO
44223,OHIO
44224,OHIO
44230,OHIO
44231,OHIO
44232,OHIO
44233,OHIO
44234,OHIO
44235,OHIO
44236,OHIO
44237,OHIO
44240,OHIO
44241,OHIO
44242,OHIO
44243,OHIO
44250,OHIO
44251,OHIO
44253,OHIO
44254,OHIO
44255,OHIO
44256,OHIO
44258,OHIO
44260,OHIO
44262,OHIO
44264,OHIO
44265,OHIO
44266,OHIO
44270,OHIO
44272,OHIO
44273,OHIO
44274,OHIO
44275,OHIO
44276,OHIO
44278,OHIO
44280,OHIO
44281,OHIO
44282,OHIO
44285,OHIO
44286,OHIO
44287,OHIO
44288,OHIO
44301,OHIO
44302,OHIO
44303,OHIO
44304,OHIO
44305,OHIO
44306,OHIO
44307,OHIO
44308,OHIO
44309,OHIO
44310,OHIO
44311,OHIO
44312,OHIO
44313,OHIO
44314,OHIO
44315,OHIO
44316,OHIO
44317,OHIO
44319,OHIO
44320,OHIO
44321,OHIO
44325,OHIO
44326,OHIO
44328,OHIO
44333,OHIO
44334,OHIO
44372,OHIO
44396,OHIO
44398,OHIO
44401,OHIO
44402,OHIO
44403,OHIO
44404,OHIO
44405,OHIO
44406,OHIO
44408,OHIO
44410,OHIO
44411,OHIO
44412,OHIO
44413,OHIO
44415,OHIO
44416,OHIO
44417,OHIO
44418,OHIO
44420,OHIO
44422,OHIO
44423,OHIO
44424,OHIO
44425,OHIO
44427,OHIO
44428,OHIO
44429,OHIO
44430,OHIO
44431,OHIO
44432,OHIO
44436,OHIO
44437,OHIO
44438,OHIO
44439,OHIO
44440,OHIO
44441,OHIO
44442,OHIO
44443,OHIO
44444,OHIO
44445,OHIO
44446,OHIO
44449,OHIO
44450,OHIO
44451,OHIO
44452,OHIO
44453,OHIO
44454,OHIO
44455,OHIO
44460,OHIO
44470,OHIO
44471,OHIO
44473,OHIO
44481,OHIO
44482,OHIO
44483,OHIO
44484,OHIO
44485,OHIO
44490,OHIO
44491,OHIO
44492,OHIO
44493,OHIO
44501,OHIO
44502,OHIO
44503,OHIO
44504,OHIO
44505,OHIO
44506,OHIO
44507,OHIO
44509,OHIO
44510,OHIO
44511,OHIO
44512,OHIO
44513,OHIO
44514,OHIO
44515,OHIO
44555,OHIO
44601,OHIO
44606,OHIO
44607,OHIO
44608,OHIO
44609,OHIO
44610,OHIO
44611,OHIO
44612,OHIO
44613,OHIO
44614,OHIO
44615,OHIO
44617,OHIO
44618,OHIO
44619,OHIO
44620,OHIO
44621,OHIO
44622,OHIO
44624,OHIO
44625,OHIO
44626,OHIO
44627,OHIO
44628,OHIO
44629,OHIO
44630,OHIO
44632,OHIO
44633,OHIO
44634,OHIO
44636,OHIO
44637,OHIO
44638,OHIO
44639,OHIO
44640,OHIO
44641,OHIO
44643,OHIO
44644,OHIO
44645,OHIO
44646,OHIO
44647,OHIO
44648,OHIO
44650,OHIO
44651,OHIO
44652,OHIO
44653,OHIO
44654,OHIO
44656,OHIO
44657,OHIO
44659,OHIO
44660,OHIO
44661,OHIO
44662,OHIO
44663,OHIO
44665,OHIO
44666,OHIO
44667,OHIO
44669,OHIO
44670,OHIO
44671,OHIO
44672,OHIO
44675,OHIO
44676,OHIO
44677,OHIO
44678,OHIO
44679,OHIO
44680,OHIO
44681,OHIO
44682,OHIO
44683,OHIO
44685,OHIO
44687,OHIO
44688,OHIO
44689,OHIO
44690,OHIO
44691,OHIO
44693,OHIO
44695,OHIO
44697,OHIO
44699,OHIO
44701,OHIO
44702,OHIO
44703,OHIO
44704,OHIO
44705,OHIO
44706,OHIO
44707,OHIO
44708,OHIO
44709,OHIO
44710,OHIO
44711,OHIO
44714,OHIO
44718,OHIO
44720,OHIO
44721,OHIO
44730,OHIO
44735,OHIO
44750,OHIO
44767,OHIO
44799,OHIO
44802,OHIO
44804,OHIO
44805,OHIO
44807,OHIO
44809,OHIO
44811,OHIO
44813,OHIO
44814,OHIO
44815,OHIO
44816,OHIO
44817,OHIO
44818,OHIO
44820,OHIO
44822,OHIO
44824,OHIO
44825,OHIO
44826,OHIO
44827,OHIO
44828,OHIO
44830,OHIO
44833,OHIO
44836,OHIO
44837,OHIO
44838,OHIO
44839,OHIO
44840,OHIO
44841,OHIO
44842,OHIO
44843,OHIO
44844,OHIO
44846,OHIO
44847,OHIO
44848,OHIO
44849,OHIO
44850,OHIO
44851,OHIO
44853,OHIO
44854,OHIO
44855,OHIO
44856,OHIO
44857,OHIO
44859,OHIO
44860,OHIO
44861,OHIO
44862,OHIO
44864,OHIO
44865,OHIO
44866,OHIO
44867,OHIO
44870,OHIO
44871,OHIO
44874,OHIO
44875,OHIO
44878,OHIO
44880,OHIO
44881,OHIO
44882,OHIO
44883,OHIO
44887,OHIO
44888,OHIO
44889,OHIO
44890,OHIO
44901,OHIO
44902,OHIO
44903,OHIO
44904,OHIO
44905,OHIO
44906,OHIO
44907,OHIO
45001,OHIO
45002,OHIO
45003,OHIO
45004,OHIO
45005,OHIO
45011,OHIO
45012,OHIO
45013,OHIO
45014,OHIO
45015,OHIO
45018,OHIO
45030,OHIO
45032,OHIO
45033,OHIO
45034,OHIO
45036,OHIO
45039,OHIO
45040,OHIO
45041,OHIO
45042,OHIO
45044,OHIO
45050,OHIO
45051,OHIO
45052,OHIO
45053,OHIO
45054,OHIO
45055,OHIO
45056,OHIO
45061,OHIO
45062,OHIO
45063,OHIO
45064,OHIO
45065,OHIO
45066,OHIO
45067,OHIO
45068,OHIO
45069,OHIO
45070,OHIO
45071,OHIO
45101,OHIO
45102,OHIO
45103,OHIO
45105,OHIO
45106,OHIO
45107,OHIO
45111,OHIO
45112,OHIO
45113,OHIO
45114,OHIO
45115,OHIO
45118,OHIO
45119,OHIO
45120,OHIO
45121,OHIO
45122,OHIO
45123,OHIO
45130,OHIO
45131,OHIO
45132,OHIO
45133,OHIO
45135,OHIO
45140,OHIO
45142,OHIO
45144,OHIO
45146,OHIO
45147,OHIO
45148,OHIO
45150,OHIO
45152,OHIO
45153,OHIO
45154,OHIO
45155,OHIO
45156,OHIO
45157,OHIO
45158,OHIO
45159,OHIO
45160,OHIO
45162,OHIO
45164,OHIO
45166,OHIO
45167,OHIO
45168,OHIO
45169,OHIO
45171,OHIO
45172,OHIO
45174,OHIO
45176,OHIO
45177,OHIO
45201,OHIO
45202,OHIO
45203,OHIO
45204,OHIO
45205,OHIO
45206,OHIO
45207,OHIO
45208,OHIO
45209,OHIO
45211,OHIO
45212,OHIO
45213,OHIO
45214,OHIO
45215,OHIO
45216,OHIO
45217,OHIO
45218,OHIO
45219,OHIO
45220,OHIO
45221,OHIO
45222,OHIO
45223,OHIO
45224,OHIO
45225,OHIO
45226,OHIO
45227,OHIO
45229,OHIO
45230,OHIO
45231,OHIO
45232,OHIO
45233,OHIO
45234,OHIO
45235,OHIO
45236,OHIO
45237,OHIO
45238,OHIO
45239,OHIO
45240,OHIO
45241,OHIO
45242,OHIO
45243,OHIO
45244,OHIO
45245,OHIO
45246,OHIO
45247,OHIO
45248,OHIO
45249,OHIO
45250,OHIO
45251,OHIO
45252,OHIO
45253,OHIO
45254,OHIO
45255,OHIO
45258,OHIO
45262,OHIO
45263,OHIO
45264,OHIO
45267,OHIO
45268,OHIO
45269,OHIO
45270,OHIO
45271,OHIO
45273,OHIO
45274,OHIO
45275,KY-WV
45277,OHIO
45280,OHIO
45296,OHIO
45298,OHIO
45299,OHIO
45301,OHIO
45302,OHIO
45303,OHIO
45304,OHIO
45305,OHIO
45306,OHIO
45307,OHIO
45308,OHIO
45309,OHIO
45310,OHIO
45311,OHIO
45312,OHIO
45314,OHIO
45315,OHIO
45316,OHIO
45317,OHIO
45318,OHIO
45319,OHIO
45320,OHIO
45321,OHIO
45322,OHIO
45323,OHIO
45324,OHIO
45325,OHIO
45326,OHIO
45327,OHIO
45328,OHIO
45330,OHIO
45331,OHIO
45332,OHIO
45333,OHIO
45334,OHIO
45335,OHIO
45336,OHIO
45337,OHIO
45338,OHIO
45339,OHIO
45340,OHIO
45341,OHIO
45342,OHIO
45343,OHIO
45344,OHIO
45345,OHIO
45346,OHIO
45347,OHIO
45348,OHIO
45349,OHIO
45350,OHIO
45351,OHIO
45352,OHIO
45353,OHIO
45354,OHIO
45356,OHIO
45358,OHIO
45359,OHIO
45360,OHIO
45361,OHIO
45362,OHIO
45363,OHIO
45365,OHIO
45367,OHIO
45368,OHIO
45369,OHIO
45370,OHIO
45371,OHIO
45372,OHIO
45373,OHIO
45374,OHIO
45377,OHIO
45378,OHIO
45380,OHIO
45381,OHIO
45382,OHIO
45383,OHIO
45384,OHIO
45385,OHIO
45387,OHIO
45388,OHIO
45389,OHIO
45390,OHIO
45401,OHIO
45402,OHIO
45403,OHIO
45404,OHIO
45405,OHIO
45406,OHIO
45409,OHIO
45410,OHIO
45412,OHIO
45413,OHIO
45414,OHIO
45415,OHIO
45416,OHIO
45417,OHIO
45419,OHIO
45420,OHIO
45422,OHIO
45423,OHIO
45424,OHIO
45426,OHIO
45428,OHIO
45429,OHIO
45430,OHIO
45431,OHIO
45432,OHIO
45433,OHIO
45434,OHIO
45435,OHIO
45437,OHIO
45439,OHIO
45440,OHIO
45441,OHIO
45448,OHIO
45449,OHIO
45458,OHIO
45459,OHIO
45469,OHIO
45470,OHIO
45475,OHIO
45479,OHIO
45481,OHIO
45482,OHIO
45490,OHIO
45501,OHIO
45502,OHIO
45503,OHIO
45504,OHIO
45505,OHIO
45506,OHIO
45601,OHIO
45612,OHIO
45613,OHIO
45614,OHIO
45616,OHIO
45617,OHIO
45618,OHIO
45619,OHIO
45620,OHIO
45621,OHIO
45622,OHIO
45623,OHIO
45624,OHIO
45628,OHIO
45629,OHIO
45630,OHIO
45631,OHIO
45633,OHIO
45634,OHIO
45636,OHIO
45638,OHIO
45640,OHIO
45642,OHIO
45643,OHIO
45644,OHIO
45645,OHIO
45646,OHIO
45647,OHIO
45648,OHIO
45650,OHIO
45651,OHIO
45652,OHIO
45653,OHIO
45654,OHIO
45656,OHIO
45657,OHIO
45658,OHIO
45659,OHIO
45660,OHIO
45661,OHIO
45662,OHIO
45663,OHIO
45669,OHIO
45671,OHIO
45672,OHIO
45673,OHIO
45674,OHIO
45675,OHIO
45677,OHIO
45678,OHIO
45679,OHIO
45680,OHIO
45681,OHIO
45682,OHIO
45683,OHIO
45684,OHIO
45685,OHIO
45686,OHIO
45687,OHIO
45688,OHIO
45690,OHIO
45692,OHIO
45693,OHIO
45694,OHIO
45695,OHIO
45696,OHIO
45697,OHIO
45698,OHIO
45699,OHIO
45701,OHIO
45710,OHIO
45711,OHIO
45712,OHIO
45713,OHIO
45714,OHIO
45715,OHIO
45716,OHIO
45717,OHIO
45719,OHIO
45720,OHIO
45721,OHIO
45723,OHIO
45724,OHIO
45727,OHIO
45729,OHIO
45732,OHIO
45734,OHIO
45735,OHIO
45739,OHIO
45740,OHIO
45741,OHIO
45742,OHIO
45743,OHIO
45744,OHIO
45745,OHIO
45746,OHIO
45750,OHIO
45760,OHIO
45761,OHIO
45764,OHIO
45766,OHIO
45767,OHIO
45768,OHIO
45769,OHIO
45770,OHIO
45771,OHIO
45772,OHIO
45773,OHIO
45775,OHIO
45776,OHIO
45777,OHIO
45778,OHIO
45779,OHIO
45780,OHIO
45782,OHIO
45783,OHIO
45784,OHIO
45786,OHIO
45787,OHIO
45788,OHIO
45789,OHIO
45801,OHIO
45802,OHIO
45804,OHIO
45805,OHIO
45806,OHIO
45807,OHIO
45808,OHIO
45809,OHIO
45810,OHIO
45812,OHIO
45813,OHIO
45814,OHIO
45815,OHIO
45816,OHIO
45817,OHIO
45819,OHIO
45820,OHIO
45821,OHIO
45822,OHIO
45826,OHIO
45827,OHIO
45828,OHIO
45830,OHIO
45831,OHIO
45832,OHIO
45833,OHIO
45835,OHIO
45836,OHIO
45837,OHIO
45838,OHIO
45839,OHIO
45840,OHIO
45841,OHIO
45843,OHIO
45844,OHIO
45845,OHIO
45846,OHIO
45848,OHIO
45849,OHIO
45850,OHIO
45851,OHIO
45853,OHIO
45854,OHIO
45855,OHIO
45856,OHIO
45858,OHIO
45859,OHIO
45860,OHIO
45861,OHIO
45862,OHIO
45863,OHIO
45864,OHIO
45865,OHIO
45866,OHIO
45867,OHIO
45868,OHIO
45869,OHIO
45870,OHIO
45871,OHIO
45872,OHIO
45873,OHIO
45874,OHIO
45875,OHIO
45876,OHIO
45877,OHIO
45879,OHIO
45880,OHIO
45881,OHIO
45882,OHIO
45883,OHIO
45884,OHIO
45885,OHIO
45886,OHIO
45887,OHIO
45888,OHIO
45889,OHIO
45890,OHIO
45891,OHIO
45893,OHIO
45894,OHIO
45895,OHIO
45896,OHIO
45897,OHIO
45898,OHIO
45899,OHIO
45999,OHIO
46001,INDIANA
46011,INDIANA
46012,INDIANA
46013,INDIANA
46014,INDIANA
46015,INDIANA
46016,INDIANA
46017,INDIANA
46018,INDIANA
46030,INDIANA
46031,INDIANA
46032,INDIANA
46033,INDIANA
46034,INDIANA
46035,INDIANA
46036,INDIANA
46037,INDIANA
46038,INDIANA
46039,INDIANA
46040,INDIANA
46041,INDIANA
46044,INDIANA
46045,INDIANA
46047,INDIANA
46048,INDIANA
46049,INDIANA
46050,INDIANA
46051,INDIANA
46052,INDIANA
46055,INDIANA
46056,INDIANA
46057,INDIANA
46058,INDIANA
46060,INDIANA
46061,INDIANA
46062,INDIANA
46063,INDIANA
46064,INDIANA
46065,INDIANA
46067,INDIANA
46068,INDIANA
46069,INDIANA
46070,INDIANA
46071,INDIANA
46072,INDIANA
46074,INDIANA
46075,INDIANA
46076,INDIANA
46077,INDIANA
46082,INDIANA
46085,INDIANA
46102,INDIANA
46103,INDIANA
46104,INDIANA
46105,INDIANA
46106,INDIANA
46107,INDIANA
46110,INDIANA
46111,INDIANA
46112,INDIANA
46113,INDIANA
46115,INDIANA
46117,INDIANA
46118,INDIANA
46120,INDIANA
46121,INDIANA
46122,INDIANA
46123,INDIANA
46124,INDIANA
46125,INDIANA
46126,INDIANA
46127,INDIANA
46128,INDIANA
46129,INDIANA
46130,INDIANA
46131,INDIANA
46133,INDIANA
46135,INDIANA
46140,INDIANA
46142,INDIANA
46143,INDIANA
46144,INDIANA
46146,INDIANA
46147,INDIANA
46148,INDIANA
46149,INDIANA
46150,INDIANA
46151,INDIANA
46154,INDIANA
46155,INDIANA
46156,INDIANA
46157,INDIANA
46158,INDIANA
46160,INDIANA
46161,INDIANA
46162,INDIANA
46163,INDIANA
46164,INDIANA
46165,INDIANA
46166,INDIANA
46167,INDIANA
46168,INDIANA
46170,INDIANA
46171,INDIANA
46172,INDIANA
46173,INDIANA
46175,INDIANA
46176,INDIANA
46180,INDIANA
46181,INDIANA
46182,INDIANA
46183,INDIANA
46184,INDIANA
46186,INDIANA
46201,INDIANA
46202,INDIANA
46203,INDIANA
46204,INDIANA
46205,INDIANA
46206,INDIANA
46207,INDIANA
46208,INDIANA
46209,INDIANA
46213,INDIANA
46214,INDIANA
46216,INDIANA
46217,INDIANA
46218,INDIANA
46219,INDIANA
46220,INDIANA
46221,INDIANA
46222,INDIANA
46224,INDIANA
46225,INDIANA
46226,INDIANA
46227,INDIANA
46228,INDIANA
46229,INDIANA
46230,INDIANA
46231,INDIANA
46234,INDIANA
46235,INDIANA
46236,INDIANA
46237,INDIANA
46239,INDIANA
46240,INDIANA
46241,INDIANA
46242,INDIANA
46244,INDIANA
46245,INDIANA
46247,INDIANA
46249,INDIANA
46250,INDIANA
46251,INDIANA
46253,INDIANA
46254,INDIANA
46255,INDIANA
46256,INDIANA
46259,INDIANA
46260,INDIANA
46262,INDIANA
46268,INDIANA
46277,INDIANA
46278,INDIANA
46280,INDIANA
46282,INDIANA
46283,INDIANA
46285,INDIANA
46288,INDIANA
46290,INDIANA
46298,INDIANA
46301,INDIANA
46302,INDIANA
46303,INDIANA
46304,INDIANA
46307,INDIANA
46308,INDIANA
46310,INDIANA
46311,INDIANA
46312,INDIANA
46319,INDIANA
46320,INDIANA
46321,INDIANA
46322,INDIANA
46323,INDIANA
46324,INDIANA
46325,INDIANA
46327,INDIANA
46340,INDIANA
46341,INDIANA
46342,INDIANA
46345,INDIANA
46346,INDIANA
46347,INDIANA
46348,INDIANA
46349,INDIANA
46350,INDIANA
46352,INDIANA
46355,INDIANA
46356,INDIANA
46360,INDIANA
46361,INDIANA
46365,INDIANA
46366,INDIANA
46368,INDIANA
46371,INDIANA
46372,INDIANA
46373,INDIANA
46374,INDIANA
46375,INDIANA
46376,INDIANA
46377,INDIANA
46379,INDIANA
46380,INDIANA
46381,INDIANA
46382,INDIANA
46383,INDIANA
46384,INDIANA
46385,INDIANA
46390,INDIANA
46391,INDIANA
46392,INDIANA
46393,INDIANA
46394,INDIANA
46401,INDIANA
46402,INDIANA
46403,INDIANA
46404,INDIANA
46405,INDIANA
46406,INDIANA
46407,INDIANA
46408,INDIANA
46409,INDIANA
46410,INDIANA
46411,INDIANA
46501,INDIANA
46502,INDIANA
46504,INDIANA
46506,INDIANA
46507,INDIANA
46508,INDIANA
46510,INDIANA
46511,INDIANA
46513,INDIANA
46514,INDIANA
46515,INDIANA
46516,INDIANA
46517,INDIANA
46524,INDIANA
46526,INDIANA
46527,INDIANA
46528,INDIANA
46530,INDIANA
46531,INDIANA
46532,INDIANA
46534,INDIANA
46536,INDIANA
46537,INDIANA
46538,INDIANA
46539,INDIANA
46540,INDIANA
46542,INDIANA
46543,INDIANA
46544,INDIANA
46545,INDIANA
46546,INDIANA
46550,INDIANA
46552,INDIANA
46553,INDIANA
46554,INDIANA
46555,INDIANA
46556,INDIANA
46561,INDIANA
46562,INDIANA
46563,INDIANA
46565,INDIANA
46567,INDIANA
46570,INDIANA
46571,INDIANA
46572,INDIANA
46573,INDIANA
46574,INDIANA
46580,INDIANA
46581,INDIANA
46582,INDIANA
46590,INDIANA
46595,INDIANA
46601,INDIANA
46613,INDIANA
46614,INDIANA
46615,INDIANA
46616,INDIANA
46617,INDIANA
46619,INDIANA
46624,INDIANA
46626,INDIANA
46628,INDIANA
46634,INDIANA
46635,INDIANA
46637,INDIANA
46660,INDIANA
46680,INDIANA
46699,INDIANA
46701,INDIANA
46702,INDIANA
46703,INDIANA
46704,INDIANA
46705,INDIANA
46706,INDIANA
46710,INDIANA
46711,INDIANA
46713,INDIANA
46714,INDIANA
46721,INDIANA
46723,INDIANA
46725,INDIANA
46730,INDIANA
46731,INDIANA
46732,INDIANA
46733,INDIANA
46737,INDIANA
46738,INDIANA
46740,INDIANA
46741,INDIANA
46742,INDIANA
46743,INDIANA
46745,INDIANA
46746,INDIANA
46747,INDIANA
46748,INDIANA
46750,INDIANA
46755,INDIANA
46759,INDIANA
46760,INDIANA
46761,INDIANA
46763,INDIANA
46764,INDIANA
46765,INDIANA
46766,INDIANA
46767,INDIANA
46769,INDIANA
46770,INDIANA
46771,INDIANA
46772,INDIANA
46773,INDIANA
46774,INDIANA
46776,INDIANA
46777,INDIANA
46778,INDIANA
46779,INDIANA
46780,INDIANA
46781,INDIANA
46782,INDIANA
46783,INDIANA
46784,INDIANA
46785,INDIANA
46786,INDIANA
46787,INDIANA
46788,INDIANA
46789,INDIANA
46791,INDIANA
46792,INDIANA
46793,INDIANA
46794,INDIANA
46795,INDIANA
46796,INDIANA
46797,INDIANA
46798,INDIANA
46799,INDIANA
46801,INDIANA
46802,INDIANA
46803,INDIANA
46804,INDIANA
46805,INDIANA
46806,INDIANA
46807,INDIANA
46808,INDIANA
46809,INDIANA
46814,INDIANA
46815,INDIANA
46816,INDIANA
46818,INDIANA
46819,INDIANA
46825,INDIANA
46835,INDIANA
46845,INDIANA
46850,INDIANA
46851,INDIANA
46852,INDIANA
46853,INDIANA
46854,INDIANA
46855,INDIANA
46856,INDIANA
46857,INDIANA
46858,INDIANA
46859,INDIANA
46860,INDIANA
46861,INDIANA
46862,INDIANA
46863,INDIANA
46864,INDIANA
46865,INDIANA
46866,INDIANA
46867,INDIANA
46868,INDIANA
46869,INDIANA
46885,INDIANA
46895,INDIANA
46896,INDIANA
46897,INDIANA
46898,INDIANA
46899,INDIANA
46901,INDIANA
46902,INDIANA
46903,INDIANA
46904,INDIANA
46910,INDIANA
46911,INDIANA
46912,INDIANA
46913,INDIANA
46914,INDIANA
46915,INDIANA
46916,INDIANA
46917,INDIANA
46919,INDIANA
46920,INDIANA
46921,INDIANA
46922,INDIANA
46923,INDIANA
46926,INDIANA
46928,INDIANA
46929,INDIANA
46930,INDIANA
46931,INDIANA
46932,INDIANA
46933,INDIANA
46935,INDIANA
46936,INDIANA
46937,INDIANA
46938,INDIANA
46939,INDIANA
46940,INDIANA
46941,INDIANA
46942,INDIANA
46943,INDIANA
46945,INDIANA
46946,INDIANA
46947,INDIANA
46950,INDIANA
46951,INDIANA
46952,INDIANA
46953,INDIANA
46957,INDIANA
46958,INDIANA
46959,INDIANA
46960,INDIANA
46961,INDIANA
46962,INDIANA
46965,INDIANA
46967,INDIANA
46968,INDIANA
46970,INDIANA
46971,INDIANA
46974,INDIANA
46975,INDIANA
46977,INDIANA
46978,INDIANA
46979,INDIANA
46980,INDIANA
46982,INDIANA
46984,INDIANA
46985,INDIANA
46986,INDIANA
46987,INDIANA
46988,INDIANA
46989,INDIANA
46990,INDIANA
46991,INDIANA
46992,INDIANA
46994,INDIANA
46995,INDIANA
46996,INDIANA
46998,INDIANA
47001,INDIANA
47003,INDIANA
47006,INDIANA
47010,OHIO
47011,INDIANA
47012,INDIANA
47016,INDIANA
47017,INDIANA
47018,INDIANA
47019,INDIANA
47020,INDIANA
47021,INDIANA
47022,INDIANA
47023,INDIANA
47024,INDIANA
47025,INDIANA
47030,INDIANA
47031,INDIANA
47032,INDIANA
47033,INDIANA
47034,INDIANA
47035,INDIANA
47036,INDIANA
47037,INDIANA
47038,INDIANA
47039,INDIANA
47040,INDIANA
47041,INDIANA
47042,INDIANA
47043,INDIANA
47060,INDIANA
47102,INDIANA
47104,INDIANA
47106,INDIANA
47107,INDIANA
47108,INDIANA
47110,INDIANA
47111,INDIANA
47112,INDIANA
47114,INDIANA
47115,INDIANA
47116,INDIANA
47117,INDIANA
47118,INDIANA
47119,INDIANA
47120,INDIANA
47122,INDIANA
47123,INDIANA
47124,INDIANA
47125,INDIANA
47126,INDIANA
47129,INDIANA
47130,INDIANA
47131,INDIANA
47132,INDIANA
47133,INDIANA
47134,INDIANA
47135,INDIANA
47136,INDIANA
47137,INDIANA
47138,INDIANA
47140,INDIANA
47141,INDIANA
47142,KY-WV
47143,INDIANA
47144,INDIANA
47145,INDIANA
47146,INDIANA
47147,INDIANA
47150,INDIANA
47151,INDIANA
47160,INDIANA
47161,INDIANA
47162,INDIANA
47163,INDIANA
47164,INDIANA
47165,INDIANA
47166,INDIANA
47167,INDIANA
47170,INDIANA
47172,INDIANA
47174,INDIANA
47175,INDIANA
47177,INDIANA
47190,INDIANA
47199,INDIANA
47201,INDIANA
47202,INDIANA
47203,INDIANA
47220,INDIANA
47223,INDIANA
47224,INDIANA
47225,INDIANA
47226,INDIANA
47227,INDIANA
47228,INDIANA
47229,INDIANA
47230,INDIANA
47231,INDIANA
47232,INDIANA
47234,INDIANA
47235,INDIANA
47236,INDIANA
47240,INDIANA
47243,INDIANA
47244,INDIANA
47245,INDIANA
47246,INDIANA
47247,INDIANA
47249,INDIANA
47250,INDIANA
47260,INDIANA
47263,INDIANA
47264,INDIANA
47265,INDIANA
47270,INDIANA
47272,INDIANA
47273,INDIANA
47274,INDIANA
47280,INDIANA
47281,INDIANA
47282,INDIANA
47283,INDIANA
47302,INDIANA
47303,INDIANA
47304,INDIANA
47305,INDIANA
47306,INDIANA
47307,INDIANA
47308,INDIANA
47320,INDIANA
47322,INDIANA
47324,INDIANA
47325,INDIANA
47326,INDIANA
47327,INDIANA
47330,INDIANA
47331,INDIANA
47334,INDIANA
47335,INDIANA
47336,INDIANA
47337,INDIANA
47338,INDIANA
47339,INDIANA
47340,INDIANA
47341,INDIANA
47342,INDIANA
47344,INDIANA
47345,INDIANA
47346,INDIANA
47348,INDIANA
47351,INDIANA
47352,INDIANA
47353,INDIANA
47354,INDIANA
47355,INDIANA
47356,INDIANA
47357,INDIANA
47358,INDIANA
47359,INDIANA
47360,INDIANA
47361,INDIANA
47362,INDIANA
47366,INDIANA
47367,INDIANA
47368,INDIANA
47369,INDIANA
47370,INDIANA
47371,INDIANA
47373,INDIANA
47374,INDIANA
47375,INDIANA
47380,INDIANA
47381,INDIANA
47382,INDIANA
47383,INDIANA
47384,INDIANA
47385,INDIANA
47386,INDIANA
47387,INDIANA
47388,INDIANA
47390,INDIANA
47392,INDIANA
47393,INDIANA
47394,INDIANA
47396,INDIANA
47401,INDIANA
47402,INDIANA
47403,INDIANA
47404,INDIANA
47405,INDIANA
47406,INDIANA
47407,INDIANA
47408,INDIANA
47420,INDIANA
47421,INDIANA
47424,INDIANA
47426,INDIANA
47427,INDIANA
47429,INDIANA
47431,INDIANA
47432,INDIANA
47433,INDIANA
47434,INDIANA
47435,INDIANA
47436,INDIANA
47437,INDIANA
47438,INDIANA
47441,INDIANA
47443,INDIANA
47445,INDIANA
47446,INDIANA
47448,INDIANA
47449,INDIANA
47451,INDIANA
47452,INDIANA
47453,INDIANA
47454,INDIANA
47455,INDIANA
47456,INDIANA
47457,INDIANA
47458,INDIANA
47459,INDIANA
47460,INDIANA
47462,INDIANA
47463,INDIANA
47464,INDIANA
47465,INDIANA
47467,INDIANA
47468,INDIANA
47469,INDIANA
47470,INDIANA
47471,INDIANA
47501,INDIANA
47512,INDIANA
47513,INDIANA
47514,INDIANA
47515,INDIANA
47516,INDIANA
47519,INDIANA
47520,INDIANA
47521,INDIANA
47522,INDIANA
47523,INDIANA
47524,INDIANA
47525,INDIANA
47527,INDIANA
47528,INDIANA
47529,INDIANA
47531,INDIANA
47532,INDIANA
47535,INDIANA
47536,INDIANA
47537,INDIANA
47541,INDIANA
47542,INDIANA
47545,INDIANA
47546,INDIANA
47547,INDIANA
47549,INDIANA
47550,INDIANA
47551,INDIANA
47552,INDIANA
47553,INDIANA
47556,INDIANA
47557,INDIANA
47558,INDIANA
47561,INDIANA
47562,INDIANA
47564,INDIANA
47567,INDIANA
47568,INDIANA
47573,INDIANA
47574,INDIANA
47575,INDIANA
47576,INDIANA
47577,INDIANA
47578,INDIANA
47579,INDIANA
47580,INDIANA
47581,INDIANA
47584,INDIANA
47585,INDIANA
47586,INDIANA
47588,INDIANA
47590,INDIANA
47591,INDIANA
47596,INDIANA
47597,INDIANA
47598,INDIANA
47601,INDIANA
47610,INDIANA
47611,INDIANA
47612,INDIANA
47613,INDIANA
47615,INDIANA
47616,INDIANA
47617,INDIANA
47618,INDIANA
47619,INDIANA
47620,INDIANA
47629,INDIANA
47630,INDIANA
47631,INDIANA
47633,INDIANA
47634,INDIANA
47635,INDIANA
47637,INDIANA
47638,INDIANA
47639,INDIANA
47640,INDIANA
47647,INDIANA
47648,INDIANA
47649,INDIANA
47654,INDIANA
47660,INDIANA
47665,INDIANA
47666,INDIANA
47670,INDIANA
47683,INDIANA
47701,INDIANA
47702,INDIANA
47703,INDIANA
47704,INDIANA
47705,INDIANA
47706,INDIANA
47708,INDIANA
47710,INDIANA
47711,INDIANA
47712,INDIANA
47713,INDIANA
47714,INDIANA
47715,INDIANA
47716,INDIANA
47719,INDIANA
47720,INDIANA
47721,INDIANA
47722,INDIANA
47724,INDIANA
47725,INDIANA
47728,INDIANA
47730,INDIANA
47731,INDIANA
47732,INDIANA
47733,INDIANA
47734,INDIANA
47735,INDIANA
47736,INDIANA
47737,INDIANA
47740,INDIANA
47747,INDIANA
47750,INDIANA
47801,INDIANA
47802,INDIANA
47803,INDIANA
47804,INDIANA
47805,INDIANA
47807,INDIANA
47808,INDIANA
47809,INDIANA
47831,INDIANA
47832,INDIANA
47833,INDIANA
47834,INDIANA
47836,INDIANA
47837,INDIANA
47838,INDIANA
47840,INDIANA
47841,INDIANA
47842,INDIANA
47845,INDIANA
47846,INDIANA
47847,INDIANA
47848,INDIANA
47849,INDIANA
47850,INDIANA
47851,INDIANA
47852,INDIANA
47853,INDIANA
47854,INDIANA
47855,INDIANA
47857,INDIANA
47858,INDIANA
47859,INDIANA
47860,INDIANA
47861,INDIANA
47862,INDIANA
47863,INDIANA
47865,INDIANA
47866,INDIANA
47868,INDIANA
47869,INDIANA
47870,INDIANA
47871,INDIANA
47872,INDIANA
47874,INDIANA
47875,INDIANA
47876,INDIANA
47878,INDIANA
47879,INDIANA
47880,INDIANA
47881,INDIANA
47882,INDIANA
47884,INDIANA
47885,INDIANA
47901,INDIANA
47902,INDIANA
47903,INDIANA
47904,INDIANA
47905,INDIANA
47906,INDIANA
47907,INDIANA
47909,INDIANA
47916,INDIANA
47917,INDIANA
47918,INDIANA
47920,INDIANA
47921,INDIANA
47922,INDIANA
47923,INDIANA
47924,INDIANA
47925,INDIANA
47926,INDIANA
47928,INDIANA
47929,INDIANA
47930,INDIANA
47932,INDIANA
47933,INDIANA
47940,INDIANA
47941,INDIANA
47942,INDIANA
47943,INDIANA
47944,INDIANA
47946,INDIANA
47948,INDIANA
47949,INDIANA
47950,INDIANA
47951,INDIANA
47952,INDIANA
47954,INDIANA
47955,INDIANA
47957,INDIANA
47958,INDIANA
47959,INDIANA
47960,INDIANA
47962,INDIANA
47963,INDIANA
47964,INDIANA
47965,INDIANA
47966,INDIANA
47967,INDIANA
47968,INDIANA
47969,INDIANA
47970,INDIANA
47971,INDIANA
47974,INDIANA
47975,INDIANA
47977,INDIANA
47978,INDIANA
47980,INDIANA
47981,INDIANA
47982,INDIANA
47983,INDIANA
47986,INDIANA
47987,INDIANA
47988,INDIANA
47989,INDIANA
47990,INDIANA
47991,INDIANA
47992,INDIANA
47993,INDIANA
47994,INDIANA
47995,INDIANA
47996,INDIANA
47997,INDIANA
48001,MICHIGAN
48002,MICHIGAN
48003,MICHIGAN
48004,MICHIGAN
48005,MICHIGAN
48006,MICHIGAN
48007,MICHIGAN
48009,MICHIGAN
48012,MICHIGAN
48014,MICHIGAN
48015,MICHIGAN
48017,MICHIGAN
48021,MICHIGAN
48022,MICHIGAN
48023,MICHIGAN
48025,MICHIGAN
48026,MICHIGAN
48027,MICHIGAN
48028,MICHIGAN
48030,MICHIGAN
48032,MICHIGAN
48033,MICHIGAN
48034,MICHIGAN
48035,MICHIGAN
48036,MICHIGAN
48037,MICHIGAN
48038,MICHIGAN
48039,MICHIGAN
48040,MICHIGAN
48041,MICHIGAN
48042,MICHIGAN
48043,MICHIGAN
48044,MICHIGAN
48045,MICHIGAN
48046,MICHIGAN
48047,MICHIGAN
48048,MICHIGAN
48049,MICHIGAN
48050,MICHIGAN
48051,MICHIGAN
48054,MICHIGAN
48055,MICHIGAN
48059,MICHIGAN
48060,MICHIGAN
48061,MICHIGAN
48062,MICHIGAN
48063,MICHIGAN
48064,MICHIGAN
48065,MICHIGAN
48066,MICHIGAN
48067,MICHIGAN
48068,MICHIGAN
48069,MICHIGAN
48070,MICHIGAN
48071,MICHIGAN
48072,MICHIGAN
48073,MICHIGAN
48074,MICHIGAN
48075,MICHIGAN
48076,MICHIGAN
48079,MICHIGAN
48080,MICHIGAN
48081,MICHIGAN
48082,MICHIGAN
48083,MICHIGAN
48084,MICHIGAN
48085,MICHIGAN
48086,MICHIGAN
48088,MICHIGAN
48089,MICHIGAN
48090,MICHIGAN
48091,MICHIGAN
48092,MICHIGAN
48093,MICHIGAN
48094,MICHIGAN
48095,MICHIGAN
48096,MICHIGAN
48097,MICHIGAN
48098,MICHIGAN
48099,MICHIGAN
48101,MICHIGAN
48103,MICHIGAN
48104,MICHIGAN
48105,MICHIGAN
48106,MICHIGAN
48107,MICHIGAN
48108,MICHIGAN
48109,MICHIGAN
48110,MICHIGAN
48111,MICHIGAN
48112,MICHIGAN
48113,MICHIGAN
48114,MICHIGAN
48115,MICHIGAN
48116,MICHIGAN
48117,MICHIGAN
48118,MICHIGAN
48120,MICHIGAN
48121,MICHIGAN
48122,MICHIGAN
48123,MICHIGAN
48124,MICHIGAN
48125,MICHIGAN
48126,MICHIGAN
48127,MICHIGAN
48128,MICHIGAN
48130,MICHIGAN
48131,MICHIGAN
48133,MICHIGAN
48134,MICHIGAN
48135,MICHIGAN
48136,MICHIGAN
48137,MICHIGAN
48138,MICHIGAN
48139,MICHIGAN
48140,MICHIGAN
48141,MICHIGAN
48143,MICHIGAN
48144,MICHIGAN
48145,MICHIGAN
48146,MICHIGAN
48150,MICHIGAN
48151,MICHIGAN
48152,MICHIGAN
48153,MICHIGAN
48154,MICHIGAN
48157,MICHIGAN
48158,MICHIGAN
48159,MICHIGAN
48160,MICHIGAN
48161,MICHIGAN
48162,MICHIGAN
48164,MICHIGAN
48165,MICHIGAN
48166,MICHIGAN
48167,MICHIGAN
48168,MICHIGAN
48169,MICHIGAN
48170,MICHIGAN
48173,MICHIGAN
48174,MICHIGAN
48175,MICHIGAN
48176,MICHIGAN
48177,MICHIGAN
48178,MICHIGAN
48179,MICHIGAN
48180,MICHIGAN
48182,MICHIGAN
48183,MICHIGAN
48184,MICHIGAN
48185,MICHIGAN
48186,MICHIGAN
48187,MICHIGAN
48188,MICHIGAN
48189,MICHIGAN
48190,MICHIGAN
48191,MICHIGAN
48192,MICHIGAN
48193,MICHIGAN
48195,MICHIGAN
48197,MICHIGAN
48198,MICHIGAN
48201,MICHIGAN
48202,MICHIGAN
48203,MICHIGAN
48204,MICHIGAN
48205,MICHIGAN
48206,MICHIGAN
48207,MICHIGAN
48208,MICHIGAN
48209,MICHIGAN
48210,MICHIGAN
48211,MICHIGAN
48212,MICHIGAN
48213,MICHIGAN
48214,MICHIGAN
48215,MICHIGAN
48216,MICHIGAN
48217,MICHIGAN
48218,MICHIGAN
48219,MICHIGAN
48220,MICHIGAN
48221,MICHIGAN
48222,MICHIGAN
48223,MICHIGAN
48224,MICHIGAN
48225,MICHIGAN
48226,MICHIGAN
48227,MICHIGAN
48228,MICHIGAN
48229,MICHIGAN
48230,MICHIGAN
48231,MICHIGAN
48232,MICHIGAN
48233,MICHIGAN
48234,MICHIGAN
48235,MICHIGAN
48236,MICHIGAN
48237,MICHIGAN
48238,MICHIGAN
48239,MICHIGAN
48240,MICHIGAN
48242,MICHIGAN
48243,MICHIGAN
48244,MICHIGAN
48255,MICHIGAN
48260,MICHIGAN
48264,MICHIGAN
48265,MICHIGAN
48266,MICHIGAN
48267,MICHIGAN
48268,MICHIGAN
48269,MICHIGAN
48272,MICHIGAN
48275,MICHIGAN
48277,MICHIGAN
48278,MICHIGAN
48279,MICHIGAN
48288,MICHIGAN
48301,MICHIGAN
48302,MICHIGAN
48303,MICHIGAN
48304,MICHIGAN
48306,MICHIGAN
48307,MICHIGAN
48308,MICHIGAN
48309,MICHIGAN
48310,MICHIGAN
48311,MICHIGAN
48312,MICHIGAN
48313,MICHIGAN
48314,MICHIGAN
48315,MICHIGAN
48316,MICHIGAN
48317,MICHIGAN
48318,MICHIGAN
48320,MICHIGAN
48321,MICHIGAN
48322,MICHIGAN
48323,MICHIGAN
48324,MICHIGAN
48325,MICHIGAN
48326,MICHIGAN
48327,MICHIGAN
48328,MICHIGAN
48329,MICHIGAN
48330,MICHIGAN
48331,MICHIGAN
48332,MICHIGAN
48333,MICHIGAN
48334,MICHIGAN
48335,MICHIGAN
48336,MICHIGAN
48340,MICHIGAN
48341,MICHIGAN
48342,MICHIGAN
48343,MICHIGAN
48346,MICHIGAN
48347,MICHIGAN
48348,MICHIGAN
48350,MICHIGAN
48353,MICHIGAN
48356,MICHIGAN
48357,MICHIGAN
48359,MICHIGAN
48360,MICHIGAN
48361,MICHIGAN
48362,MICHIGAN
48363,MICHIGAN
48366,MICHIGAN
48367,MICHIGAN
48370,MICHIGAN
48371,MICHIGAN
48374,MICHIGAN
48375,MICHIGAN
48376,MICHIGAN
48377,MICHIGAN
48380,MICHIGAN
48381,MICHIGAN
48382,MICHIGAN
48383,MICHIGAN
48386,MICHIGAN
48387,MICHIGAN
48390,MICHIGAN
48393,MICHIGAN
48397,MICHIGAN
48401,MICHIGAN
48410,MICHIGAN
48411,MICHIGAN
48412,MICHIGAN
48413,MICHIGAN
48414,MICHIGAN
48415,MICHIGAN
48416,MICHIGAN
48417,MICHIGAN
48418,MICHIGAN
48419,MICHIGAN
48420,MICHIGAN
48421,MICHIGAN
48422,MICHIGAN
48423,MICHIGAN
48426,MICHIGAN
48427,MICHIGAN
48428,MICHIGAN
48429,MICHIGAN
48430,MICHIGAN
48432,MICHIGAN
48433,MICHIGAN
48434,MICHIGAN
48435,MICHIGAN
48436,MICHIGAN
48437,MICHIGAN
48438,MICHIGAN
48439,MICHIGAN
48440,MICHIGAN
48441,MICHIGAN
48442,MICHIGAN
48444,MICHIGAN
48445,MICHIGAN
48446,MICHIGAN
48449,MICHIGAN
48450,MICHIGAN
48451,MICHIGAN
48453,MICHIGAN
48454,MICHIGAN
48455,MICHIGAN
48456,MICHIGAN
48457,MICHIGAN
48458,MICHIGAN
48460,MICHIGAN
48461,MICHIGAN
48462,MICHIGAN
48463,MICHIGAN
48464,MICHIGAN
48465,MICHIGAN
48466,MICHIGAN
48467,MICHIGAN
48468,MICHIGAN
48469,MICHIGAN
48470,MICHIGAN
48471,MICHIGAN
48472,MICHIGAN
48473,MICHIGAN
48475,MICHIGAN
48476,MICHIGAN
48480,MICHIGAN
48501,MICHIGAN
48502,MICHIGAN
48503,MICHIGAN
48504,MICHIGAN
48505,MICHIGAN
48506,MICHIGAN
48507,MICHIGAN
48509,MICHIGAN
48519,MICHIGAN
48529,MICHIGAN
48531,MICHIGAN
48532,MICHIGAN
48550,MICHIGAN
48551,MICHIGAN
48552,MICHIGAN
48553,MICHIGAN
48554,MICHIGAN
48555,MICHIGAN
48556,MICHIGAN
48557,MICHIGAN
48601,MICHIGAN
48602,MICHIGAN
48603,MICHIGAN
48604,MICHIGAN
48605,MICHIGAN
48606,MICHIGAN
48607,MICHIGAN
48608,MICHIGAN
48609,MICHIGAN
48610,MICHIGAN
48611,MICHIGAN
48612,MICHIGAN
48613,MICHIGAN
48614,MICHIGAN
48615,MICHIGAN
48616,MICHIGAN
48617,MICHIGAN
48618,MICHIGAN
48619,MICHIGAN
48620,MICHIGAN
48621,MICHIGAN
48622,MICHIGAN
48623,MICHIGAN
48624,MICHIGAN
48625,MICHIGAN
48626,MICHIGAN
48627,MICHIGAN
48628,MICHIGAN
48629,MICHIGAN
48630,MICHIGAN
48631,MICHIGAN
48632,MICHIGAN
48633,MICHIGAN
48634,MICHIGAN
48635,MICHIGAN
48636,MICHIGAN
48637,MICHIGAN
48638,MICHIGAN
48640,MICHIGAN
48641,MICHIGAN
48642,MICHIGAN
48647,MICHIGAN
48649,MICHIGAN
48650,MICHIGAN
48651,MICHIGAN
48652,MICHIGAN
48653,MICHIGAN
48654,MICHIGAN
48655,MICHIGAN
48656,MICHIGAN
48657,MICHIGAN
48658,MICHIGAN
48659,MICHIGAN
48661,MICHIGAN
48662,MICHIGAN
48663,MICHIGAN
48667,MICHIGAN
48670,MICHIGAN
48674,MICHIGAN
48686,MICHIGAN
48701,MICHIGAN
48703,MICHIGAN
48705,MICHIGAN
48706,MICHIGAN
48707,MICHIGAN
48708,MICHIGAN
48710,MICHIGAN
48720,MICHIGAN
48721,MICHIGAN
48722,MICHIGAN
48723,MICHIGAN
48724,MICHIGAN
48725,MICHIGAN
48726,MICHIGAN
48727,MICHIGAN
48728,MICHIGAN
48729,MICHIGAN
48730,MICHIGAN
48731,MICHIGAN
48732,MICHIGAN
48733,MICHIGAN
48734,MICHIGAN
48735,MICHIGAN
48737,MICHIGAN
48738,MICHIGAN
48739,MICHIGAN
48740,MICHIGAN
48741,MICHIGAN
48742,MICHIGAN
48743,MICHIGAN
48744,MICHIGAN
48745,MICHIGAN
48746,MICHIGAN
48747,MICHIGAN
48748,MICHIGAN
48749,MICHIGAN
48750,MICHIGAN
48754,MICHIGAN
48755,MICHIGAN
48756,MICHIGAN
48757,MICHIGAN
48758,MICHIGAN
48759,MICHIGAN
48760,MICHIGAN
48761,MICHIGAN
48762,MICHIGAN
48763,MICHIGAN
48764,MICHIGAN
48765,MICHIGAN
48766,MICHIGAN
48767,MICHIGAN
48768,MICHIGAN
48770,MICHIGAN
48787,MICHIGAN
48801,MICHIGAN
48804,MICHIGAN
48805,MICHIGAN
48806,MICHIGAN
48807,MICHIGAN
48808,MICHIGAN
48809,MICHIGAN
48811,MICHIGAN
48812,MICHIGAN
48813,MICHIGAN
48815,MICHIGAN
48816,MICHIGAN
48817,MICHIGAN
48818,MICHIGAN
48819,MICHIGAN
48820,MICHIGAN
48821,MICHIGAN
48822,MICHIGAN
48823,MICHIGAN
48824,MICHIGAN
48825,MICHIGAN
48826,MICHIGAN
48827,MICHIGAN
48829,MICHIGAN
48830,MICHIGAN
48831,MICHIGAN
48832,MICHIGAN
48833,MICHIGAN
48834,MICHIGAN
48835,MICHIGAN
48836,MICHIGAN
48837,MICHIGAN
48838,MICHIGAN
48840,MICHIGAN
48841,MICHIGAN
48842,MICHIGAN
48843,MICHIGAN
48844,MICHIGAN
48845,MICHIGAN
48846,MICHIGAN
48847,MICHIGAN
48848,MICHIGAN
48849,MICHIGAN
48850,MICHIGAN
48851,MICHIGAN
48852,MICHIGAN
48853,MICHIGAN
48854,MICHIGAN
48855,MICHIGAN
48856,MICHIGAN
48857,MICHIGAN
48858,MICHIGAN
48859,MICHIGAN
48860,MICHIGAN
48861,MICHIGAN
48862,MICHIGAN
48864,MICHIGAN
48865,MICHIGAN
48866,MICHIGAN
48867,MICHIGAN
48870,MICHIGAN
48871,MICHIGAN
48872,MICHIGAN
48873,MICHIGAN
48874,MICHIGAN
48875,MICHIGAN
48876,MICHIGAN
48877,MICHIGAN
48878,MICHIGAN
48879,MICHIGAN
48880,MICHIGAN
48881,MICHIGAN
48882,MICHIGAN
48883,MICHIGAN
48884,MICHIGAN
48885,MICHIGAN
48886,MICHIGAN
48887,MICHIGAN
48888,MICHIGAN
48889,MICHIGAN
48890,MICHIGAN
48891,MICHIGAN
48892,MICHIGAN
48893,MICHIGAN
48894,MICHIGAN
48895,MICHIGAN
48896,MICHIGAN
48897,MICHIGAN
48901,MICHIGAN
48906,MICHIGAN
48908,MICHIGAN
48909,MICHIGAN
48910,MICHIGAN
48911,MICHIGAN
48912,MICHIGAN
48913,MICHIGAN
48915,MICHIGAN
48916,MICHIGAN
48917,MICHIGAN
48918,MICHIGAN
48919,MICHIGAN
48922,MICHIGAN
48924,MICHIGAN
48929,MICHIGAN
48930,MICHIGAN
48933,MICHIGAN
48937,MICHIGAN
48951,MICHIGAN
48956,MICHIGAN
48980,MICHIGAN
49001,MICHIGAN
49002,MICHIGAN
49003,MICHIGAN
49004,MICHIGAN
49005,MICHIGAN
49006,MICHIGAN
49007,MICHIGAN
49008,MICHIGAN
49009,MICHIGAN
49010,MICHIGAN
49011,MICHIGAN
49012,MICHIGAN
49013,MICHIGAN
49014,MICHIGAN
49015,MICHIGAN
49016,MICHIGAN
49017,MICHIGAN
49018,MICHIGAN
49019,MICHIGAN
49020,MICHIGAN
49021,MICHIGAN
49022,MICHIGAN
49023,MICHIGAN
49024,MICHIGAN
49026,MICHIGAN
49027,MICHIGAN
49028,MICHIGAN
49029,MICHIGAN
49030,MICHIGAN
49031,MICHIGAN
49032,MICHIGAN
49033,MICHIGAN
49034,MICHIGAN
49035,MICHIGAN
49036,MICHIGAN
49037,MICHIGAN
49038,MICHIGAN
49039,MICHIGAN
49040,MICHIGAN
49041,MICHIGAN
49042,MICHIGAN
49043,MICHIGAN
49045,MICHIGAN
49046,MICHIGAN
49047,MICHIGAN
49048,MICHIGAN
49050,MICHIGAN
49051,MICHIGAN
49052,MICHIGAN
49053,MICHIGAN
49055,MICHIGAN
49056,MICHIGAN
49057,MICHIGAN
49058,MICHIGAN
49060,MICHIGAN
49061,MICHIGAN
49062,MICHIGAN
49063,MICHIGAN
49064,MICHIGAN
49065,MICHIGAN
49066,MICHIGAN
49067,MICHIGAN
49068,MICHIGAN
49070,MICHIGAN
49071,MICHIGAN
49072,MICHIGAN
49073,MICHIGAN
49074,MICHIGAN
49075,MICHIGAN
49076,MICHIGAN
49077,MICHIGAN
49078,MICHIGAN
49079,MICHIGAN
49080,MICHIGAN
49081,MICHIGAN
49082,MICHIGAN
49083,MICHIGAN
49084,MICHIGAN
49085,MICHIGAN
49087,MICHIGAN
49088,MICHIGAN
49089,MICHIGAN
49090,MICHIGAN
49091,MICHIGAN
49092,MICHIGAN
49093,MICHIGAN
49094,MICHIGAN
49095,MICHIGAN
49096,MICHIGAN
49097,MICHIGAN
49098,MICHIGAN
49099,MICHIGAN
49101,MICHIGAN
49102,MICHIGAN
49103,MICHIGAN
49104,MICHIGAN
49106,MICHIGAN
49107,MICHIGAN
49111,MICHIGAN
49112,MICHIGAN
49113,MICHIGAN
49115,MICHIGAN
49116,MICHIGAN
49117,MICHIGAN
49119,MICHIGAN
49120,MICHIGAN
49125,MICHIGAN
49126,MICHIGAN
49127,MICHIGAN
49128,MICHIGAN
49129,MICHIGAN
49130,MICHIGAN
49201,MICHIGAN
49202,MICHIGAN
49203,MICHIGAN
49204,MICHIGAN
49220,MICHIGAN
49221,MICHIGAN
49224,MICHIGAN
49227,MICHIGAN
49228,MICHIGAN
49229,MICHIGAN
49230,MICHIGAN
49232,MICHIGAN
49233,MICHIGAN
49234,MICHIGAN
49235,MICHIGAN
49236,MICHIGAN
49237,MICHIGAN
49238,MICHIGAN
49239,MICHIGAN
49240,MICHIGAN
49241,MICHIGAN
49242,MICHIGAN
49245,MICHIGAN
49246,MICHIGAN
49247,MICHIGAN
49248,MICHIGAN
49249,MICHIGAN
49250,MICHIGAN
49251,MICHIGAN
49252,MICHIGAN
49253,MICHIGAN
49254,MICHIGAN
49255,MICHIGAN
49256,MICHIGAN
49257,MICHIGAN
49258,MICHIGAN
49259,MICHIGAN
49261,MICHIGAN
49262,MICHIGAN
49263,MICHIGAN
49264,MICHIGAN
49265,MICHIGAN
49266,MICHIGAN
49267,MICHIGAN
49268,MICHIGAN
49269,MICHIGAN
49270,MICHIGAN
49271,MICHIGAN
49272,MICHIGAN
49274,MICHIGAN
49276,MICHIGAN
49277,MICHIGAN
49279,MICHIGAN
49281,MICHIGAN
49282,MICHIGAN
49283,MICHIGAN
49284,MICHIGAN
49285,MICHIGAN
49286,MICHIGAN
49287,MICHIGAN
49288,MICHIGAN
49289,MICHIGAN
49301,MICHIGAN
49302,MICHIGAN
49303,MICHIGAN
49304,MICHIGAN
49305,MICHIGAN
49306,MICHIGAN
49307,MICHIGAN
49309,MICHIGAN
49310,MICHIGAN
49311,MICHIGAN
49312,MICHIGAN
49314,MICHIGAN
49315,MICHIGAN
49316,MICHIGAN
49317,MICHIGAN
49318,MICHIGAN
49319,MICHIGAN
49320,MICHIGAN
49321,MICHIGAN
49322,MICHIGAN
49323,MICHIGAN
49325,MICHIGAN
49326,MICHIGAN
49327,MICHIGAN
49328,MICHIGAN
49329,MICHIGAN
49330,MICHIGAN
49331,MICHIGAN
49332,MICHIGAN
49333,MICHIGAN
49335,MICHIGAN
49336,MICHIGAN
49337,MICHIGAN
49338,MICHIGAN
49339,MICHIGAN
49340,MICHIGAN
49341,MICHIGAN
49342,MICHIGAN
49343,MICHIGAN
49344,MICHIGAN
49345,MICHIGAN
49346,MICHIGAN
49347,MICHIGAN
49348,MICHIGAN
49349,MICHIGAN
49351,MICHIGAN
49355,MICHIGAN
49356,MICHIGAN
49357,MICHIGAN
49401,MICHIGAN
49402,MICHIGAN
49403,MICHIGAN
49404,MICHIGAN
49405,MICHIGAN
49406,MICHIGAN
49408,MICHIGAN
49409,MICHIGAN
49410,MICHIGAN
49411,MICHIGAN
49412,MICHIGAN
49413,MICHIGAN
49415,MICHIGAN
49416,MICHIGAN
49417,MICHIGAN
49418,MICHIGAN
49419,MICHIGAN
49420,MICHIGAN
49421,MICHIGAN
49422,MICHIGAN
49423,MICHIGAN
49424,MICHIGAN
49425,MICHIGAN
49426,MICHIGAN
49427,MICHIGAN
49428,MICHIGAN
49429,MICHIGAN
49430,MICHIGAN
49431,MICHIGAN
49434,MICHIGAN
49435,MICHIGAN
49436,MICHIGAN
49437,MICHIGAN
49440,MICHIGAN
49441,MICHIGAN
49442,MICHIGAN
49443,MICHIGAN
49444,MICHIGAN
49445,MICHIGAN
49446,MICHIGAN
49448,MICHIGAN
49449,MICHIGAN
49450,MICHIGAN
49451,MICHIGAN
49452,MICHIGAN
49453,MICHIGAN
49454,MICHIGAN
49455,MICHIGAN
49456,MICHIGAN
49457,MICHIGAN
49458,MICHIGAN
49459,MICHIGAN
49460,MICHIGAN
49461,MICHIGAN
49463,MICHIGAN
49464,MICHIGAN
49468,MICHIGAN
49501,MICHIGAN
49502,MICHIGAN
49503,MICHIGAN
49504,MICHIGAN
49505,MICHIGAN
49506,MICHIGAN
49507,MICHIGAN
49508,MICHIGAN
49509,MICHIGAN
49510,MICHIGAN
49512,MICHIGAN
49514,MICHIGAN
49515,MICHIGAN
49516,MICHIGAN
49518,MICHIGAN
49519,MICHIGAN
49523,MICHIGAN
49525,MICHIGAN
49528,MICHIGAN
49530,MICHIGAN
49534,MICHIGAN
49544,MICHIGAN
49546,MICHIGAN
49548,MICHIGAN
49555,MICHIGAN
49560,MICHIGAN
49588,MICHIGAN
49599,MICHIGAN
49601,MICHIGAN
49610,MICHIGAN
49611,MICHIGAN
49612,MICHIGAN
49613,MICHIGAN
49614,MICHIGAN
49615,MICHIGAN
49616,MICHIGAN
49617,MICHIGAN
49618,MICHIGAN
49619,MICHIGAN
49620,MICHIGAN
49621,MICHIGAN
49622,MICHIGAN
49623,MICHIGAN
49625,MICHIGAN
49626,MICHIGAN
49627,MICHIGAN
49628,MICHIGAN
49629,MICHIGAN
49630,MICHIGAN
49631,MICHIGAN
49632,MICHIGAN
49633,MICHIGAN
49634,MICHIGAN
49635,MICHIGAN
49636,MICHIGAN
49637,MICHIGAN
49638,MICHIGAN
49639,MICHIGAN
49640,MICHIGAN
49642,MICHIGAN
49643,MICHIGAN
49644,MICHIGAN
49645,MICHIGAN
49646,MICHIGAN
49648,MICHIGAN
49649,MICHIGAN
49650,MICHIGAN
49651,MICHIGAN
49653,MICHIGAN
49654,MICHIGAN
49655,MICHIGAN
49656,MICHIGAN
49657,MICHIGAN
49659,MICHIGAN
49660,MICHIGAN
49663,MICHIGAN
49664,MICHIGAN
49665,MICHIGAN
49666,MICHIGAN
49667,MICHIGAN
49668,MICHIGAN
49670,MICHIGAN
49673,MICHIGAN
49674,MICHIGAN
49675,MICHIGAN
49676,MICHIGAN
49677,MICHIGAN
49679,MICHIGAN
49680,MICHIGAN
49682,MICHIGAN
49683,MICHIGAN
49684,MICHIGAN
49685,MICHIGAN
49686,MICHIGAN
49688,MICHIGAN
49689,MICHIGAN
49690,MICHIGAN
49696,MICHIGAN
49701,MICHIGAN
49705,MICHIGAN
49706,MICHIGAN
49707,MICHIGAN
49709,MICHIGAN
49710,MICHIGAN
49711,MICHIGAN
49712,MICHIGAN
49713,MICHIGAN
49715,MICHIGAN
49716,MICHIGAN
49717,MICHIGAN
49718,MICHIGAN
49719,MICHIGAN
49720,MICHIGAN
49721,MICHIGAN
49722,MICHIGAN
49723,MICHIGAN
49724,MICHIGAN
49725,MICHIGAN
49726,MICHIGAN
49727,MICHIGAN
49728,MICHIGAN
49729,MICHIGAN
49730,MICHIGAN
49733,MICHIGAN
49734,MICHIGAN
49735,MICHIGAN
49736,MICHIGAN
49737,MICHIGAN
49738,MICHIGAN
49739,MICHIGAN
49740,MICHIGAN
49743,MICHIGAN
49744,MICHIGAN
49745,MICHIGAN
49746,MICHIGAN
49747,MICHIGAN
49748,MICHIGAN
49749,MICHIGAN
49751,MICHIGAN
49752,MICHIGAN
49753,MICHIGAN
49755,MICHIGAN
49756,MICHIGAN
49757,MICHIGAN
49759,MICHIGAN
49760,MICHIGAN
49761,MICHIGAN
49762,MICHIGAN
49764,MICHIGAN
49765,MICHIGAN
49766,MICHIGAN
49768,MICHIGAN
49769,MICHIGAN
49770,MICHIGAN
49774,MICHIGAN
49775,MICHIGAN
49776,MICHIGAN
49777,MICHIGAN
49779,MICHIGAN
49780,MICHIGAN
49781,MICHIGAN
49782,MICHIGAN
49783,MICHIGAN
49784,MICHIGAN
49785,MICHIGAN
49786,MICHIGAN
49788,MICHIGAN
49791,MICHIGAN
49792,MICHIGAN
49793,MICHIGAN
49795,MICHIGAN
49796,MICHIGAN
49797,MICHIGAN
49799,MICHIGAN
49801,MICHIGAN
49802,MICHIGAN
49805,MICHIGAN
49806,MICHIGAN
49807,MICHIGAN
49808,MICHIGAN
49812,MICHIGAN
49814,MICHIGAN
49815,MICHIGAN
49816,MICHIGAN
49817,MICHIGAN
49818,MICHIGAN
49819,MICHIGAN
49820,MICHIGAN
49821,MICHIGAN
49822,MICHIGAN
49825,MICHIGAN
49826,MICHIGAN
49827,MICHIGAN
49829,MICHIGAN
49831,MICHIGAN
49833,MICHIGAN
49834,MICHIGAN
49835,MICHIGAN
49836,MICHIGAN
49837,MICHIGAN
49838,MICHIGAN
49839,MICHIGAN
49840,MICHIGAN
49841,MICHIGAN
49845,MICHIGAN
49847,MICHIGAN
49848,MICHIGAN
49849,MICHIGAN
49852,MICHIGAN
49853,MICHIGAN
49854,MICHIGAN
49855,MICHIGAN
49858,MICHIGAN
49861,MICHIGAN
49862,MICHIGAN
49863,MICHIGAN
49864,MICHIGAN
49865,MICHIGAN
49866,MICHIGAN
49868,MICHIGAN
49870,MICHIGAN
49871,MICHIGAN
49872,MICHIGAN
49873,MICHIGAN
49874,MICHIGAN
49876,MICHIGAN
49877,MICHIGAN
49878,MICHIGAN
49879,MICHIGAN
49880,MICHIGAN
49881,MICHIGAN
49883,MICHIGAN
49884,MICHIGAN
49885,MICHIGAN
49886,MICHIGAN
49887,MICHIGAN
49891,MICHIGAN
49892,MICHIGAN
49893,MICHIGAN
49894,MICHIGAN
49895,MICHIGAN
49896,MICHIGAN
49901,MICHIGAN
49902,MICHIGAN
49903,MICHIGAN
49905,MICHIGAN
49908,MICHIGAN
49910,MICHIGAN
49911,MICHIGAN
49912,MICHIGAN
49913,MICHIGAN
49915,MICHIGAN
49916,MICHIGAN
49917,MICHIGAN
49918,MICHIGAN
49919,MICHIGAN
49920,MICHIGAN
49921,MICHIGAN
49922,MICHIGAN
49925,MICHIGAN
49927,MICHIGAN
49929,MICHIGAN
49930,MICHIGAN
49931,MICHIGAN
49934,MICHIGAN
49935,MICHIGAN
49938,MICHIGAN
49942,MICHIGAN
49945,MICHIGAN
49946,MICHIGAN
49947,MICHIGAN
49948,MICHIGAN
49950,MICHIGAN
49952,MICHIGAN
49953,MICHIGAN
49955,MICHIGAN
49958,MICHIGAN
49959,MICHIGAN
49960,MICHIGAN
49961,MICHIGAN
49962,MICHIGAN
49963,MICHIGAN
49964,MICHIGAN
49965,MICHIGAN
49967,MICHIGAN
49968,MICHIGAN
49969,MICHIGAN
49970,MICHIGAN
49971,MICHIGAN
50001,IA-NE-SD
50002,IA-NE-SD
50003,IA-NE-SD
50005,IA-NE-SD
50006,IA-NE-SD
50007,IA-NE-SD
50008,IA-NE-SD
50009,IA-NE-SD
50010,IA-NE-SD
50011,IA-NE-SD
50012,IA-NE-SD
50013,IA-NE-SD
50014,IA-NE-SD
50020,IA-NE-SD
50021,IA-NE-SD
50022,IA-NE-SD
50023,IA-NE-SD
50025,IA-NE-SD
50026,IA-NE-SD
50027,IA-NE-SD
50028,IA-NE-SD
50029,IA-NE-SD
50031,IA-NE-SD
50032,IA-NE-SD
50033,IA-NE-SD
50034,IA-NE-SD
50035,IA-NE-SD
50036,IA-NE-SD
50037,IA-NE-SD
50038,IA-NE-SD
50039,IA-NE-SD
50040,IA-NE-SD
50041,IA-NE-SD
50042,IA-NE-SD
50043,IA-NE-SD
50044,IA-NE-SD
50046,IA-NE-SD
50047,IA-NE-SD
50048,IA-NE-SD
50049,IA-NE-SD
50050,IA-NE-SD
50051,IA-NE-SD
50052,IA-NE-SD
50054,IA-NE-SD
50055,IA-NE-SD
50056,IA-NE-SD
50057,IA-NE-SD
50058,IA-NE-SD
50059,IA-NE-SD
50060,IA-NE-SD
50061,IA-NE-SD
50062,IA-NE-SD
50063,IA-NE-SD
50064,IA-NE-SD
50065,IA-NE-SD
50066,IA-NE-SD
50067,IA-NE-SD
50068,IA-NE-SD
50069,IA-NE-SD
50070,IA-NE-SD
50071,IA-NE-SD
50072,IA-NE-SD
50073,IA-NE-SD
50074,IA-NE-SD
50075,IA-NE-SD
50076,IA-NE-SD
50078,IA-NE-SD
50099,IA-NE-SD
50101,IA-NE-SD
50102,IA-NE-SD
50103,IA-NE-SD
50104,IA-NE-SD
50105,IA-NE-SD
50106,IA-NE-SD
50107,IA-NE-SD
50108,IA-NE-SD
50109,IA-NE-SD
50110,IA-NE-SD
50111,IA-NE-SD
50112,IA-NE-SD
50115,IA-NE-SD
50116,IA-NE-SD
50117,IA-NE-SD
50118,IA-NE-SD
50119,IA-NE-SD
50120,IA-NE-SD
50122,IA-NE-SD
50123,IA-NE-SD
50124,IA-NE-SD
50125,IA-NE-SD
50126,IA-NE-SD
50127,IA-NE-SD
50128,IA-NE-SD
50129,IA-NE-SD
50130,IA-NE-SD
50131,IA-NE-SD
50132,IA-NE-SD
50133,IA-NE-SD
50134,IA-NE-SD
50135,IA-NE-SD
50136,IA-NE-SD
50137,IA-NE-SD
50138,IA-NE-SD
50139,IA-NE-SD
50140,IA-NE-SD
50141,IA-NE-SD
50142,IA-NE-SD
50143,IA-NE-SD
50144,IA-NE-SD
50145,IA-NE-SD
50146,IA-NE-SD
50147,IA-NE-SD
50148,IA-NE-SD
50149,IA-NE-SD
50150,IA-NE-SD
50151,IA-NE-SD
50152,IA-NE-SD
50153,IA-NE-SD
50154,IA-NE-SD
50155,IA-NE-SD
50156,IA-NE-SD
50157,IA-NE-SD
50158,IA-NE-SD
50160,IA-NE-SD
50161,IA-NE-SD
50162,IA-NE-SD
50163,IA-NE-SD
50164,IA-NE-SD
50165,IA-NE-SD
50166,IA-NE-SD
50167,IA-NE-SD
50168,IA-NE-SD
50169,IA-NE-SD
50170,IA-NE-SD
50171,IA-NE-SD
50173,IA-NE-SD
50174,IA-NE-SD
50201,IA-NE-SD
50206,IA-NE-SD
50207,IA-NE-SD
50208,IA-NE-SD
50210,IA-NE-SD
50211,IA-NE-SD
50212,IA-NE-SD
50213,IA-NE-SD
50214,IA-NE-SD
50216,IA-NE-SD
50217,IA-NE-SD
50218,IA-NE-SD
50219,IA-NE-SD
50220,IA-NE-SD
50222,IA-NE-SD
50223,IA-NE-SD
50225,IA-NE-SD
50226,IA-NE-SD
50227,IA-NE-SD
50228,IA-NE-SD
50229,IA-NE-SD
50230,IA-NE-SD
50231,IA-NE-SD
50232,IA-NE-SD
50233,IA-NE-SD
50234,IA-NE-SD
50235,IA-NE-SD
50236,IA-NE-SD
50237,IA-NE-SD
50238,IA-NE-SD
50239,IA-NE-SD
50240,IA-NE-SD
50241,IA-NE-SD
50242,IA-NE-SD
50243,IA-NE-SD
50244,IA-NE-SD
50246,IA-NE-SD
50247,IA-NE-SD
50248,IA-NE-SD
50249,IA-NE-SD
50250,IA-NE-SD
50251,IA-NE-SD
50252,IA-NE-SD
50254,IA-NE-SD
50255,IA-NE-SD
50256,IA-NE-SD
50257,IA-NE-SD
50258,IA-NE-SD
50259,IA-NE-SD
50261,IA-NE-SD
50262,IA-NE-SD
50263,IA-NE-SD
50264,IA-NE-SD
50265,IA-NE-SD
50266,IA-NE-SD
50268,IA-NE-SD
50269,IA-NE-SD
50271,IA-NE-SD
50272,IA-NE-SD
50273,IA-NE-SD
50274,IA-NE-SD
50275,IA-NE-SD
50276,IA-NE-SD
50277,IA-NE-SD
50278,IA-NE-SD
50301,IA-NE-SD
50302,IA-NE-SD
50303,IA-NE-SD
50304,IA-NE-SD
50305,IA-NE-SD
50306,IA-NE-SD
50307,IA-NE-SD
50308,IA-NE-SD
50309,IA-NE-SD
50310,IA-NE-SD
50311,IA-NE-SD
50312,IA-NE-SD
50313,IA-NE-SD
50314,IA-NE-SD
50315,IA-NE-SD
50316,IA-NE-SD
50317,IA-NE-SD
50318,IA-NE-SD
50319,IA-NE-SD
50320,IA-NE-SD
50321,IA-NE-SD
50322,IA-NE-SD
50323,IA-NE-SD
50324,IA-NE-SD
50325,IA-NE-SD
50327,IA-NE-SD
50328,IA-NE-SD
50329,IA-NE-SD
50330,IA-NE-SD
50331,IA-NE-SD
50332,IA-NE-SD
50333,IA-NE-SD
50334,IA-NE-SD
50335,IA-NE-SD
50336,IA-NE-SD
50339,IA-NE-SD
50340,IA-NE-SD
50359,IA-NE-SD
50360,IA-NE-SD
50361,IA-NE-SD
50362,IA-NE-SD
50363,IA-NE-SD
50364,IA-NE-SD
50367,IA-NE-SD
50368,IA-NE-SD
50369,IA-NE-SD
50380,IA-NE-SD
50381,IA-NE-SD
50391,IA-NE-SD
50392,IA-NE-SD
50393,IA-NE-SD
50394,IA-NE-SD
50395,IA-NE-SD
50396,IA-NE-SD
50398,IA-NE-SD
50401,IA-NE-SD
50402,IA-NE-SD
50420,IA-NE-SD
50421,IA-NE-SD
50423,IA-NE-SD
50424,IA-NE-SD
50426,IA-NE-SD
50427,IA-NE-SD
50428,IA-NE-SD
50430,IA-NE-SD
50431,IA-NE-SD
50432,IA-NE-SD
50433,IA-NE-SD
50434,IA-NE-SD
50435,IA-NE-SD
50436,IA-NE-SD
50438,IA-NE-SD
50439,IA-NE-SD
50440,IA-NE-SD
50441,IA-NE-SD
50444,IA-NE-SD
50446,IA-NE-SD
50447,IA-NE-SD
50448,IA-NE-SD
50449,IA-NE-SD
50450,IA-NE-SD
50451,IA-NE-SD
50452,IA-NE-SD
50453,IA-NE-SD
50454,IA-NE-SD
50455,IA-NE-SD
50456,IA-NE-SD
50457,IA-NE-SD
50458,IA-NE-SD
50459,IA-NE-SD
50460,IA-NE-SD
50461,IA-NE-SD
50464,IA-NE-SD
50465,IA-NE-SD
50466,IA-NE-SD
50467,IA-NE-SD
50468,IA-NE-SD
50469,IA-NE-SD
50470,IA-NE-SD
50471,IA-NE-SD
50472,IA-NE-SD
50473,IA-NE-SD
50475,IA-NE-SD
50476,IA-NE-SD
50477,IA-NE-SD
50478,IA-NE-SD
50479,IA-NE-SD
50480,IA-NE-SD
50481,IA-NE-SD
50482,IA-NE-SD
50483,IA-NE-SD
50484,IA-NE-SD
50501,IA-NE-SD
50510,IA-NE-SD
50511,IA-NE-SD
50514,IA-NE-SD
50515,IA-NE-SD
50516,IA-NE-SD
50517,IA-NE-SD
50518,IA-NE-SD
50519,IA-NE-SD
50520,IA-NE-SD
50521,IA-NE-SD
50522,IA-NE-SD
50523,IA-NE-SD
50524,IA-NE-SD
50525,IA-NE-SD
50526,IA-NE-SD
50527,IA-NE-SD
50528,IA-NE-SD
50529,IA-NE-SD
50530,IA-NE-SD
50531,IA-NE-SD
50532,IA-NE-SD
50533,IA-NE-SD
50535,IA-NE-SD
50536,IA-NE-SD
50538,IA-NE-SD
50539,IA-NE-SD
50540,IA-NE-SD
50541,IA-NE-SD
50542,IA-NE-SD
50543,IA-NE-SD
50544,IA-NE-SD
50545,IA-NE-SD
50546,IA-NE-SD
50548,IA-NE-SD
50551,IA-NE-SD
50552,IA-NE-SD
50554,IA-NE-SD
50556,IA-NE-SD
50557,IA-NE-SD
50558,IA-NE-SD
50559,IA-NE-SD
50560,IA-NE-SD
50561,IA-NE-SD
50562,IA-NE-SD
50563,IA-NE-SD
50565,IA-NE-SD
50566,IA-NE-SD
50567,IA-NE-SD
50568,IA-NE-SD
50569,IA-NE-SD
50570,IA-NE-SD
50571,IA-NE-SD
50573,IA-NE-SD
50574,IA-NE-SD
50575,IA-NE-SD
50576,IA-NE-SD
50577,IA-NE-SD
50578,IA-NE-SD
50579,IA-NE-SD
50581,IA-NE-SD
50582,IA-NE-SD
50583,IA-NE-SD
50585,IA-NE-SD
50586,IA-NE-SD
50588,IA-NE-SD
50590,IA-NE-SD
50591,IA-NE-SD
50592,IA-NE-SD
50593,IA-NE-SD
50594,IA-NE-SD
50595,IA-NE-SD
50597,IA-NE-SD
50598,IA-NE-SD
50599,IA-NE-SD
50601,IA-NE-SD
50602,IA-NE-SD
50603,IA-NE-SD
50604,IA-NE-SD
50605,IA-NE-SD
50606,IA-NE-SD
50607,IA-NE-SD
50608,IA-NE-SD
50609,IA-NE-SD
50611,IA-NE-SD
50612,IA-NE-SD
50613,IA-NE-SD
50614,IA-NE-SD
50616,IA-NE-SD
50619,IA-NE-SD
50620,IA-NE-SD
50621,IA-NE-SD
50622,IA-NE-SD
50623,IA-NE-SD
50624,IA-NE-SD
50625,IA-NE-SD
50626,IA-NE-SD
50627,IA-NE-SD
50628,IA-NE-SD
50629,IA-NE-SD
50630,IA-NE-SD
50631,IA-NE-SD
50632,IA-NE-SD
50633,IA-NE-SD
50634,IA-NE-SD
50635,IA-NE-SD
50636,IA-NE-SD
50638,IA-NE-SD
50641,IA-NE-SD
50642,IA-NE-SD
50643,IA-NE-SD
50644,IA-NE-SD
50645,IA-NE-SD
50647,IA-NE-SD
50648,IA-NE-SD
50649,IA-NE-SD
50650,IA-NE-SD
50651,IA-NE-SD
50652,IA-NE-SD
50653,IA-NE-SD
50654,IA-NE-SD
50655,IA-NE-SD
50657,IA-NE-SD
50658,IA-NE-SD
50659,IA-NE-SD
50660,IA-NE-SD
50661,IA-NE-SD
50662,IA-NE-SD
50664,IA-NE-SD
50665,IA-NE-SD
50666,IA-NE-SD
50667,IA-NE-SD
50668,IA-NE-SD
50669,IA-NE-SD
50670,IA-NE-SD
50671,IA-NE-SD
50672,IA-NE-SD
50673,IA-NE-SD
50674,IA-NE-SD
50675,IA-NE-SD
50676,IA-NE-SD
50677,IA-NE-SD
50680,IA-NE-SD
50681,IA-NE-SD
50682,IA-NE-SD
50701,IA-NE-SD
50702,IA-NE-SD
50703,IA-NE-SD
50704,IA-NE-SD
50707,IA-NE-SD
50801,IA-NE-SD
50830,IA-NE-SD
50831,IA-NE-SD
50833,IA-NE-SD
50835,IA-NE-SD
50836,IA-NE-SD
50837,IA-NE-SD
50839,IA-NE-SD
50840,IA-NE-SD
50841,IA-NE-SD
50842,IA-NE-SD
50843,IA-NE-SD
50845,IA-NE-SD
50846,IA-NE-SD
50847,IA-NE-SD
50848,IA-NE-SD
50849,IA-NE-SD
50851,IA-NE-SD
50853,IA-NE-SD
50854,IA-NE-SD
50857,IA-NE-SD
50858,IA-NE-SD
50859,IA-NE-SD
50860,IA-NE-SD
50861,IA-NE-SD
50862,IA-NE-SD
50863,IA-NE-SD
50864,IA-NE-SD
50936,IA-NE-SD
50940,IA-NE-SD
50947,IA-NE-SD
50950,IA-NE-SD
50980,IA-NE-SD
50981,IA-NE-SD
50982,IA-NE-SD
50983,IA-NE-SD
51001,IA-NE-SD
51002,IA-NE-SD
51003,IA-NE-SD
51004,IA-NE-SD
51005,IA-NE-SD
51006,IA-NE-SD
51007,IA-NE-SD
51008,IA-NE-SD
51009,IA-NE-SD
51010,IA-NE-SD
51011,IA-NE-SD
51012,IA-NE-SD
51014,IA-NE-SD
51015,IA-NE-SD
51016,IA-NE-SD
51018,IA-NE-SD
51019,IA-NE-SD
51020,IA-NE-SD
51022,IA-NE-SD
51023,IA-NE-SD
51024,IA-NE-SD
51025,IA-NE-SD
51026,IA-NE-SD
51027,IA-NE-SD
51028,IA-NE-SD
51029,IA-NE-SD
51030,IA-NE-SD
51031,IA-NE-SD
51033,IA-NE-SD
51034,IA-NE-SD
51035,IA-NE-SD
51036,IA-NE-SD
51037,IA-NE-SD
51038,IA-NE-SD
51039,IA-NE-SD
51040,IA-NE-SD
51041,IA-NE-SD
51044,IA-NE-SD
51045,IA-NE-SD
51046,IA-NE-SD
51047,IA-NE-SD
51048,IA-NE-SD
51049,IA-NE-SD
51050,IA-NE-SD
51051,IA-NE-SD
51052,IA-NE-SD
51053,IA-NE-SD
51054,IA-NE-SD
51055,IA-NE-SD
51056,IA-NE-SD
51058,IA-NE-SD
51060,IA-NE-SD
51061,IA-NE-SD
51062,IA-NE-SD
51063,IA-NE-SD
51101,IA-NE-SD
51102,IA-NE-SD
51103,IA-NE-SD
51104,IA-NE-SD
51105,IA-NE-SD
51106,IA-NE-SD
51108,IA-NE-SD
51109,IA-NE-SD
51111,IA-NE-SD
51201,IA-NE-SD
51230,IA-NE-SD
51231,IA-NE-SD
51232,IA-NE-SD
51234,IA-NE-SD
51235,IA-NE-SD
51237,IA-NE-SD
51238,IA-NE-SD
51239,IA-NE-SD
51240,IA-NE-SD
51241,IA-NE-SD
51242,IA-NE-SD
51243,IA-NE-SD
51244,IA-NE-SD
51245,IA-NE-SD
51246,IA-NE-SD
51247,IA-NE-SD
51248,IA-NE-SD
51249,IA-NE-SD
51250,IA-NE-SD
51301,IA-NE-SD
51331,IA-NE-SD
51333,IA-NE-SD
51334,IA-NE-SD
51338,IA-NE-SD
51340,IA-NE-SD
51341,IA-NE-SD
51342,IA-NE-SD
51343,IA-NE-SD
51345,IA-NE-SD
51346,IA-NE-SD
51347,IA-NE-SD
51350,IA-NE-SD
51351,IA-NE-SD
51354,IA-NE-SD
51355,IA-NE-SD
51357,IA-NE-SD
51358,IA-NE-SD
51360,IA-NE-SD
51363,IA-NE-SD
51364,IA-NE-SD
51365,IA-NE-SD
51366,IA-NE-SD
51401,IA-NE-SD
51430,IA-NE-SD
51431,IA-NE-SD
51432,IA-NE-SD
51433,IA-NE-SD
51436,IA-NE-SD
51439,IA-NE-SD
51440,IA-NE-SD
51441,IA-NE-SD
51442,IA-NE-SD
51443,IA-NE-SD
51444,IA-NE-SD
51445,IA-NE-SD
51446,IA-NE-SD
51447,IA-NE-SD
51448,IA-NE-SD
51449,IA-NE-SD
51450,IA-NE-SD
51451,IA-NE-SD
51452,IA-NE-SD
51453,IA-NE-SD
51454,IA-NE-SD
51455,IA-NE-SD
51458,IA-NE-SD
51459,IA-NE-SD
51460,IA-NE-SD
51461,IA-NE-SD
51462,IA-NE-SD
51463,IA-NE-SD
51465,IA-NE-SD
51466,IA-NE-SD
51467,IA-NE-SD
51501,IA-NE-SD
51502,IA-NE-SD
51503,IA-NE-SD
51510,IA-NE-SD
51520,IA-NE-SD
51521,IA-NE-SD
51523,IA-NE-SD
51525,IA-NE-SD
51526,IA-NE-SD
51527,IA-NE-SD
51528,IA-NE-SD
51529,IA-NE-SD
51530,IA-NE-SD
51531,IA-NE-SD
51532,IA-NE-SD
51533,IA-NE-SD
51534,IA-NE-SD
51535,IA-NE-SD
51536,IA-NE-SD
51537,IA-NE-SD
51540,IA-NE-SD
51541,IA-NE-SD
51542,IA-NE-SD
51543,IA-NE-SD
51544,IA-NE-SD
51545,IA-NE-SD
51546,IA-NE-SD
51548,IA-NE-SD
51549,IA-NE-SD
51550,IA-NE-SD
51551,IA-NE-SD
51552,IA-NE-SD
51553,IA-NE-SD
51554,IA-NE-SD
51555,IA-NE-SD
51556,IA-NE-SD
51557,IA-NE-SD
51558,IA-NE-SD
51559,IA-NE-SD
51560,IA-NE-SD
51561,IA-NE-SD
51562,IA-NE-SD
51563,IA-NE-SD
51564,IA-NE-SD
51565,IA-NE-SD
51566,IA-NE-SD
51570,IA-NE-SD
51571,IA-NE-SD
51572,IA-NE-SD
51573,IA-NE-SD
51575,IA-NE-SD
51576,IA-NE-SD
51577,IA-NE-SD
51578,IA-NE-SD
51579,IA-NE-SD
51591,IA-NE-SD
51593,IA-NE-SD
51601,IA-NE-SD
51603,IA-NE-SD
51630,IA-NE-SD
51631,IA-NE-SD
51632,IA-NE-SD
51636,IA-NE-SD
51637,IA-NE-SD
51638,IA-NE-SD
51639,IA-NE-SD
51640,IA-NE-SD
51645,IA-NE-SD
51646,IA-NE-SD
51647,IA-NE-SD
51648,IA-NE-SD
51649,IA-NE-SD
51650,IA-NE-SD
51651,IA-NE-SD
51652,IA-NE-SD
51653,IA-NE-SD
51654,IA-NE-SD
51656,IA-NE-SD
52001,IA-NE-SD
52002,IA-NE-SD
52003,IA-NE-SD
52004,IA-NE-SD
52030,IA-NE-SD
52031,IA-NE-SD
52032,IA-NE-SD
52033,IA-NE-SD
52035,IA-NE-SD
52036,IA-NE-SD
52037,IA-NE-SD
52038,IA-NE-SD
52039,IA-NE-SD
52040,IA-NE-SD
52041,IA-NE-SD
52042,IA-NE-SD
52043,IA-NE-SD
52044,IA-NE-SD
52045,IA-NE-SD
52046,IA-NE-SD
52047,IA-NE-SD
52048,IA-NE-SD
52049,IA-NE-SD
52050,IA-NE-SD
52052,IA-NE-SD
52053,IA-NE-SD
52054,IA-NE-SD
52056,IA-NE-SD
52057,IA-NE-SD
52060,IA-NE-SD
52064,IA-NE-SD
52065,IA-NE-SD
52066,IA-NE-SD
52068,IA-NE-SD
52069,IA-NE-SD
52070,IA-NE-SD
52071,IA-NE-SD
52072,IA-NE-SD
52073,IA-NE-SD
52074,IA-NE-SD
52075,IA-NE-SD
52076,IA-NE-SD
52077,IA-NE-SD
52078,IA-NE-SD
52079,IA-NE-SD
52099,IA-NE-SD
52101,IA-NE-SD
52132,IA-NE-SD
52133,IA-NE-SD
52134,IA-NE-SD
52135,IA-NE-SD
52136,IA-NE-SD
52140,IA-NE-SD
52141,IA-NE-SD
52142,IA-NE-SD
52144,IA-NE-SD
52146,IA-NE-SD
52147,IA-NE-SD
52149,IA-NE-SD
52151,IA-NE-SD
52154,IA-NE-SD
52155,IA-NE-SD
52156,IA-NE-SD
52157,IA-NE-SD
52158,IA-NE-SD
52159,IA-NE-SD
52160,IA-NE-SD
52161,IA-NE-SD
52162,IA-NE-SD
52163,IA-NE-SD
52164,IA-NE-SD
52165,IA-NE-SD
52166,IA-NE-SD
52168,IA-NE-SD
52169,IA-NE-SD
52170,IA-NE-SD
52171,IA-NE-SD
52172,IA-NE-SD
52175,IA-NE-SD
52201,IA-NE-SD
52202,IA-NE-SD
52203,IA-NE-SD
52205,IA-NE-SD
52206,IA-NE-SD
52207,IA-NE-SD
52208,IA-NE-SD
52209,IA-NE-SD
52210,IA-NE-SD
52211,IA-NE-SD
52212,IA-NE-SD
52213,IA-NE-SD
52214,IA-NE-SD
52215,IA-NE-SD
52216,IA-NE-SD
52217,IA-NE-SD
52218,IA-NE-SD
52219,IA-NE-SD
52220,IA-NE-SD
52221,IA-NE-SD
52222,IA-NE-SD
52223,IA-NE-SD
52224,IA-NE-SD
52225,IA-NE-SD
52227,IA-NE-SD
52228,IA-NE-SD
52229,IA-NE-SD
52231,IA-NE-SD
52232,IA-NE-SD
52233,IA-NE-SD
52235,IA-NE-SD
52236,IA-NE-SD
52237,IA-NE-SD
52240,IA-NE-SD
52241,IA-NE-SD
52242,IA-NE-SD
52243,IA-NE-SD
52244,IA-NE-SD
52245,IA-NE-SD
52246,IA-NE-SD
52247,IA-NE-SD
52248,IA-NE-SD
52249,IA-NE-SD
52251,IA-NE-SD
52252,IA-NE-SD
52253,IA-NE-SD
52254,IA-NE-SD
52255,IA-NE-SD
52257,IA-NE-SD
52301,IA-NE-SD
52302,IA-NE-SD
52305,IA-NE-SD
52306,IA-NE-SD
52307,IA-NE-SD
52308,IA-NE-SD
52309,IA-NE-SD
52310,IA-NE-SD
52312,IA-NE-SD
52313,IA-NE-SD
52314,IA-NE-SD
52315,IA-NE-SD
52316,IA-NE-SD
52317,IA-NE-SD
52318,IA-NE-SD
52320,IA-NE-SD
52321,IA-NE-SD
52322,IA-NE-SD
52323,IA-NE-SD
52324,IA-NE-SD
52325,IA-NE-SD
52326,IA-NE-SD
52327,IA-NE-SD
52328,IA-NE-SD
52329,IA-NE-SD
52330,IA-NE-SD
52332,IA-NE-SD
52333,IA-NE-SD
52334,IA-NE-SD
52335,IA-NE-SD
52336,IA-NE-SD
52337,IA-NE-SD
52338,IA-NE-SD
52339,IA-NE-SD
52340,IA-NE-SD
52341,IA-NE-SD
52342,IA-NE-SD
52344,IA-NE-SD
52345,IA-NE-SD
52346,IA-NE-SD
52347,IA-NE-SD
52348,IA-NE-SD
52349,IA-NE-SD
52351,IA-NE-SD
52352,IA-NE-SD
52353,IA-NE-SD
52354,IA-NE-SD
52355,IA-NE-SD
52356,IA-NE-SD
52358,IA-NE-SD
52359,IA-NE-SD
52361,IA-NE-SD
52362,IA-NE-SD
52401,IA-NE-SD
52402,IA-NE-SD
52403,IA-NE-SD
52404,IA-NE-SD
52405,IA-NE-SD
52406,IA-NE-SD
52407,IA-NE-SD
52408,IA-NE-SD
52409,IA-NE-SD
52410,IA-NE-SD
52411,IA-NE-SD
52497,IA-NE-SD
52498,IA-NE-SD
52499,IA-NE-SD
52501,IA-NE-SD
52530,IA-NE-SD
52531,IA-NE-SD
52533,IA-NE-SD
52534,IA-NE-SD
52535,IA-NE-SD
52536,IA-NE-SD
52537,IA-NE-SD
52540,IA-NE-SD
52542,IA-NE-SD
52543,IA-NE-SD
52544,IA-NE-SD
52548,IA-NE-SD
52549,IA-NE-SD
52550,IA-NE-SD
52551,IA-NE-SD
52552,IA-NE-SD
52553,IA-NE-SD
52554,IA-NE-SD
52555,IA-NE-SD
52556,IA-NE-SD
52557,IA-NE-SD
52560,IA-NE-SD
52561,IA-NE-SD
52562,IA-NE-SD
52563,IA-NE-SD
52565,IA-NE-SD
52566,IA-NE-SD
52567,IA-NE-SD
52568,IA-NE-SD
52569,IA-NE-SD
52570,IA-NE-SD
52571,IA-NE-SD
52572,IA-NE-SD
52573,IA-NE-SD
52574,IA-NE-SD
52576,IA-NE-SD
52577,IA-NE-SD
52580,IA-NE-SD
52581,IA-NE-SD
52583,IA-NE-SD
52584,IA-NE-SD
52585,IA-NE-SD
52586,IA-NE-SD
52588,IA-NE-SD
52590,IA-NE-SD
52591,IA-NE-SD
52593,IA-NE-SD
52594,IA-NE-SD
52595,IA-NE-SD
52601,IA-NE-SD
52619,IA-NE-SD
52620,IA-NE-SD
52621,IA-NE-SD
52623,IA-NE-SD
52624,IA-NE-SD
52625,IA-NE-SD
52626,IA-NE-SD
52627,IA-NE-SD
52630,IA-NE-SD
52631,IA-NE-SD
52632,IA-NE-SD
52635,IA-NE-SD
52637,IA-NE-SD
52638,IA-NE-SD
52639,IA-NE-SD
52640,IA-NE-SD
52641,IA-NE-SD
52642,IA-NE-SD
52644,IA-NE-SD
52645,IA-NE-SD
52646,IA-NE-SD
52647,IA-NE-SD
52648,IA-NE-SD
52649,IA-NE-SD
52650,IA-NE-SD
52651,IA-NE-SD
52652,IA-NE-SD
52653,IA-NE-SD
52654,IA-NE-SD
52655,IA-NE-SD
52656,IA-NE-SD
52657,IA-NE-SD
52658,IA-NE-SD
52659,IA-NE-SD
52660,IA-NE-SD
52701,IA-NE-SD
52720,IA-NE-SD
52721,IA-NE-SD
52722,IA-NE-SD
52726,IA-NE-SD
52727,ILLINOIS
52728,IA-NE-SD
52729,IA-NE-SD
52730,IA-NE-SD
52731,ILLINOIS
52732,IA-NE-SD
52733,IA-NE-SD
52734,IA-NE-SD
52736,IA-NE-SD
52737,IA-NE-SD
52738,IA-NE-SD
52739,IA-NE-SD
52742,IA-NE-SD
52745,IA-NE-SD
52746,IA-NE-SD
52747,IA-NE-SD
52748,IA-NE-SD
52749,IA-NE-SD
52750,ILLINOIS
52751,IA-NE-SD
52752,IA-NE-SD
52753,IA-NE-SD
52754,IA-NE-SD
52755,IA-NE-SD
52756,IA-NE-SD
52757,IA-NE-SD
52758,IA-NE-SD
52759,IA-NE-SD
52760,IA-NE-SD
52761,IA-NE-SD
52765,IA-NE-SD
52766,IA-NE-SD
52767,IA-NE-SD
52768,IA-NE-SD
52769,IA-NE-SD
52771,IA-NE-SD
52772,IA-NE-SD
52773,IA-NE-SD
52774,IA-NE-SD
52776,IA-NE-SD
52777,IA-NE-SD
52778,IA-NE-SD
52801,IA-NE-SD
52802,IA-NE-SD
52803,IA-NE-SD
52804,IA-NE-SD
52805,IA-NE-SD
52806,IA-NE-SD
52807,IA-NE-SD
52808,IA-NE-SD
52809,IA-NE-SD
53001,WISCONSIN
53002,WISCONSIN
53003,WISCONSIN
53004,WISCONSIN
53005,WISCONSIN
53006,WISCONSIN
53007,WISCONSIN
53008,WISCONSIN
53010,WISCONSIN
53011,WISCONSIN
53012,WISCONSIN
53013,WISCONSIN
53014,WISCONSIN
53015,WISCONSIN
53016,WISCONSIN
53017,WISCONSIN
53018,WISCONSIN
53019,WISCONSIN
53020,WISCONSIN
53021,WISCONSIN
53022,WISCONSIN
53023,WISCONSIN
53024,WISCONSIN
53026,WISCONSIN
53027,WISCONSIN
53029,WISCONSIN
53031,WISCONSIN
53032,WISCONSIN
53033,WISCONSIN
53034,WISCONSIN
53035,WISCONSIN
53036,WISCONSIN
53037,WISCONSIN
53038,WISCONSIN
53039,WISCONSIN
53040,WISCONSIN
53042,WISCONSIN
53044,WISCONSIN
53045,WISCONSIN
53046,WISCONSIN
53047,WISCONSIN
53048,WISCONSIN
53049,WISCONSIN
53050,WISCONSIN
53051,WISCONSIN
53052,WISCONSIN
53056,WISCONSIN
53057,WISCONSIN
53058,WISCONSIN
53059,WISCONSIN
53060,WISCONSIN
53061,WISCONSIN
53062,WISCONSIN
53063,WISCONSIN
53064,WISCONSIN
53065,WISCONSIN
53066,WISCONSIN
53069,WISCONSIN
53070,WISCONSIN
53072,WISCONSIN
53073,WISCONSIN
53074,WISCONSIN
53075,WISCONSIN
53076,WISCONSIN
53078,WISCONSIN
53079,WISCONSIN
53080,WISCONSIN
53081,WISCONSIN
53082,WISCONSIN
53083,WISCONSIN
53085,WISCONSIN
53086,WISCONSIN
53088,WISCONSIN
53089,WISCONSIN
53090,WISCONSIN
53091,WISCONSIN
53092,WISCONSIN
53093,WISCONSIN
53094,WISCONSIN
53095,WISCONSIN
53097,WISCONSIN
53098,WISCONSIN
53099,WISCONSIN
53101,WISCONSIN
53102,WISCONSIN
53103,WISCONSIN
53104,WISCONSIN
53105,WISCONSIN
53108,WISCONSIN
53109,WISCONSIN
53110,WISCONSIN
53114,WISCONSIN
53115,WISCONSIN
53118,WISCONSIN
53119,WISCONSIN
53120,WISCONSIN
53121,WISCONSIN
53122,WISCONSIN
53125,WISCONSIN
53126,WISCONSIN
53127,WISCONSIN
53128,WISCONSIN
53129,WISCONSIN
53130,WISCONSIN
53132,WISCONSIN
53137,WISCONSIN
53138,WISCONSIN
53139,WISCONSIN
53140,WISCONSIN
53141,WISCONSIN
53142,WISCONSIN
53143,WISCONSIN
53144,WISCONSIN
53146,WISCONSIN
53147,WISCONSIN
53148,WISCONSIN
53149,WISCONSIN
53150,WISCONSIN
53151,WISCONSIN
53152,WISCONSIN
53153,WISCONSIN
53154,WISCONSIN
53156,WISCONSIN
53157,WISCONSIN
53158,WISCONSIN
53159,WISCONSIN
53167,WISCONSIN
53168,WISCONSIN
53170,WISCONSIN
53171,WISCONSIN
53172,WISCONSIN
53176,WISCONSIN
53177,WISCONSIN
53178,WISCONSIN
53179,WISCONSIN
53181,WISCONSIN
53182,WISCONSIN
53183,WISCONSIN
53184,WISCONSIN
53185,WISCONSIN
53186,WISCONSIN
53187,WISCONSIN
53188,WISCONSIN
53189,WISCONSIN
53190,WISCONSIN
53191,WISCONSIN
53192,WISCONSIN
53194,WISCONSIN
53195,WISCONSIN
53201,WISCONSIN
53202,WISCONSIN
53203,WISCONSIN
53204,WISCONSIN
53205,WISCONSIN
53206,WISCONSIN
53207,WISCONSIN
53208,WISCONSIN
53209,WISCONSIN
53210,WISCONSIN
53211,WISCONSIN
53212,WISCONSIN
53213,WISCONSIN
53214,WISCONSIN
53215,WISCONSIN
53216,WISCONSIN
53217,WISCONSIN
53218,WISCONSIN
53219,WISCONSIN
53220,WISCONSIN
53221,WISCONSIN
53222,WISCONSIN
53223,WISCONSIN
53224,WISCONSIN
53225,WISCONSIN
53226,WISCONSIN
53227,WISCONSIN
53228,WISCONSIN
53233,WISCONSIN
53234,WISCONSIN
53235,WISCONSIN
53237,WISCONSIN
53259,WISCONSIN
53263,WISCONSIN
53274,WISCONSIN
53278,WISCONSIN
53288,WISCONSIN
53290,WISCONSIN
53293,WISCONSIN
53295,WISCONSIN
53401,WISCONSIN
53402,WISCONSIN
53403,WISCONSIN
53404,WISCONSIN
53405,WISCONSIN
53406,WISCONSIN
53408,WISCONSIN
53501,WISCONSIN
53502,WISCONSIN
53503,WISCONSIN
53504,WISCONSIN
53505,WISCONSIN
53506,WISCONSIN
53507,WISCONSIN
53508,WISCONSIN
53510,WISCONSIN
53511,WISCONSIN
53512,WISCONSIN
53515,WISCONSIN
53516,WISCONSIN
53517,WISCONSIN
53518,WISCONSIN
53520,WISCONSIN
53521,WISCONSIN
53522,WISCONSIN
53523,WISCONSIN
53525,WISCONSIN
53526,WISCONSIN
53527,WISCONSIN
53528,WISCONSIN
53529,WISCONSIN
53530,WISCONSIN
53531,WISCONSIN
53532,WISCONSIN
53533,WISCONSIN
53534,WISCONSIN
53535,WISCONSIN
53536,WISCONSIN
53537,WISCONSIN
53538,WISCONSIN
53540,WISCONSIN
53541,WISCONSIN
53542,WISCONSIN
53543,WISCONSIN
53544,WISCONSIN
53545,WISCONSIN
53546,WISCONSIN
53547,WISCONSIN
53548,WISCONSIN
53549,WISCONSIN
53550,WISCONSIN
53551,WISCONSIN
53553,WISCONSIN
53554,WISCONSIN
53555,WISCONSIN
53556,WISCONSIN
53557,WISCONSIN
53558,WISCONSIN
53559,WISCONSIN
53560,WISCONSIN
53561,WISCONSIN
53562,WISCONSIN
53563,WISCONSIN
53565,WISCONSIN
53566,WISCONSIN
53569,WISCONSIN
53570,WISCONSIN
53571,WISCONSIN
53572,WISCONSIN
53573,WISCONSIN
53574,WISCONSIN
53575,WISCONSIN
53576,WISCONSIN
53577,WISCONSIN
53578,WISCONSIN
53579,WISCONSIN
53580,WISCONSIN
53581,WISCONSIN
53582,WISCONSIN
53583,WISCONSIN
53584,WISCONSIN
53585,WISCONSIN
53586,WISCONSIN
53587,WISCONSIN
53588,WISCONSIN
53589,WISCONSIN
53590,WISCONSIN
53593,WISCONSIN
53594,WISCONSIN
53595,WISCONSIN
53596,WISCONSIN
53597,WISCONSIN
53598,WISCONSIN
53599,WISCONSIN
53701,WISCONSIN
53702,WISCONSIN
53703,WISCONSIN
53704,WISCONSIN
53705,WISCONSIN
53706,WISCONSIN
53707,WISCONSIN
53708,WISCONSIN
53711,WISCONSIN
53713,WISCONSIN
53714,WISCONSIN
53715,WISCONSIN
53716,WISCONSIN
53717,WISCONSIN
53718,WISCONSIN
53719,WISCONSIN
53725,WISCONSIN
53726,WISCONSIN
53744,WISCONSIN
53774,WISCONSIN
53777,WISCONSIN
53782,WISCONSIN
53783,WISCONSIN
53784,WISCONSIN
53785,WISCONSIN
53786,WISCONSIN
53788,WISCONSIN
53790,WISCONSIN
53791,WISCONSIN
53792,WISCONSIN
53793,WISCONSIN
53794,WISCONSIN
53801,WISCONSIN
53802,WISCONSIN
53803,WISCONSIN
53804,WISCONSIN
53805,WISCONSIN
53806,WISCONSIN
53807,WISCONSIN
53808,WISCONSIN
53809,WISCONSIN
53810,WISCONSIN
53811,WISCONSIN
53812,WISCONSIN
53813,WISCONSIN
53816,WISCONSIN
53817,WISCONSIN
53818,WISCONSIN
53820,WISCONSIN
53821,WISCONSIN
53824,WISCONSIN
53825,WISCONSIN
53826,WISCONSIN
53827,WISCONSIN
53901,WISCONSIN
53910,WISCONSIN
53911,WISCONSIN
53913,WISCONSIN
53916,WISCONSIN
53919,WISCONSIN
53920,WISCONSIN
53922,WISCONSIN
53923,WISCONSIN
53924,WISCONSIN
53925,WISCONSIN
53926,WISCONSIN
53928,WISCONSIN
53929,WISCONSIN
53930,WISCONSIN
53931,WISCONSIN
53932,WISCONSIN
53933,WISCONSIN
53934,WISCONSIN
53935,WISCONSIN
53936,WISCONSIN
53937,WISCONSIN
53939,WISCONSIN
53940,WISCONSIN
53941,WISCONSIN
53942,WISCONSIN
53943,WISCONSIN
53944,WISCONSIN
53946,WISCONSIN
53947,WISCONSIN
53948,WISCONSIN
53949,WISCONSIN
53950,WISCONSIN
53951,WISCONSIN
53952,WISCONSIN
53953,WISCONSIN
53954,WISCONSIN
53955,WISCONSIN
53956,WISCONSIN
53957,WISCONSIN
53958,WISCONSIN
53959,WISCONSIN
53960,WISCONSIN
53961,WISCONSIN
53962,WISCONSIN
53963,WISCONSIN
53964,WISCONSIN
53965,WISCONSIN
53968,WISCONSIN
53969,WISCONSIN
54001,WISCONSIN
54002,WISCONSIN
54003,WISCONSIN
54004,WISCONSIN
54005,WISCONSIN
54006,WISCONSIN
54007,WISCONSIN
54009,WISCONSIN
54011,WISCONSIN
54013,WISCONSIN
54014,WISCONSIN
54015,WISCONSIN
54016,WISCONSIN
54017,WISCONSIN
54020,WISCONSIN
54021,WISCONSIN
54022,WISCONSIN
54023,WISCONSIN
54024,WISCONSIN
54025,WISCONSIN
54026,WISCONSIN
54027,WISCONSIN
54028,WISCONSIN
54082,WISCONSIN
54101,WISCONSIN
54102,WISCONSIN
54103,WISCONSIN
54104,WISCONSIN
54106,WISCONSIN
54107,WISCONSIN
54110,WISCONSIN
54111,WISCONSIN
54112,WISCONSIN
54113,WISCONSIN
54114,WISCONSIN
54115,WISCONSIN
54119,WISCONSIN
54120,WISCONSIN
54121,WISCONSIN
54123,WISCONSIN
54124,WISCONSIN
54125,WISCONSIN
54126,WISCONSIN
54127,WISCONSIN
54128,WISCONSIN
54129,WISCONSIN
54130,WISCONSIN
54131,WISCONSIN
54135,WISCONSIN
54136,WISCONSIN
54137,WISCONSIN
54138,WISCONSIN
54139,WISCONSIN
54140,WISCONSIN
54141,WISCONSIN
54143,WISCONSIN
54149,WISCONSIN
54150,WISCONSIN
54151,WISCONSIN
54152,WISCONSIN
54153,WISCONSIN
54154,WISCONSIN
54155,WISCONSIN
54156,WISCONSIN
54157,WISCONSIN
54159,WISCONSIN
54160,WISCONSIN
54161,WISCONSIN
54162,WISCONSIN
54165,WISCONSIN
54166,WISCONSIN
54169,WISCONSIN
54170,WISCONSIN
54171,WISCONSIN
54173,WISCONSIN
54174,WISCONSIN
54175,WISCONSIN
54177,WISCONSIN
54180,WISCONSIN
54201,WISCONSIN
54202,WISCONSIN
54204,WISCONSIN
54205,WISCONSIN
54207,WISCONSIN
54208,WISCONSIN
54209,WISCONSIN
54210,WISCONSIN
54211,WISCONSIN
54212,WISCONSIN
54213,WISCONSIN
54214,WISCONSIN
54215,WISCONSIN
54216,WISCONSIN
54217,WISCONSIN
54220,WISCONSIN
54221,WISCONSIN
54226,WISCONSIN
54227,WISCONSIN
54228,WISCONSIN
54229,WISCONSIN
54230,WISCONSIN
54232,WISCONSIN
54234,WISCONSIN
54235,WISCONSIN
54240,WISCONSIN
54241,WISCONSIN
54245,WISCONSIN
54246,WISCONSIN
54247,WISCONSIN
54301,WISCONSIN
54302,WISCONSIN
54303,WISCONSIN
54304,WISCONSIN
54305,WISCONSIN
54306,WISCONSIN
54307,WISCONSIN
54308,WISCONSIN
54311,WISCONSIN
54313,WISCONSIN
54324,WISCONSIN
54344,WISCONSIN
54401,WISCONSIN
54402,WISCONSIN
54403,WISCONSIN
54405,WISCONSIN
54406,WISCONSIN
54407,WISCONSIN
54408,WISCONSIN
54409,WISCONSIN
54410,WISCONSIN
54411,WISCONSIN
54412,WISCONSIN
54413,WISCONSIN
54414,WISCONSIN
54415,WISCONSIN
54416,WISCONSIN
54417,WISCONSIN
54418,WISCONSIN
54420,WISCONSIN
54421,WISCONSIN
54422,WISCONSIN
54423,WISCONSIN
54424,WISCONSIN
54425,WISCONSIN
54426,WISCONSIN
54427,WISCONSIN
54428,WISCONSIN
54429,WISCONSIN
54430,WISCONSIN
54433,WISCONSIN
54435,WISCONSIN
54436,WISCONSIN
54437,WISCONSIN
54440,WISCONSIN
54441,WISCONSIN
54442,WISCONSIN
54443,WISCONSIN
54446,WISCONSIN
54447,WISCONSIN
54448,WISCONSIN
54449,WISCONSIN
54450,WISCONSIN
54451,WISCONSIN
54452,WISCONSIN
54454,WISCONSIN
54455,WISCONSIN
54456,WISCONSIN
54457,WISCONSIN
54458,WISCONSIN
54459,WISCONSIN
54460,WISCONSIN
54462,WISCONSIN
54463,WISCONSIN
54464,WISCONSIN
54465,WISCONSIN
54466,WISCONSIN
54467,WISCONSIN
54469,WISCONSIN
54470,WISCONSIN
54471,WISCONSIN
54473,WISCONSIN
54474,WISCONSIN
54475,WISCONSIN
54476,WISCONSIN
54479,WISCONSIN
54480,WISCONSIN
54481,WISCONSIN
54482,WISCONSIN
54484,WISCONSIN
54485,WISCONSIN
54486,WISCONSIN
54487,WISCONSIN
54488,WISCONSIN
54489,WISCONSIN
54490,WISCONSIN
54491,WISCONSIN
54492,WISCONSIN
54493,WISCONSIN
54494,WISCONSIN
54495,WISCONSIN
54498,WISCONSIN
54499,WISCONSIN
54501,WISCONSIN
54511,WISCONSIN
54512,WISCONSIN
54513,WISCONSIN
54514,WISCONSIN
54515,WISCONSIN
54517,WISCONSIN
54519,WISCONSIN
54520,WISCONSIN
54521,WISCONSIN
54524,WISCONSIN
54525,WISCONSIN
54526,WISCONSIN
54527,WISCONSIN
54529,WISCONSIN
54530,WISCONSIN
54531,WISCONSIN
54532,WISCONSIN
54534,WISCONSIN
54536,WISCONSIN
54537,WISCONSIN
54538,WISCONSIN
54539,WISCONSIN
54540,WISCONSIN
54541,WISCONSIN
54542,WISCONSIN
54543,WISCONSIN
54545,WISCONSIN
54546,WISCONSIN
54547,WISCONSIN
54548,WISCONSIN
54550,WISCONSIN
54552,WISCONSIN
54554,WISCONSIN
54555,WISCONSIN
54556,WISCONSIN
54557,WISCONSIN
54558,WISCONSIN
54559,WISCONSIN
54560,WISCONSIN
54561,WISCONSIN
54562,WISCONSIN
54563,WISCONSIN
54564,WISCONSIN
54565,WISCONSIN
54566,WISCONSIN
54568,WISCONSIN
54601,WISCONSIN
54602,WISCONSIN
54603,WISCONSIN
54610,WISCONSIN
54611,WISCONSIN
54612,WISCONSIN
54613,WISCONSIN
54614,WISCONSIN
54615,WISCONSIN
54616,WISCONSIN
54618,WISCONSIN
54619,WISCONSIN
54620,WISCONSIN
54621,WISCONSIN
54622,WISCONSIN
54623,WISCONSIN
54624,WISCONSIN
54625,WISCONSIN
54626,WISCONSIN
54627,WISCONSIN
54628,WISCONSIN
54629,WISCONSIN
54630,WISCONSIN
54631,WISCONSIN
54632,WISCONSIN
54634,WISCONSIN
54635,WISCONSIN
54636,WISCONSIN
54637,WISCONSIN
54638,WISCONSIN
54639,WISCONSIN
54641,WISCONSIN
54642,WISCONSIN
54643,WISCONSIN
54644,WISCONSIN
54645,WISCONSIN
54646,WISCONSIN
54648,WISCONSIN
54649,WISCONSIN
54650,WISCONSIN
54651,WISCONSIN
54652,WISCONSIN
54653,WISCONSIN
54654,WISCONSIN
54655,WISCONSIN
54656,WISCONSIN
54657,WISCONSIN
54658,MN-ND
54659,WISCONSIN
54660,WISCONSIN
54661,WISCONSIN
54662,WISCONSIN
54664,WISCONSIN
54665,WISCONSIN
54666,WISCONSIN
54667,WISCONSIN
54669,WISCONSIN
54670,WISCONSIN
54701,WISCONSIN
54702,WISCONSIN
54703,WISCONSIN
54720,WISCONSIN
54721,WISCONSIN
54722,WISCONSIN
54723,WISCONSIN
54724,WISCONSIN
54725,WISCONSIN
54726,WISCONSIN
54727,WISCONSIN
54728,WISCONSIN
54729,WISCONSIN
54730,WISCONSIN
54731,WISCONSIN
54732,WISCONSIN
54733,WISCONSIN
54734,WISCONSIN
54735,WISCONSIN
54736,WISCONSIN
54737,WISCONSIN
54738,WISCONSIN
54739,WISCONSIN
54740,WISCONSIN
54741,WISCONSIN
54742,WISCONSIN
54743,WISCONSIN
54745,WISCONSIN
54746,WISCONSIN
54747,WISCONSIN
54748,WISCONSIN
54749,WISCONSIN
54750,WISCONSIN
54751,WISCONSIN
54754,WISCONSIN
54755,WISCONSIN
54756,WISCONSIN
54757,WISCONSIN
54758,WISCONSIN
54759,WISCONSIN
54760,WISCONSIN
54761,WISCONSIN
54762,WISCONSIN
54763,WISCONSIN
54764,WISCONSIN
54765,WISCONSIN
54766,WISCONSIN
54767,WISCONSIN
54768,WISCONSIN
54769,WISCONSIN
54770,WISCONSIN
54771,WISCONSIN
54772,WISCONSIN
54773,WISCONSIN
54774,WISCONSIN
54801,WISCONSIN
54805,WISCONSIN
54806,WISCONSIN
54810,WISCONSIN
54812,WISCONSIN
54813,WISCONSIN
54814,WISCONSIN
54816,WISCONSIN
54817,WISCONSIN
54819,WISCONSIN
54820,WISCONSIN
54821,WISCONSIN
54822,WISCONSIN
54824,WISCONSIN
54826,WISCONSIN
54827,WISCONSIN
54828,WISCONSIN
54829,WISCONSIN
54830,WISCONSIN
54832,WISCONSIN
54835,WISCONSIN
54836,WISCONSIN
54837,WISCONSIN
54838,WISCONSIN
54839,WISCONSIN
54840,WISCONSIN
54841,WISCONSIN
54842,WISCONSIN
54843,WISCONSIN
54844,WISCONSIN
54845,WISCONSIN
54846,WISCONSIN
54847,WISCONSIN
54848,WISCONSIN
54849,WISCONSIN
54850,WISCONSIN
54853,WISCONSIN
54854,WISCONSIN
54855,WISCONSIN
54856,WISCONSIN
54857,WISCONSIN
54858,WISCONSIN
54859,WISCONSIN
54861,WISCONSIN
54862,WISCONSIN
54864,WISCONSIN
54865,WISCONSIN
54867,WISCONSIN
54868,WISCONSIN
54870,WISCONSIN
54871,WISCONSIN
54872,WISCONSIN
54873,WISCONSIN
54874,WISCONSIN
54875,WISCONSIN
54876,WISCONSIN
54880,WISCONSIN
54888,WISCONSIN
54889,WISCONSIN
54890,WISCONSIN
54891,WISCONSIN
54893,WISCONSIN
54895,WISCONSIN
54896,WISCONSIN
54901,WISCONSIN
54902,WISCONSIN
54903,WISCONSIN
54904,WISCONSIN
54906,WISCONSIN
54909,WISCONSIN
54911,WISCONSIN
54912,WISCONSIN
54913,WISCONSIN
54914,WISCONSIN
54915,WISCONSIN
54919,WISCONSIN
54921,WISCONSIN
54922,WISCONSIN
54923,WISCONSIN
54926,WISCONSIN
54927,WISCONSIN
54928,WISCONSIN
54929,WISCONSIN
54930,WISCONSIN
54931,WISCONSIN
54932,WISCONSIN
54933,WISCONSIN
54935,WISCONSIN
54936,WISCONSIN
54937,WISCONSIN
54940,WISCONSIN
54941,WISCONSIN
54942,WISCONSIN
54943,WISCONSIN
54944,WISCONSIN
54945,WISCONSIN
54946,WISCONSIN
54947,WISCONSIN
54948,WISCONSIN
54949,WISCONSIN
54950,WISCONSIN
54952,WISCONSIN
54956,WISCONSIN
54957,WISCONSIN
54960,WISCONSIN
54961,WISCONSIN
54962,WISCONSIN
54963,WISCONSIN
54964,WISCONSIN
54965,WISCONSIN
54966,WISCONSIN
54967,WISCONSIN
54968,WISCONSIN
54969,WISCONSIN
54970,WISCONSIN
54971,WISCONSIN
54974,WISCONSIN
54976,WISCONSIN
54977,WISCONSIN
54978,WISCONSIN
54979,WISCONSIN
54980,WISCONSIN
54981,WISCONSIN
54982,WISCONSIN
54983,WISCONSIN
54984,WISCONSIN
54985,WISCONSIN
54986,WISCONSIN
55001,MN-ND
55003,MN-ND
55005,MN-ND
55006,MN-ND
55007,MN-ND
55008,MN-ND
55009,MN-ND
55010,MN-ND
55011,MN-ND
55012,MN-ND
55013,MN-ND
55014,MN-ND
55016,MN-ND
55017,MN-ND
55018,MN-ND
55019,MN-ND
55020,MN-ND
55021,MN-ND
55024,MN-ND
55025,MN-ND
55026,MN-ND
55027,MN-ND
55029,MN-ND
55030,MN-ND
55031,MN-ND
55032,MN-ND
55033,MN-ND
55036,MN-ND
55037,MN-ND
55038,MN-ND
55040,MN-ND
55041,MN-ND
55042,MN-ND
55043,MN-ND
55044,MN-ND
55045,MN-ND
55046,MN-ND
55047,MN-ND
55049,MN-ND
55051,MN-ND
55052,MN-ND
55053,MN-ND
55054,MN-ND
55055,MN-ND
55056,MN-ND
55057,MN-ND
55060,MN-ND
55063,MN-ND
55065,MN-ND
55066,MN-ND
55067,MN-ND
55068,MN-ND
55069,MN-ND
55070,MN-ND
55071,MN-ND
55072,MN-ND
55073,MN-ND
55074,MN-ND
55075,MN-ND
55076,MN-ND
55077,MN-ND
55078,MN-ND
55079,MN-ND
55080,MN-ND
55082,MN-ND
55083,MN-ND
55084,WISCONSIN
55085,MN-ND
55087,MN-ND
55088,MN-ND
55089,MN-ND
55090,MN-ND
55092,MN-ND
55101,MN-ND
55102,MN-ND
55103,MN-ND
55104,MN-ND
55105,MN-ND
55106,MN-ND
55107,MN-ND
55108,MN-ND
55109,MN-ND
55110,MN-ND
55111,MN-ND
55112,MN-ND
55113,MN-ND
55114,MN-ND
55115,MN-ND
55116,MN-ND
55117,MN-ND
55118,MN-ND
55119,MN-ND
55120,MN-ND
55121,MN-ND
55122,MN-ND
55123,MN-ND
55124,MN-ND
55125,MN-ND
55126,MN-ND
55127,MN-ND
55128,MN-ND
55129,MN-ND
55130,MN-ND
55131,MN-ND
55133,MN-ND
55144,MN-ND
55145,MN-ND
55146,MN-ND
55150,MN-ND
55155,MN-ND
55164,MN-ND
55170,MN-ND
55301,MN-ND
55302,MN-ND
55303,MN-ND
55304,MN-ND
55305,MN-ND
55306,MN-ND
55307,MN-ND
55308,MN-ND
55309,MN-ND
55310,MN-ND
55311,MN-ND
55312,MN-ND
55313,MN-ND
55314,MN-ND
55315,MN-ND
55316,MN-ND
55317,MN-ND
55318,MN-ND
55319,MN-ND
55320,MN-ND
55321,MN-ND
55322,MN-ND
55323,MN-ND
55324,MN-ND
55325,MN-ND
55327,MN-ND
55328,MN-ND
55329,MN-ND
55330,MN-ND
55331,MN-ND
55332,MN-ND
55333,MN-ND
55334,MN-ND
55335,MN-ND
55336,MN-ND
55337,MN-ND
55338,MN-ND
55339,MN-ND
55340,MN-ND
55341,MN-ND
55342,MN-ND
55343,MN-ND
55344,MN-ND
55345,MN-ND
55346,MN-ND
55347,MN-ND
55349,MN-ND
55350,MN-ND
55352,MN-ND
55353,MN-ND
55354,MN-ND
55355,MN-ND
55356,MN-ND
55357,MN-ND
55358,MN-ND
55359,MN-ND
55360,MN-ND
55361,MN-ND
55362,MN-ND
55363,MN-ND
55364,MN-ND
55366,MN-ND
55367,MN-ND
55368,MN-ND
55369,MN-ND
55370,MN-ND
55371,MN-ND
55372,MN-ND
55373,MN-ND
55374,MN-ND
55375,MN-ND
55376,MN-ND
55377,MN-ND
55378,MN-ND
55379,MN-ND
55381,MN-ND
55382,MN-ND
55384,MN-ND
55385,MN-ND
55386,MN-ND
55387,MN-ND
55388,MN-ND
55389,MN-ND
55390,MN-ND
55391,MN-ND
55395,MN-ND
55396,MN-ND
55397,MN-ND
55398,MN-ND
55401,MN-ND
55402,MN-ND
55403,MN-ND
55404,MN-ND
55405,MN-ND
55406,MN-ND
55407,MN-ND
55408,MN-ND
55409,MN-ND
55410,MN-ND
55411,MN-ND
55412,MN-ND
55413,MN-ND
55414,MN-ND
55415,MN-ND
55416,MN-ND
55417,MN-ND
55418,MN-ND
55419,MN-ND
55420,MN-ND
55421,MN-ND
55422,MN-ND
55423,MN-ND
55424,MN-ND
55425,MN-ND
55426,MN-ND
55427,MN-ND
55428,MN-ND
55429,MN-ND
55430,MN-ND
55431,MN-ND
55432,MN-ND
55433,MN-ND
55434,MN-ND
55435,MN-ND
55436,MN-ND
55437,MN-ND
55438,MN-ND
55439,MN-ND
55440,MN-ND
55441,MN-ND
55442,MN-ND
55443,MN-ND
55444,MN-ND
55445,MN-ND
55446,MN-ND
55447,MN-ND
55448,MN-ND
55449,MN-ND
55450,MN-ND
55454,MN-ND
55455,MN-ND
55458,MN-ND
55459,MN-ND
55467,MN-ND
55470,MN-ND
55474,MN-ND
55479,MN-ND
55480,MN-ND
55483,MN-ND
55484,MN-ND
55485,MN-ND
55486,MN-ND
55487,MN-ND
55488,MN-ND
55569,MN-ND
55572,MN-ND
55577,MN-ND
55592,MN-ND
55593,MN-ND
55599,MN-ND
55601,MN-ND
55602,MN-ND
55603,MN-ND
55604,MN-ND
55605,MN-ND
55606,MN-ND
55607,MN-ND
55609,MN-ND
55612,MN-ND
55613,MN-ND
55614,MN-ND
55615,MN-ND
55616,MN-ND
55702,MN-ND
55703,MN-ND
55704,MN-ND
55705,MN-ND
55706,MN-ND
55707,MN-ND
55708,MN-ND
55709,MN-ND
55710,MN-ND
55711,MN-ND
55712,MN-ND
55713,MN-ND
55716,MN-ND
55717,MN-ND
55718,MN-ND
55719,MN-ND
55720,MN-ND
55721,MN-ND
55722,MN-ND
55723,MN-ND
55724,MN-ND
55725,MN-ND
55726,MN-ND
55730,MN-ND
55731,MN-ND
55732,MN-ND
55733,MN-ND
55734,MN-ND
55735,MN-ND
55736,MN-ND
55738,MN-ND
55741,MN-ND
55742,MN-ND
55744,MN-ND
55745,MN-ND
55746,MN-ND
55748,MN-ND
55749,MN-ND
55750,MN-ND
55751,MN-ND
55752,MN-ND
55753,MN-ND
55756,MN-ND
55757,MN-ND
55758,MN-ND
55760,MN-ND
55763,MN-ND
55764,MN-ND
55765,MN-ND
55766,MN-ND
55767,MN-ND
55768,MN-ND
55769,MN-ND
55771,MN-ND
55772,MN-ND
55775,MN-ND
55777,MN-ND
55779,MN-ND
55780,MN-ND
55781,MN-ND
55782,MN-ND
55783,MN-ND
55784,MN-ND
55785,MN-ND
55786,MN-ND
55787,MN-ND
55790,MN-ND
55791,MN-ND
55792,MN-ND
55793,MN-ND
55795,MN-ND
55796,MN-ND
55797,MN-ND
55798,MN-ND
55801,MN-ND
55802,MN-ND
55803,MN-ND
55804,MN-ND
55805,MN-ND
55806,MN-ND
55807,MN-ND
55808,MN-ND
55810,MN-ND
55811,MN-ND
55812,MN-ND
55814,MN-ND
55815,MN-ND
55816,MN-ND
55901,MN-ND
55902,MN-ND
55903,MN-ND
55904,MN-ND
55905,MN-ND
55906,MN-ND
55909,MN-ND
55910,MN-ND
55912,MN-ND
55917,MN-ND
55918,MN-ND
55919,MN-ND
55920,MN-ND
55921,MN-ND
55922,MN-ND
55923,MN-ND
55924,MN-ND
55925,MN-ND
55926,MN-ND
55927,MN-ND
55929,MN-ND
55931,MN-ND
55932,MN-ND
55933,MN-ND
55934,MN-ND
55935,MN-ND
55936,MN-ND
55939,MN-ND
55940,MN-ND
55941,MN-ND
55943,MN-ND
55944,MN-ND
55945,MN-ND
55946,MN-ND
55947,MN-ND
55949,MN-ND
55950,MN-ND
55951,MN-ND
55952,MN-ND
55953,MN-ND
55954,MN-ND
55955,MN-ND
55956,MN-ND
55957,MN-ND
55959,MN-ND
55960,MN-ND
55961,MN-ND
55962,MN-ND
55963,MN-ND
55964,MN-ND
55965,MN-ND
55967,MN-ND
55968,MN-ND
55969,MN-ND
55970,MN-ND
55971,MN-ND
55972,MN-ND
55973,MN-ND
55974,MN-ND
55975,MN-ND
55976,MN-ND
55977,MN-ND
55979,MN-ND
55981,MN-ND
55982,MN-ND
55983,MN-ND
55985,MN-ND
55987,MN-ND
55990,MN-ND
55991,MN-ND
55992,MN-ND
56001,MN-ND
56002,MN-ND
56003,MN-ND
56007,MN-ND
56009,MN-ND
56010,MN-ND
56011,MN-ND
56013,MN-ND
56014,MN-ND
56016,MN-ND
56017,MN-ND
56019,MN-ND
56020,MN-ND
56021,MN-ND
56022,MN-ND
56023,MN-ND
56024,MN-ND
56025,MN-ND
56026,MN-ND
56027,MN-ND
56028,MN-ND
56029,MN-ND
56030,MN-ND
56031,MN-ND
56032,MN-ND
56033,MN-ND
56034,MN-ND
56035,MN-ND
56036,MN-ND
56037,MN-ND
56039,MN-ND
56041,MN-ND
56042,MN-ND
56043,MN-ND
56044,MN-ND
56045,MN-ND
56046,MN-ND
56047,MN-ND
56048,MN-ND
56050,MN-ND
56051,MN-ND
56052,MN-ND
56054,MN-ND
56055,MN-ND
56056,MN-ND
56057,MN-ND
56058,MN-ND
56060,MN-ND
56062,MN-ND
56063,MN-ND
56065,MN-ND
56068,MN-ND
56069,MN-ND
56071,MN-ND
56072,MN-ND
56073,MN-ND
56074,MN-ND
56075,MN-ND
56078,MN-ND
56080,MN-ND
56081,MN-ND
56082,MN-ND
56083,MN-ND
56084,MN-ND
56085,MN-ND
56087,MN-ND
56088,MN-ND
56089,MN-ND
56090,MN-ND
56091,MN-ND
56093,MN-ND
56096,MN-ND
56097,MN-ND
56098,MN-ND
56101,MN-ND
56110,MN-ND
56111,MN-ND
56113,MN-ND
56114,MN-ND
56115,MN-ND
56116,MN-ND
56117,MN-ND
56118,MN-ND
56119,MN-ND
56120,MN-ND
56121,MN-ND
56122,MN-ND
56123,MN-ND
56125,MN-ND
56127,MN-ND
56128,MN-ND
56129,MN-ND
56131,MN-ND
56132,MN-ND
56134,MN-ND
56136,MN-ND
56137,MN-ND
56138,MN-ND
56139,MN-ND
56140,MN-ND
56141,MN-ND
56142,MN-ND
56143,MN-ND
56144,MN-ND
56145,MN-ND
56146,MN-ND
56147,MN-ND
56149,MN-ND
56150,MN-ND
56151,MN-ND
56152,MN-ND
56153,MN-ND
56155,MN-ND
56156,MN-ND
56157,MN-ND
56158,MN-ND
56159,MN-ND
56160,MN-ND
56161,MN-ND
56162,MN-ND
56164,MN-ND
56165,MN-ND
56166,MN-ND
56167,MN-ND
56168,MN-ND
56169,MN-ND
56170,MN-ND
56171,MN-ND
56172,MN-ND
56173,MN-ND
56174,MN-ND
56175,MN-ND
56176,MN-ND
56178,MN-ND
56180,MN-ND
56181,MN-ND
56183,MN-ND
56185,MN-ND
56186,MN-ND
56187,MN-ND
56201,MN-ND
56207,MN-ND
56208,MN-ND
56209,MN-ND
56210,MN-ND
56211,MN-ND
56212,MN-ND
56214,MN-ND
56215,MN-ND
56216,MN-ND
56218,MN-ND
56219,MN-ND
56220,MN-ND
56221,MN-ND
56222,MN-ND
56223,MN-ND
56224,MN-ND
56225,MN-ND
56226,MN-ND
56227,MN-ND
56228,MN-ND
56229,MN-ND
56230,MN-ND
56231,MN-ND
56232,MN-ND
56235,MN-ND
56236,MN-ND
56237,MN-ND
56239,MN-ND
56240,MN-ND
56241,MN-ND
56243,MN-ND
56244,MN-ND
56245,MN-ND
56248,MN-ND
56249,MN-ND
56251,MN-ND
56252,MN-ND
56253,MN-ND
56255,MN-ND
56256,MN-ND
56257,MN-ND
56258,MN-ND
56260,MN-ND
56262,MN-ND
56263,MN-ND
56264,MN-ND
56265,MN-ND
56266,MN-ND
56267,MN-ND
56270,MN-ND
56271,MN-ND
56273,MN-ND
56274,MN-ND
56276,MN-ND
56277,MN-ND
56278,MN-ND
56279,MN-ND
56280,MN-ND
56281,MN-ND
56282,MN-ND
56283,MN-ND
56284,MN-ND
56285,MN-ND
56287,MN-ND
56288,MN-ND
56289,MN-ND
56291,MN-ND
56292,MN-ND
56293,MN-ND
56294,MN-ND
56295,MN-ND
56296,MN-ND
56297,MN-ND
56301,MN-ND
56302,MN-ND
56303,MN-ND
56304,MN-ND
56307,MN-ND
56308,MN-ND
56309,MN-ND
56310,MN-ND
56311,MN-ND
56312,MN-ND
56313,MN-ND
56314,MN-ND
56315,MN-ND
56316,MN-ND
56317,MN-ND
56318,MN-ND
56319,MN-ND
56320,MN-ND
56321,MN-ND
56323,MN-ND
56324,MN-ND
56325,MN-ND
56326,MN-ND
56327,MN-ND
56328,MN-ND
56329,MN-ND
56330,MN-ND
56331,MN-ND
56332,MN-ND
56333,MN-ND
56334,MN-ND
56335,MN-ND
56336,MN-ND
56338,MN-ND
56339,MN-ND
56340,MN-ND
56341,MN-ND
56342,MN-ND
56343,MN-ND
56344,MN-ND
56345,MN-ND
56347,MN-ND
56349,MN-ND
56350,MN-ND
56352,MN-ND
56353,MN-ND
56354,MN-ND
56355,MN-ND
56356,MN-ND
56357,MN-ND
56358,MN-ND
56359,MN-ND
56360,MN-ND
56361,MN-ND
56362,MN-ND
56363,MN-ND
56364,MN-ND
56367,MN-ND
56368,MN-ND
56369,MN-ND
56371,MN-ND
56372,MN-ND
56373,MN-ND
56374,MN-ND
56375,MN-ND
56376,MN-ND
56377,MN-ND
56378,MN-ND
56379,MN-ND
56381,MN-ND
56382,MN-ND
56384,MN-ND
56385,MN-ND
56386,MN-ND
56387,MN-ND
56388,MN-ND
56389,MN-ND
56393,MN-ND
56395,MN-ND
56396,MN-ND
56397,MN-ND
56398,MN-ND
56399,MN-ND
56401,MN-ND
56425,MN-ND
56431,MN-ND
56433,MN-ND
56434,MN-ND
56435,MN-ND
56436,MN-ND
56437,MN-ND
56438,MN-ND
56440,MN-ND
56441,MN-ND
56442,MN-ND
56443,MN-ND
56444,MN-ND
56446,MN-ND
56447,MN-ND
56448,MN-ND
56449,MN-ND
56450,MN-ND
56452,MN-ND
56453,MN-ND
56455,MN-ND
56458,MN-ND
56459,MN-ND
56461,MN-ND
56464,MN-ND
56465,MN-ND
56466,MN-ND
56467,MN-ND
56468,MN-ND
56469,MN-ND
56470,MN-ND
56472,MN-ND
56473,MN-ND
56474,MN-ND
56475,MN-ND
56477,MN-ND
56479,MN-ND
56481,MN-ND
56482,MN-ND
56484,MN-ND
56501,MN-ND
56502,MN-ND
56510,MN-ND
56511,MN-ND
56514,MN-ND
56515,MN-ND
56516,MN-ND
56517,MN-ND
56518,MN-ND
56519,MN-ND
56520,MN-ND
56521,MN-ND
56522,MN-ND
56523,MN-ND
56524,MN-ND
56525,MN-ND
56527,MN-ND
56528,MN-ND
56529,MN-ND
56531,MN-ND
56533,MN-ND
56534,MN-ND
56535,MN-ND
56536,MN-ND
56537,MN-ND
56538,MN-ND
56540,MN-ND
56541,MN-ND
56542,MN-ND
56543,MN-ND
56544,MN-ND
56545,MN-ND
56546,MN-ND
56547,MN-ND
56548,MN-ND
56549,MN-ND
56550,MN-ND
56551,MN-ND
56552,MN-ND
56553,MN-ND
56554,MN-ND
56556,MN-ND
56557,MN-ND
56560,MN-ND
56561,MN-ND
56562,MN-ND
56563,MN-ND
56565,MN-ND
56566,MN-ND
56567,MN-ND
56568,MN-ND
56569,MN-ND
56570,MN-ND
56571,MN-ND
56572,MN-ND
56573,MN-ND
56574,MN-ND
56575,MN-ND
56576,MN-ND
56577,MN-ND
56578,MN-ND
56579,MN-ND
56580,MN-ND
56581,MN-ND
56583,MN-ND
56584,MN-ND
56585,MN-ND
56586,MN-ND
56587,MN-ND
56588,MN-ND
56589,MN-ND
56590,MN-ND
56591,MN-ND
56592,MN-ND
56593,MN-ND
56594,MN-ND
56601,MN-ND
56619,MN-ND
56621,MN-ND
56623,MN-ND
56626,MN-ND
56627,MN-ND
56628,MN-ND
56629,MN-ND
56630,MN-ND
56631,MN-ND
56633,MN-ND
56634,MN-ND
56636,MN-ND
56637,MN-ND
56639,MN-ND
56641,MN-ND
56644,MN-ND
56646,MN-ND
56647,MN-ND
56649,MN-ND
56650,MN-ND
56651,MN-ND
56652,MN-ND
56653,MN-ND
56654,MN-ND
56655,MN-ND
56657,MN-ND
56658,MN-ND
56659,MN-ND
56660,MN-ND
56661,MN-ND
56662,MN-ND
56663,MN-ND
56666,MN-ND
56667,MN-ND
56668,MN-ND
56669,MN-ND
56670,MN-ND
56671,MN-ND
56672,MN-ND
56673,MN-ND
56676,MN-ND
56678,MN-ND
56679,MN-ND
56680,MN-ND
56681,MN-ND
56683,MN-ND
56684,MN-ND
56685,MN-ND
56686,MN-ND
56687,MN-ND
56688,MN-ND
56701,MN-ND
56710,MN-ND
56711,MN-ND
56713,MN-ND
56714,MN-ND
56715,MN-ND
56716,MN-ND
56720,MN-ND
56721,MN-ND
56722,MN-ND
56723,MN-ND
56724,MN-ND
56725,MN-ND
56726,MN-ND
56727,MN-ND
56728,MN-ND
56729,MN-ND
56731,MN-ND
56732,MN-ND
56733,MN-ND
56734,MN-ND
56735,MN-ND
56736,MN-ND
56737,MN-ND
56738,MN-ND
56740,MN-ND
56741,MN-ND
56742,MN-ND
56744,MN-ND
56748,MN-ND
56750,MN-ND
56751,MN-ND
56754,MN-ND
56755,MN-ND
56756,MN-ND
56757,MN-ND
56758,MN-ND
56759,MN-ND
56760,MN-ND
56761,MN-ND
56762,MN-ND
56763,MN-ND
56901,HEADQUARTERS
56902,HEADQUARTERS
56904,HEADQUARTERS
56908,HEADQUARTERS
56915,HEADQUARTERS
56920,HEADQUARTERS
56933,HEADQUARTERS
56935,HEADQUARTERS
56944,HEADQUARTERS
56945,HEADQUARTERS
56950,HEADQUARTERS
56963,HEADQUARTERS
56964,HEADQUARTERS
56965,HEADQUARTERS
56966,HEADQUARTERS
56967,HEADQUARTERS
56968,HEADQUARTERS
56969,HEADQUARTERS
56970,HEADQUARTERS
56971,HEADQUARTERS
56972,HEADQUARTERS
56973,HEADQUARTERS
56980,HEADQUARTERS
56981,HEADQUARTERS
56982,HEADQUARTERS
56983,HEADQUARTERS
56984,HEADQUARTERS
56985,HEADQUARTERS
56998,HEADQUARTERS
56999,HEADQUARTERS
57001,IA-NE-SD
57002,IA-NE-SD
57003,IA-NE-SD
57004,IA-NE-SD
57005,IA-NE-SD
57006,IA-NE-SD
57007,IA-NE-SD
57010,IA-NE-SD
57012,IA-NE-SD
57013,IA-NE-SD
57014,IA-NE-SD
57015,IA-NE-SD
57016,IA-NE-SD
57017,IA-NE-SD
57018,IA-NE-SD
57020,IA-NE-SD
57021,IA-NE-SD
57022,IA-NE-SD
57024,IA-NE-SD
57025,IA-NE-SD
57026,IA-NE-SD
57027,IA-NE-SD
57028,IA-NE-SD
57029,IA-NE-SD
57030,IA-NE-SD
57031,IA-NE-SD
57032,IA-NE-SD
57033,IA-NE-SD
57034,IA-NE-SD
57035,IA-NE-SD
57036,IA-NE-SD
57037,IA-NE-SD
57038,IA-NE-SD
57039,IA-NE-SD
57040,IA-NE-SD
57041,IA-NE-SD
57042,IA-NE-SD
57043,IA-NE-SD
57045,IA-NE-SD
57046,IA-NE-SD
57047,IA-NE-SD
57048,IA-NE-SD
57049,IA-NE-SD
57050,IA-NE-SD
57051,IA-NE-SD
57052,IA-NE-SD
57053,IA-NE-SD
57054,IA-NE-SD
57055,IA-NE-SD
57057,IA-NE-SD
57058,IA-NE-SD
57059,IA-NE-SD
57061,IA-NE-SD
57062,IA-NE-SD
57063,IA-NE-SD
57064,IA-NE-SD
57065,IA-NE-SD
57066,IA-NE-SD
57067,IA-NE-SD
57068,IA-NE-SD
57069,IA-NE-SD
57070,IA-NE-SD
57071,IA-NE-SD
57072,IA-NE-SD
57073,IA-NE-SD
57075,IA-NE-SD
57076,IA-NE-SD
57077,IA-NE-SD
57078,IA-NE-SD
57101,IA-NE-SD
57103,IA-NE-SD
57104,IA-NE-SD
57105,IA-NE-SD
57106,IA-NE-SD
57107,IA-NE-SD
57108,IA-NE-SD
57109,IA-NE-SD
57110,IA-NE-SD
57117,IA-NE-SD
57118,IA-NE-SD
57186,IA-NE-SD
57193,IA-NE-SD
57197,IA-NE-SD
57198,IA-NE-SD
57201,IA-NE-SD
57212,IA-NE-SD
57213,IA-NE-SD
57214,IA-NE-SD
57216,IA-NE-SD
57217,IA-NE-SD
57218,IA-NE-SD
57219,IA-NE-SD
57220,IA-NE-SD
57221,IA-NE-SD
57223,IA-NE-SD
57224,IA-NE-SD
57225,IA-NE-SD
57226,IA-NE-SD
57227,IA-NE-SD
57231,IA-NE-SD
57232,IA-NE-SD
57233,IA-NE-SD
57234,IA-NE-SD
57235,IA-NE-SD
57236,IA-NE-SD
57237,IA-NE-SD
57238,IA-NE-SD
57239,IA-NE-SD
57241,IA-NE-SD
57242,IA-NE-SD
57243,IA-NE-SD
57245,IA-NE-SD
57246,IA-NE-SD
57247,IA-NE-SD
57248,IA-NE-SD
57249,IA-NE-SD
57251,IA-NE-SD
57252,IA-NE-SD
57255,MN-ND
57256,IA-NE-SD
57257,IA-NE-SD
57258,IA-NE-SD
57259,IA-NE-SD
57260,MN-ND
57261,IA-NE-SD
57262,IA-NE-SD
57263,IA-NE-SD
57264,IA-NE-SD
57265,IA-NE-SD
57266,IA-NE-SD
57268,IA-NE-SD
57269,IA-NE-SD
57270,IA-NE-SD
57271,IA-NE-SD
57272,IA-NE-SD
57273,IA-NE-SD
57274,IA-NE-SD
57276,IA-NE-SD
57278,IA-NE-SD
57279,IA-NE-SD
57301,IA-NE-SD
57311,IA-NE-SD
57312,IA-NE-SD
57313,IA-NE-SD
57314,IA-NE-SD
57315,IA-NE-SD
57317,IA-NE-SD
57319,IA-NE-SD
57321,IA-NE-SD
57322,IA-NE-SD
57323,IA-NE-SD
57324,IA-NE-SD
57325,IA-NE-SD
57326,IA-NE-SD
57328,IA-NE-SD
57329,IA-NE-SD
57330,IA-NE-SD
57331,IA-NE-SD
57332,IA-NE-SD
57334,IA-NE-SD
57335,IA-NE-SD
57337,IA-NE-SD
57339,IA-NE-SD
57340,IA-NE-SD
57341,IA-NE-SD
57342,IA-NE-SD
57344,IA-NE-SD
57345,IA-NE-SD
57346,IA-NE-SD
57348,IA-NE-SD
57349,IA-NE-SD
57350,IA-NE-SD
57353,IA-NE-SD
57354,IA-NE-SD
57355,IA-NE-SD
57356,IA-NE-SD
57358,IA-NE-SD
57359,IA-NE-SD
57361,IA-NE-SD
57362,IA-NE-SD
57363,IA-NE-SD
57364,IA-NE-SD
57365,IA-NE-SD
57366,IA-NE-SD
57367,IA-NE-SD
57368,IA-NE-SD
57369,IA-NE-SD
57370,IA-NE-SD
57371,IA-NE-SD
57373,IA-NE-SD
57374,IA-NE-SD
57375,IA-NE-SD
57376,IA-NE-SD
57379,IA-NE-SD
57380,IA-NE-SD
57381,IA-NE-SD
57382,IA-NE-SD
57383,IA-NE-SD
57384,IA-NE-SD
57385,IA-NE-SD
57386,IA-NE-SD
57399,IA-NE-SD
57401,IA-NE-SD
57402,IA-NE-SD
57420,IA-NE-SD
57421,IA-NE-SD
57422,IA-NE-SD
57424,IA-NE-SD
57426,MN-ND
57427,IA-NE-SD
57428,IA-NE-SD
57429,IA-NE-SD
57430,IA-NE-SD
57432,IA-NE-SD
57433,IA-NE-SD
57434,IA-NE-SD
57435,IA-NE-SD
57436,IA-NE-SD
57437,IA-NE-SD
57438,IA-NE-SD
57439,IA-NE-SD
57440,IA-NE-SD
57441,MN-ND
57442,IA-NE-SD
57445,IA-NE-SD
57446,MN-ND
57448,IA-NE-SD
57449,IA-NE-SD
57450,IA-NE-SD
57451,IA-NE-SD
57452,IA-NE-SD
57454,IA-NE-SD
57455,IA-NE-SD
57456,IA-NE-SD
57457,IA-NE-SD
57460,IA-NE-SD
57461,IA-NE-SD
57465,IA-NE-SD
57466,IA-NE-SD
57467,IA-NE-SD
57468,IA-NE-SD
57469,IA-NE-SD
57470,IA-NE-SD
57471,IA-NE-SD
57472,IA-NE-SD
57473,IA-NE-SD
57474,IA-NE-SD
57475,IA-NE-SD
57476,IA-NE-SD
57477,IA-NE-SD
57479,IA-NE-SD
57481,IA-NE-SD
57501,IA-NE-SD
57520,IA-NE-SD
57521,IA-NE-SD
57522,IA-NE-SD
57523,IA-NE-SD
57528,IA-NE-SD
57529,IA-NE-SD
57531,IA-NE-SD
57532,IA-NE-SD
57533,IA-NE-SD
57534,IA-NE-SD
57536,IA-NE-SD
57537,IA-NE-SD
57538,IA-NE-SD
57540,IA-NE-SD
57541,IA-NE-SD
57543,IA-NE-SD
57544,IA-NE-SD
57547,IA-NE-SD
57548,IA-NE-SD
57551,IA-NE-SD
57552,IA-NE-SD
57553,IA-NE-SD
57555,IA-NE-SD
57559,IA-NE-SD
57560,IA-NE-SD
57562,IA-NE-SD
57563,IA-NE-SD
57564,IA-NE-SD
57566,IA-NE-SD
57567,IA-NE-SD
57568,IA-NE-SD
57569,IA-NE-SD
57570,IA-NE-SD
57571,IA-NE-SD
57572,IA-NE-SD
57574,IA-NE-SD
57576,IA-NE-SD
57577,IA-NE-SD
57579,IA-NE-SD
57580,IA-NE-SD
57584,IA-NE-SD
57585,IA-NE-SD
57601,IA-NE-SD
57620,IA-NE-SD
57621,IA-NE-SD
57622,IA-NE-SD
57623,IA-NE-SD
57625,IA-NE-SD
57626,IA-NE-SD
57630,IA-NE-SD
57631,IA-NE-SD
57632,IA-NE-SD
57633,IA-NE-SD
57634,IA-NE-SD
57636,IA-NE-SD
57638,IA-NE-SD
57639,IA-NE-SD
57640,IA-NE-SD
57641,IA-NE-SD
57642,IA-NE-SD
57644,IA-NE-SD
57645,IA-NE-SD
57646,IA-NE-SD
57648,IA-NE-SD
57649,IA-NE-SD
57650,IA-NE-SD
57651,IA-NE-SD
57652,IA-NE-SD
57656,IA-NE-SD
57657,IA-NE-SD
57658,IA-NE-SD
57659,IA-NE-SD
57660,IA-NE-SD
57661,IA-NE-SD
57701,IA-NE-SD
57702,IA-NE-SD
57703,IA-NE-SD
57706,IA-NE-SD
57709,IA-NE-SD
57714,IA-NE-SD
57716,IA-NE-SD
57717,IA-NE-SD
57718,IA-NE-SD
57719,IA-NE-SD
57720,IA-NE-SD
57722,IA-NE-SD
57724,IA-NE-SD
57725,IA-NE-SD
57730,IA-NE-SD
57732,IA-NE-SD
57735,IA-NE-SD
57737,IA-NE-SD
57738,IA-NE-SD
57741,IA-NE-SD
57744,IA-NE-SD
57745,IA-NE-SD
57747,IA-NE-SD
57748,IA-NE-SD
57750,IA-NE-SD
57751,IA-NE-SD
57752,IA-NE-SD
57754,IA-NE-SD
57755,IA-NE-SD
57756,IA-NE-SD
57758,IA-NE-SD
57759,IA-NE-SD
57760,IA-NE-SD
57761,IA-NE-SD
57762,IA-NE-SD
57763,IA-NE-SD
57764,IA-NE-SD
57766,IA-NE-SD
57767,IA-NE-SD
57769,IA-NE-SD
57770,IA-NE-SD
57772,IA-NE-SD
57773,IA-NE-SD
57775,IA-NE-SD
57776,IA-NE-SD
57779,IA-NE-SD
57780,IA-NE-SD
57782,IA-NE-SD
57783,IA-NE-SD
57785,IA-NE-SD
57787,IA-NE-SD
57788,IA-NE-SD
57790,IA-NE-SD
57791,IA-NE-SD
57792,IA-NE-SD
57793,IA-NE-SD
57794,IA-NE-SD
57799,IA-NE-SD
58001,MN-ND
58002,MN-ND
58004,MN-ND
58005,MN-ND
58006,MN-ND
58007,MN-ND
58008,MN-ND
58009,MN-ND
58011,MN-ND
58012,MN-ND
58013,MN-ND
58015,MN-ND
58016,MN-ND
58017,MN-ND
58018,MN-ND
58021,MN-ND
58027,MN-ND
58029,MN-ND
58030,MN-ND
58031,MN-ND
58032,MN-ND
58033,MN-ND
58035,MN-ND
58036,MN-ND
58038,MN-ND
58040,MN-ND
58041,MN-ND
58042,MN-ND
58043,IA-NE-SD
58045,MN-ND
58046,MN-ND
58047,MN-ND
58048,MN-ND
58049,MN-ND
58051,MN-ND
58052,MN-ND
58053,MN-ND
58054,MN-ND
58056,MN-ND
58057,MN-ND
58058,MN-ND
58059,MN-ND
58060,MN-ND
58061,MN-ND
58062,MN-ND
58063,MN-ND
58064,MN-ND
58065,MN-ND
58067,MN-ND
58068,MN-ND
58069,MN-ND
58071,MN-ND
58072,MN-ND
58074,MN-ND
58075,MN-ND
58076,MN-ND
58077,MN-ND
58078,MN-ND
58079,MN-ND
58081,MN-ND
58102,MN-ND
58103,MN-ND
58104,MN-ND
58105,MN-ND
58106,MN-ND
58107,MN-ND
58108,MN-ND
58109,MN-ND
58121,MN-ND
58122,MN-ND
58124,MN-ND
58125,MN-ND
58126,MN-ND
58201,MN-ND
58202,MN-ND
58203,MN-ND
58204,MN-ND
58205,MN-ND
58206,MN-ND
58207,MN-ND
58208,MN-ND
58210,MN-ND
58212,MN-ND
58214,MN-ND
58216,MN-ND
58218,MN-ND
58219,MN-ND
58220,MN-ND
58222,MN-ND
58223,MN-ND
58224,MN-ND
58225,MN-ND
58227,MN-ND
58228,MN-ND
58229,MN-ND
58230,MN-ND
58231,MN-ND
58233,MN-ND
58235,MN-ND
58236,MN-ND
58237,MN-ND
58238,MN-ND
58239,MN-ND
58240,MN-ND
58241,MN-ND
58243,MN-ND
58244,MN-ND
58249,MN-ND
58250,MN-ND
58251,MN-ND
58254,MN-ND
58255,MN-ND
58256,MN-ND
58257,MN-ND
58258,MN-ND
58259,MN-ND
58260,MN-ND
58261,MN-ND
58262,MN-ND
58265,MN-ND
58266,MN-ND
58267,MN-ND
58269,MN-ND
58270,MN-ND
58271,MN-ND
58272,MN-ND
58273,MN-ND
58274,MN-ND
58275,MN-ND
58276,MN-ND
58277,MN-ND
58278,MN-ND
58281,MN-ND
58282,MN-ND
58301,MN-ND
58310,MN-ND
58311,MN-ND
58313,MN-ND
58316,MN-ND
58317,MN-ND
58318,MN-ND
58321,MN-ND
58323,MN-ND
58324,MN-ND
58325,MN-ND
58327,MN-ND
58329,MN-ND
58330,MN-ND
58331,MN-ND
58332,MN-ND
58335,MN-ND
58338,MN-ND
58339,MN-ND
58341,MN-ND
58343,MN-ND
58344,MN-ND
58345,MN-ND
58346,MN-ND
58348,MN-ND
58351,MN-ND
58352,MN-ND
58353,MN-ND
58355,MN-ND
58356,MN-ND
58357,MN-ND
58361,MN-ND
58362,MN-ND
58363,MN-ND
58365,MN-ND
58366,MN-ND
58367,MN-ND
58368,MN-ND
58369,MN-ND
58370,MN-ND
58372,MN-ND
58374,MN-ND
58377,MN-ND
58379,MN-ND
58380,MN-ND
58381,MN-ND
58382,MN-ND
58384,MN-ND
58385,MN-ND
58386,MN-ND
58401,MN-ND
58402,MN-ND
58405,MN-ND
58413,MN-ND
58415,MN-ND
58416,MN-ND
58418,MN-ND
58420,MN-ND
58421,MN-ND
58422,MN-ND
58423,MN-ND
58424,MN-ND
58425,MN-ND
58426,MN-ND
58428,MN-ND
58429,MN-ND
58430,MN-ND
58431,MN-ND
58433,MN-ND
58436,MN-ND
58438,MN-ND
58439,MN-ND
58440,MN-ND
58441,MN-ND
58442,MN-ND
58443,MN-ND
58444,MN-ND
58445,MN-ND
58448,MN-ND
58451,MN-ND
58452,MN-ND
58454,MN-ND
58455,MN-ND
58456,MN-ND
58458,MN-ND
58460,MN-ND
58461,MN-ND
58463,MN-ND
58464,MN-ND
58466,MN-ND
58467,MN-ND
58472,MN-ND
58474,MN-ND
58475,MN-ND
58476,MN-ND
58477,MN-ND
58478,MN-ND
58479,MN-ND
58480,MN-ND
58481,MN-ND
58482,MN-ND
58483,MN-ND
58484,MN-ND
58486,MN-ND
58487,MN-ND
58488,MN-ND
58490,MN-ND
58492,MN-ND
58494,MN-ND
58495,MN-ND
58496,MN-ND
58497,MN-ND
58501,MN-ND
58502,MN-ND
58503,MN-ND
58504,MN-ND
58505,MN-ND
58506,MN-ND
58507,MN-ND
58520,MN-ND
58521,MN-ND
58523,MN-ND
58524,MN-ND
58528,MN-ND
58529,MN-ND
58530,MN-ND
58531,MN-ND
58532,MN-ND
58533,MN-ND
58535,MN-ND
58538,MN-ND
58540,MN-ND
58541,MN-ND
58542,MN-ND
58544,MN-ND
58545,MN-ND
58549,MN-ND
58552,MN-ND
58554,MN-ND
58558,MN-ND
58559,MN-ND
58560,MN-ND
58561,MN-ND
58562,MN-ND
58563,MN-ND
58564,MN-ND
58565,MN-ND
58566,MN-ND
58568,IA-NE-SD
58569,MN-ND
58570,MN-ND
58571,MN-ND
58572,MN-ND
58573,MN-ND
58575,MN-ND
58576,MN-ND
58577,MN-ND
58579,MN-ND
58580,MN-ND
58581,IA-NE-SD
58601,MN-ND
58602,MN-ND
58620,MN-ND
58621,MN-ND
58622,MN-ND
58623,MN-ND
58625,MN-ND
58626,MN-ND
58627,MN-ND
58630,MN-ND
58631,MN-ND
58632,MN-ND
58634,MN-ND
58636,MN-ND
58638,MN-ND
58639,MN-ND
58640,MN-ND
58641,MN-ND
58642,MN-ND
58643,MN-ND
58644,MN-ND
58645,MN-ND
58646,MN-ND
58647,MN-ND
58649,MN-ND
58650,MN-ND
58651,MN-ND
58652,MN-ND
58653,MN-ND
58654,MN-ND
58655,MN-ND
58656,MN-ND
58701,MN-ND
58702,MN-ND
58703,MN-ND
58704,MN-ND
58705,MN-ND
58707,MN-ND
58710,MN-ND
58711,MN-ND
58712,MN-ND
58713,MN-ND
58716,MN-ND
58718,MN-ND
58721,MN-ND
58722,MN-ND
58723,MN-ND
58725,MN-ND
58727,MN-ND
58730,MN-ND
58731,MN-ND
58733,MN-ND
58734,MN-ND
58735,MN-ND
58736,MN-ND
58737,MN-ND
58740,MN-ND
58741,MN-ND
58744,MN-ND
58746,MN-ND
58748,MN-ND
58750,MN-ND
58752,MN-ND
58755,MN-ND
58756,MN-ND
58757,MN-ND
58758,MN-ND
58759,MN-ND
58760,MN-ND
58761,MN-ND
58762,MN-ND
58763,MN-ND
58765,MN-ND
58768,MN-ND
58769,MN-ND
58770,MN-ND
58771,MN-ND
58772,MN-ND
58773,MN-ND
58775,MN-ND
58776,MN-ND
58778,MN-ND
58779,MN-ND
58781,MN-ND
58782,MN-ND
58783,MN-ND
58784,MN-ND
58785,MN-ND
58787,MN-ND
58788,MN-ND
58789,MN-ND
58790,MN-ND
58792,MN-ND
58793,MN-ND
58794,MN-ND
58795,MN-ND
58801,MN-ND
58802,MN-ND
58803,MN-ND
58830,MN-ND
58831,MN-ND
58833,MN-ND
58835,MN-ND
58838,ID-MT-OR
58843,MN-ND
58844,MN-ND
58845,MN-ND
58847,MN-ND
58849,MN-ND
58852,MN-ND
58853,MN-ND
58854,MN-ND
58856,MN-ND
59001,ID-MT-OR
59002,ID-MT-OR
59003,ID-MT-OR
59004,ID-MT-OR
59006,ID-MT-OR
59007,ID-MT-OR
59008,ID-MT-OR
59010,ID-MT-OR
59011,ID-MT-OR
59012,ID-MT-OR
59013,ID-MT-OR
59014,ID-MT-OR
59015,ID-MT-OR
59016,ID-MT-OR
59018,ID-MT-OR
59019,ID-MT-OR
59020,ID-MT-OR
59022,ID-MT-OR
59024,ID-MT-OR
59025,ID-MT-OR
59026,ID-MT-OR
59027,ID-MT-OR
59028,ID-MT-OR
59029,ID-MT-OR
59030,ID-MT-OR
59031,ID-MT-OR
59032,ID-MT-OR
59033,ID-MT-OR
59034,ID-MT-OR
59035,ID-MT-OR
59036,ID-MT-OR
59037,ID-MT-OR
59038,ID-MT-OR
59039,ID-MT-OR
59041,ID-MT-OR
59043,ID-MT-OR
59044,ID-MT-OR
59046,ID-MT-OR
59047,ID-MT-OR
59050,ID-MT-OR
59052,ID-MT-OR
59053,ID-MT-OR
59054,ID-MT-OR
59055,ID-MT-OR
59057,ID-MT-OR
59058,ID-MT-OR
59059,ID-MT-OR
59061,ID-MT-OR
59062,ID-MT-OR
59063,ID-MT-OR
59064,ID-MT-OR
59065,ID-MT-OR
59066,ID-MT-OR
59067,ID-MT-OR
59068,ID-MT-OR
59069,ID-MT-OR
59070,ID-MT-OR
59071,ID-MT-OR
59072,ID-MT-OR
59073,ID-MT-OR
59074,ID-MT-OR
59075,ID-MT-OR
59076,ID-MT-OR
59077,ID-MT-OR
59078,ID-MT-OR
59079,ID-MT-OR
59081,ID-MT-OR
59082,ID-MT-OR
59083,ID-MT-OR
59084,ID-MT-OR
59085,ID-MT-OR
59086,ID-MT-OR
59087,ID-MT-OR
59088,ID-MT-OR
59089,ID-MT-OR
59101,ID-MT-OR
59102,ID-MT-OR
59103,ID-MT-OR
59104,ID-MT-OR
59105,ID-MT-OR
59106,ID-MT-OR
59107,ID-MT-OR
59108,ID-MT-OR
59111,ID-MT-OR
59112,ID-MT-OR
59114,ID-MT-OR
59115,ID-MT-OR
59116,ID-MT-OR
59117,ID-MT-OR
59201,ID-MT-OR
59211,ID-MT-OR
59212,ID-MT-OR
59213,ID-MT-OR
59214,ID-MT-OR
59215,ID-MT-OR
59217,ID-MT-OR
59218,ID-MT-OR
59219,ID-MT-OR
59221,ID-MT-OR
59222,ID-MT-OR
59223,ID-MT-OR
59225,ID-MT-OR
59226,ID-MT-OR
59230,ID-MT-OR
59231,ID-MT-OR
59240,ID-MT-OR
59241,ID-MT-OR
59242,ID-MT-OR
59243,ID-MT-OR
59244,ID-MT-OR
59247,ID-MT-OR
59248,ID-MT-OR
59250,ID-MT-OR
59252,ID-MT-OR
59253,ID-MT-OR
59254,ID-MT-OR
59255,ID-MT-OR
59256,ID-MT-OR
59257,ID-MT-OR
59258,ID-MT-OR
59259,ID-MT-OR
59260,ID-MT-OR
59261,ID-MT-OR
59262,ID-MT-OR
59263,ID-MT-OR
59270,ID-MT-OR
59273,ID-MT-OR
59274,ID-MT-OR
59275,ID-MT-OR
59276,ID-MT-OR
59301,ID-MT-OR
59311,ID-MT-OR
59312,ID-MT-OR
59313,ID-MT-OR
59314,ID-MT-OR
59315,ID-MT-OR
59316,ID-MT-OR
59317,ID-MT-OR
59318,ID-MT-OR
59319,ID-MT-OR
59322,ID-MT-OR
59323,ID-MT-OR
59324,ID-MT-OR
59326,ID-MT-OR
59327,ID-MT-OR
59330,ID-MT-OR
59332,ID-MT-OR
59333,ID-MT-OR
59336,ID-MT-OR
59337,ID-MT-OR
59338,ID-MT-OR
59339,ID-MT-OR
59341,ID-MT-OR
59343,ID-MT-OR
59344,ID-MT-OR
59345,ID-MT-OR
59347,ID-MT-OR
59349,ID-MT-OR
59351,ID-MT-OR
59353,ID-MT-OR
59354,ID-MT-OR
59401,ID-MT-OR
59402,ID-MT-OR
59403,ID-MT-OR
59404,ID-MT-OR
59405,ID-MT-OR
59406,ID-MT-OR
59410,ID-MT-OR
59411,ID-MT-OR
59412,ID-MT-OR
59414,ID-MT-OR
59416,ID-MT-OR
59417,ID-MT-OR
59418,ID-MT-OR
59419,ID-MT-OR
59420,ID-MT-OR
59421,ID-MT-OR
59422,ID-MT-OR
59424,ID-MT-OR
59425,ID-MT-OR
59427,ID-MT-OR
59430,ID-MT-OR
59432,ID-MT-OR
59433,ID-MT-OR
59434,ID-MT-OR
59435,ID-MT-OR
59436,ID-MT-OR
59440,ID-MT-OR
59441,ID-MT-OR
59442,ID-MT-OR
59443,ID-MT-OR
59444,ID-MT-OR
59446,ID-MT-OR
59447,ID-MT-OR
59448,ID-MT-OR
59450,ID-MT-OR
59451,ID-MT-OR
59452,ID-MT-OR
59453,ID-MT-OR
59454,ID-MT-OR
59456,ID-MT-OR
59457,ID-MT-OR
59460,ID-MT-OR
59461,ID-MT-OR
59462,ID-MT-OR
59463,ID-MT-OR
59464,ID-MT-OR
59465,ID-MT-OR
59466,ID-MT-OR
59467,ID-MT-OR
59468,ID-MT-OR
59469,ID-MT-OR
59471,ID-MT-OR
59472,ID-MT-OR
59474,ID-MT-OR
59477,ID-MT-OR
59479,ID-MT-OR
59480,ID-MT-OR
59482,ID-MT-OR
59483,ID-MT-OR
59484,ID-MT-OR
59485,ID-MT-OR
59486,ID-MT-OR
59487,ID-MT-OR
59489,ID-MT-OR
59501,ID-MT-OR
59520,ID-MT-OR
59521,ID-MT-OR
59522,ID-MT-OR
59523,ID-MT-OR
59524,ID-MT-OR
59525,ID-MT-OR
59526,ID-MT-OR
59527,ID-MT-OR
59528,ID-MT-OR
59529,ID-MT-OR
59530,ID-MT-OR
59531,ID-MT-OR
59532,ID-MT-OR
59535,ID-MT-OR
59537,ID-MT-OR
59538,ID-MT-OR
59540,ID-MT-OR
59542,ID-MT-OR
59544,ID-MT-OR
59545,ID-MT-OR
59546,ID-MT-OR
59547,ID-MT-OR
59601,ID-MT-OR
59602,ID-MT-OR
59604,ID-MT-OR
59620,ID-MT-OR
59623,ID-MT-OR
59624,ID-MT-OR
59625,ID-MT-OR
59626,ID-MT-OR
59631,ID-MT-OR
59632,ID-MT-OR
59633,ID-MT-OR
59634,ID-MT-OR
59635,ID-MT-OR
59636,ID-MT-OR
59638,ID-MT-OR
59639,ID-MT-OR
59640,ID-MT-OR
59641,ID-MT-OR
59642,ID-MT-OR
59643,ID-MT-OR
59644,ID-MT-OR
59645,ID-MT-OR
59647,ID-MT-OR
59648,ID-MT-OR
59701,ID-MT-OR
59702,ID-MT-OR
59703,ID-MT-OR
59707,ID-MT-OR
59710,ID-MT-OR
59711,ID-MT-OR
59713,ID-MT-OR
59714,ID-MT-OR
59715,ID-MT-OR
59716,ID-MT-OR
59717,ID-MT-OR
59718,ID-MT-OR
59719,ID-MT-OR
59720,ID-MT-OR
59721,ID-MT-OR
59722,ID-MT-OR
59724,ID-MT-OR
59725,ID-MT-OR
59727,ID-MT-OR
59728,ID-MT-OR
59729,ID-MT-OR
59730,ID-MT-OR
59731,ID-MT-OR
59732,ID-MT-OR
59733,ID-MT-OR
59735,ID-MT-OR
59736,ID-MT-OR
59739,ID-MT-OR
59740,ID-MT-OR
59741,ID-MT-OR
59743,ID-MT-OR
59745,ID-MT-OR
59746,ID-MT-OR
59747,ID-MT-OR
59748,ID-MT-OR
59749,ID-MT-OR
59750,ID-MT-OR
59751,ID-MT-OR
59752,ID-MT-OR
59754,ID-MT-OR
59755,ID-MT-OR
59756,ID-MT-OR
59758,ID-MT-OR
59759,ID-MT-OR
59760,ID-MT-OR
59761,ID-MT-OR
59762,ID-MT-OR
59771,ID-MT-OR
59772,ID-MT-OR
59801,ID-MT-OR
59802,ID-MT-OR
59803,ID-MT-OR
59804,ID-MT-OR
59806,ID-MT-OR
59807,ID-MT-OR
59808,ID-MT-OR
59812,ID-MT-OR
59820,ID-MT-OR
59821,ID-MT-OR
59823,ID-MT-OR
59824,ID-MT-OR
59825,ID-MT-OR
59826,ID-MT-OR
59827,ID-MT-OR
59828,ID-MT-OR
59829,ID-MT-OR
59830,ID-MT-OR
59831,ID-MT-OR
59832,ID-MT-OR
59833,ID-MT-OR
59834,ID-MT-OR
59835,ID-MT-OR
59837,ID-MT-OR
59840,ID-MT-OR
59841,ID-MT-OR
59842,ID-MT-OR
59843,ID-MT-OR
59844,ID-MT-OR
59845,ID-MT-OR
59846,ID-MT-OR
59847,ID-MT-OR
59848,ID-MT-OR
59851,ID-MT-OR
59853,ID-MT-OR
59854,ID-MT-OR
59855,ID-MT-OR
59856,ID-MT-OR
59858,ID-MT-OR
59859,ID-MT-OR
59860,ID-MT-OR
59863,ID-MT-OR
59864,ID-MT-OR
59865,ID-MT-OR
59866,ID-MT-OR
59867,ID-MT-OR
59868,ID-MT-OR
59870,ID-MT-OR
59871,ID-MT-OR
59872,ID-MT-OR
59873,ID-MT-OR
59874,ID-MT-OR
59875,ID-MT-OR
59901,ID-MT-OR
59903,ID-MT-OR
59904,ID-MT-OR
59910,ID-MT-OR
59911,ID-MT-OR
59912,ID-MT-OR
59913,ID-MT-OR
59914,ID-MT-OR
59915,ID-MT-OR
59916,ID-MT-OR
59917,ID-MT-OR
59918,ID-MT-OR
59919,ID-MT-OR
59920,ID-MT-OR
59921,ID-MT-OR
59922,ID-MT-OR
59923,ID-MT-OR
59925,ID-MT-OR
59926,ID-MT-OR
59927,ID-MT-OR
59928,ID-MT-OR
59929,ID-MT-OR
59930,ID-MT-OR
59931,ID-MT-OR
59932,ID-MT-OR
59933,ID-MT-OR
59934,ID-MT-OR
59935,ID-MT-OR
59936,ID-MT-OR
59937,ID-MT-OR
60002,ILLINOIS
60004,ILLINOIS
60005,ILLINOIS
60006,ILLINOIS
60007,ILLINOIS
60008,ILLINOIS
60009,ILLINOIS
60010,ILLINOIS
60011,ILLINOIS
60012,ILLINOIS
60013,ILLINOIS
60014,ILLINOIS
60015,ILLINOIS
60016,ILLINOIS
60017,ILLINOIS
60018,ILLINOIS
60019,ILLINOIS
60020,ILLINOIS
60021,ILLINOIS
60022,ILLINOIS
60025,ILLINOIS
60026,ILLINOIS
60029,ILLINOIS
60030,ILLINOIS
60031,ILLINOIS
60033,ILLINOIS
60034,ILLINOIS
60035,ILLINOIS
60037,ILLINOIS
60038,ILLINOIS
60039,ILLINOIS
60040,ILLINOIS
60041,ILLINOIS
60042,ILLINOIS
60043,ILLINOIS
60044,ILLINOIS
60045,ILLINOIS
60046,ILLINOIS
60047,ILLINOIS
60048,ILLINOIS
60050,ILLINOIS
60051,ILLINOIS
60053,ILLINOIS
60055,ILLINOIS
60056,ILLINOIS
60060,ILLINOIS
60061,ILLINOIS
60062,ILLINOIS
60064,ILLINOIS
60065,ILLINOIS
60067,ILLINOIS
60068,ILLINOIS
60069,ILLINOIS
60070,ILLINOIS
60071,ILLINOIS
60072,ILLINOIS
60073,ILLINOIS
60074,ILLINOIS
60075,ILLINOIS
60076,ILLINOIS
60077,ILLINOIS
60078,ILLINOIS
60079,ILLINOIS
60081,ILLINOIS
60082,ILLINOIS
60083,ILLINOIS
60084,ILLINOIS
60085,ILLINOIS
60086,ILLINOIS
60087,ILLINOIS
60088,ILLINOIS
60089,ILLINOIS
60090,ILLINOIS
60091,ILLINOIS
60093,ILLINOIS
60094,ILLINOIS
60095,ILLINOIS
60096,ILLINOIS
60097,ILLINOIS
60098,ILLINOIS
60099,ILLINOIS
60101,ILLINOIS
60102,ILLINOIS
60103,ILLINOIS
60104,ILLINOIS
60105,ILLINOIS
60106,ILLINOIS
60107,ILLINOIS
60108,ILLINOIS
60109,ILLINOIS
60110,ILLINOIS
60111,ILLINOIS
60112,ILLINOIS
60113,ILLINOIS
60115,ILLINOIS
60116,ILLINOIS
60117,ILLINOIS
60118,ILLINOIS
60119,ILLINOIS
60120,ILLINOIS
60121,ILLINOIS
60122,ILLINOIS
60123,ILLINOIS
60124,ILLINOIS
60126,ILLINOIS
60128,ILLINOIS
60129,ILLINOIS
60130,ILLINOIS
60131,ILLINOIS
60132,ILLINOIS
60133,ILLINOIS
60134,ILLINOIS
60135,ILLINOIS
60136,ILLINOIS
60137,ILLINOIS
60138,ILLINOIS
60139,ILLINOIS
60140,ILLINOIS
60141,ILLINOIS
60142,ILLINOIS
60143,ILLINOIS
60144,ILLINOIS
60145,ILLINOIS
60146,ILLINOIS
60147,ILLINOIS
60148,ILLINOIS
60150,ILLINOIS
60151,ILLINOIS
60152,ILLINOIS
60153,ILLINOIS
60154,ILLINOIS
60155,ILLINOIS
60156,ILLINOIS
60157,ILLINOIS
60159,ILLINOIS
60160,ILLINOIS
60161,ILLINOIS
60162,ILLINOIS
60163,ILLINOIS
60164,ILLINOIS
60165,ILLINOIS
60168,ILLINOIS
60169,ILLINOIS
60171,ILLINOIS
60172,ILLINOIS
60173,ILLINOIS
60174,ILLINOIS
60175,ILLINOIS
60176,ILLINOIS
60177,ILLINOIS
60178,ILLINOIS
60179,ILLINOIS
60180,ILLINOIS
60181,ILLINOIS
60183,ILLINOIS
60184,ILLINOIS
60185,ILLINOIS
60186,ILLINOIS
60187,ILLINOIS
60188,ILLINOIS
60189,ILLINOIS
60190,ILLINOIS
60191,ILLINOIS
60192,ILLINOIS
60193,ILLINOIS
60194,ILLINOIS
60195,ILLINOIS
60196,ILLINOIS
60197,ILLINOIS
60199,ILLINOIS
60201,ILLINOIS
60202,ILLINOIS
60203,ILLINOIS
60204,ILLINOIS
60208,ILLINOIS
60301,ILLINOIS
60302,ILLINOIS
60303,ILLINOIS
60304,ILLINOIS
60305,ILLINOIS
60399,ILLINOIS
60401,ILLINOIS
60402,ILLINOIS
60403,ILLINOIS
60404,ILLINOIS
60406,ILLINOIS
60407,ILLINOIS
60408,ILLINOIS
60409,ILLINOIS
60410,ILLINOIS
60411,ILLINOIS
60412,ILLINOIS
60415,ILLINOIS
60416,ILLINOIS
60417,ILLINOIS
60418,ILLINOIS
60419,ILLINOIS
60420,ILLINOIS
60421,ILLINOIS
60422,ILLINOIS
60423,ILLINOIS
60424,ILLINOIS
60425,ILLINOIS
60426,ILLINOIS
60428,ILLINOIS
60429,ILLINOIS
60430,ILLINOIS
60431,ILLINOIS
60432,ILLINOIS
60433,ILLINOIS
60434,ILLINOIS
60435,ILLINOIS
60436,ILLINOIS
60437,ILLINOIS
60438,ILLINOIS
60439,ILLINOIS
60440,ILLINOIS
60441,ILLINOIS
60442,ILLINOIS
60443,ILLINOIS
60444,ILLINOIS
60445,ILLINOIS
60446,ILLINOIS
60447,ILLINOIS
60448,ILLINOIS
60449,ILLINOIS
60450,ILLINOIS
60451,ILLINOIS
60452,ILLINOIS
60453,ILLINOIS
60454,ILLINOIS
60455,ILLINOIS
60456,ILLINOIS
60457,ILLINOIS
60458,ILLINOIS
60459,ILLINOIS
60460,ILLINOIS
60461,ILLINOIS
60462,ILLINOIS
60463,ILLINOIS
60464,ILLINOIS
60465,ILLINOIS
60466,ILLINOIS
60467,ILLINOIS
60468,ILLINOIS
60469,ILLINOIS
60470,ILLINOIS
60471,ILLINOIS
60472,ILLINOIS
60473,ILLINOIS
60474,ILLINOIS
60475,ILLINOIS
60476,ILLINOIS
60477,ILLINOIS
60478,ILLINOIS
60479,ILLINOIS
60480,ILLINOIS
60481,ILLINOIS
60482,ILLINOIS
60484,ILLINOIS
60487,ILLINOIS
60490,ILLINOIS
60491,ILLINOIS
60499,ILLINOIS
60501,ILLINOIS
60502,ILLINOIS
60503,ILLINOIS
60504,ILLINOIS
60505,ILLINOIS
60506,ILLINOIS
60507,ILLINOIS
60510,ILLINOIS
60511,ILLINOIS
60512,ILLINOIS
60513,ILLINOIS
60514,ILLINOIS
60515,ILLINOIS
60516,ILLINOIS
60517,ILLINOIS
60518,ILLINOIS
60519,ILLINOIS
60520,ILLINOIS
60521,ILLINOIS
60522,ILLINOIS
60523,ILLINOIS
60525,ILLINOIS
60526,ILLINOIS
60527,ILLINOIS
60530,ILLINOIS
60531,ILLINOIS
60532,ILLINOIS
60534,ILLINOIS
60536,ILLINOIS
60537,ILLINOIS
60538,ILLINOIS
60539,ILLINOIS
60540,ILLINOIS
60541,ILLINOIS
60542,ILLINOIS
60543,ILLINOIS
60544,ILLINOIS
60545,ILLINOIS
60546,ILLINOIS
60548,ILLINOIS
60549,ILLINOIS
60550,ILLINOIS
60551,ILLINOIS
60552,ILLINOIS
60553,ILLINOIS
60554,ILLINOIS
60555,ILLINOIS
60556,ILLINOIS
60557,ILLINOIS
60558,ILLINOIS
60559,ILLINOIS
60560,ILLINOIS
60561,ILLINOIS
60563,ILLINOIS
60564,ILLINOIS
60565,ILLINOIS
60566,ILLINOIS
60567,ILLINOIS
60568,ILLINOIS
60569,ILLINOIS
60572,ILLINOIS
60585,ILLINOIS
60586,ILLINOIS
60598,ILLINOIS
60599,ILLINOIS
60601,ILLINOIS
60602,ILLINOIS
60603,ILLINOIS
60604,ILLINOIS
60605,ILLINOIS
60606,ILLINOIS
60607,ILLINOIS
60608,ILLINOIS
60609,ILLINOIS
60610,ILLINOIS
60611,ILLINOIS
60612,ILLINOIS
60613,ILLINOIS
60614,ILLINOIS
60615,ILLINOIS
60616,ILLINOIS
60617,ILLINOIS
60618,ILLINOIS
60619,ILLINOIS
60620,ILLINOIS
60621,ILLINOIS
60622,ILLINOIS
60623,ILLINOIS
60624,ILLINOIS
60625,ILLINOIS
60626,ILLINOIS
60628,ILLINOIS
60629,ILLINOIS
60630,ILLINOIS
60631,ILLINOIS
60632,ILLINOIS
60633,ILLINOIS
60634,ILLINOIS
60636,ILLINOIS
60637,ILLINOIS
60638,ILLINOIS
60639,ILLINOIS
60640,ILLINOIS
60641,ILLINOIS
60642,ILLINOIS
60643,ILLINOIS
60644,ILLINOIS
60645,ILLINOIS
60646,ILLINOIS
60647,ILLINOIS
60649,ILLINOIS
60651,ILLINOIS
60652,ILLINOIS
60653,ILLINOIS
60654,ILLINOIS
60655,ILLINOIS
60656,ILLINOIS
60657,ILLINOIS
60659,ILLINOIS
60660,ILLINOIS
60661,ILLINOIS
60664,ILLINOIS
60666,ILLINOIS
60668,ILLINOIS
60669,ILLINOIS
60670,ILLINOIS
60673,ILLINOIS
60674,ILLINOIS
60675,ILLINOIS
60677,ILLINOIS
60678,ILLINOIS
60680,ILLINOIS
60681,ILLINOIS
60682,ILLINOIS
60684,ILLINOIS
60685,ILLINOIS
60686,ILLINOIS
60687,ILLINOIS
60688,ILLINOIS
60689,ILLINOIS
60690,ILLINOIS
60691,ILLINOIS
60693,ILLINOIS
60694,ILLINOIS
60695,ILLINOIS
60696,ILLINOIS
60697,ILLINOIS
60699,ILLINOIS
60701,ILLINOIS
60706,ILLINOIS
60707,ILLINOIS
60712,ILLINOIS
60714,ILLINOIS
60803,ILLINOIS
60804,ILLINOIS
60805,ILLINOIS
60827,ILLINOIS
60901,ILLINOIS
60910,ILLINOIS
60911,ILLINOIS
60912,ILLINOIS
60913,ILLINOIS
60914,ILLINOIS
60915,ILLINOIS
60917,ILLINOIS
60918,ILLINOIS
60919,ILLINOIS
60920,ILLINOIS
60921,ILLINOIS
60922,ILLINOIS
60924,ILLINOIS
60926,ILLINOIS
60927,ILLINOIS
60928,ILLINOIS
60929,ILLINOIS
60930,ILLINOIS
60931,ILLINOIS
60932,ILLINOIS
60933,ILLINOIS
60934,ILLINOIS
60935,ILLINOIS
60936,ILLINOIS
60938,ILLINOIS
60939,ILLINOIS
60940,ILLINOIS
60941,ILLINOIS
60942,ILLINOIS
60944,ILLINOIS
60945,ILLINOIS
60946,ILLINOIS
60948,ILLINOIS
60949,ILLINOIS
60950,ILLINOIS
60951,ILLINOIS
60952,ILLINOIS
60953,ILLINOIS
60954,ILLINOIS
60955,ILLINOIS
60956,ILLINOIS
60957,ILLINOIS
60958,ILLINOIS
60959,ILLINOIS
60960,ILLINOIS
60961,ILLINOIS
60962,ILLINOIS
60963,ILLINOIS
60964,ILLINOIS
60966,ILLINOIS
60967,ILLINOIS
60968,ILLINOIS
60969,ILLINOIS
60970,ILLINOIS
60973,ILLINOIS
60974,ILLINOIS
61001,ILLINOIS
61006,ILLINOIS
61007,ILLINOIS
61008,ILLINOIS
61010,ILLINOIS
61011,ILLINOIS
61012,ILLINOIS
61013,ILLINOIS
61014,ILLINOIS
61015,ILLINOIS
61016,ILLINOIS
61018,ILLINOIS
61019,ILLINOIS
61020,ILLINOIS
61021,ILLINOIS
61024,ILLINOIS
61025,ILLINOIS
61027,ILLINOIS
61028,ILLINOIS
61030,ILLINOIS
61031,ILLINOIS
61032,ILLINOIS
61036,ILLINOIS
61037,ILLINOIS
61038,ILLINOIS
61039,ILLINOIS
61041,ILLINOIS
61042,ILLINOIS
61043,ILLINOIS
61044,ILLINOIS
61046,ILLINOIS
61047,ILLINOIS
61048,ILLINOIS
61049,ILLINOIS
61050,ILLINOIS
61051,ILLINOIS
61052,ILLINOIS
61053,ILLINOIS
61054,ILLINOIS
61057,ILLINOIS
61059,ILLINOIS
61060,ILLINOIS
61061,ILLINOIS
61062,ILLINOIS
61063,ILLINOIS
61064,ILLINOIS
61065,ILLINOIS
61067,ILLINOIS
61068,ILLINOIS
61070,ILLINOIS
61071,ILLINOIS
61072,ILLINOIS
61073,ILLINOIS
61074,ILLINOIS
61075,ILLINOIS
61077,ILLINOIS
61078,ILLINOIS
61079,ILLINOIS
61080,ILLINOIS
61081,ILLINOIS
61084,ILLINOIS
61085,ILLINOIS
61087,ILLINOIS
61088,ILLINOIS
61089,ILLINOIS
61091,ILLINOIS
61101,ILLINOIS
61102,ILLINOIS
61103,ILLINOIS
61104,ILLINOIS
61105,ILLINOIS
61106,ILLINOIS
61107,ILLINOIS
61108,ILLINOIS
61109,ILLINOIS
61110,ILLINOIS
61111,ILLINOIS
61112,ILLINOIS
61114,ILLINOIS
61115,ILLINOIS
61125,ILLINOIS
61126,ILLINOIS
61130,ILLINOIS
61131,ILLINOIS
61132,ILLINOIS
61201,ILLINOIS
61204,ILLINOIS
61230,IA-NE-SD
61231,ILLINOIS
61232,ILLINOIS
61233,ILLINOIS
61234,ILLINOIS
61235,ILLINOIS
61236,ILLINOIS
61237,ILLINOIS
61238,ILLINOIS
61239,ILLINOIS
61240,ILLINOIS
61241,ILLINOIS
61242,ILLINOIS
61243,ILLINOIS
61244,ILLINOIS
61250,ILLINOIS
61251,ILLINOIS
61252,ILLINOIS
61254,ILLINOIS
61256,ILLINOIS
61257,ILLINOIS
61258,ILLINOIS
61259,IA-NE-SD
61260,ILLINOIS
61261,ILLINOIS
61262,ILLINOIS
61263,ILLINOIS
61264,ILLINOIS
61265,ILLINOIS
61266,ILLINOIS
61270,ILLINOIS
61272,ILLINOIS
61273,ILLINOIS
61274,ILLINOIS
61275,ILLINOIS
61276,ILLINOIS
61277,ILLINOIS
61278,ILLINOIS
61279,ILLINOIS
61281,ILLINOIS
61282,ILLINOIS
61283,ILLINOIS
61284,ILLINOIS
61285,IA-NE-SD
61299,ILLINOIS
61301,ILLINOIS
61310,ILLINOIS
61311,ILLINOIS
61312,ILLINOIS
61313,ILLINOIS
61314,ILLINOIS
61315,ILLINOIS
61316,ILLINOIS
61317,ILLINOIS
61318,ILLINOIS
61319,ILLINOIS
61320,ILLINOIS
61321,ILLINOIS
61322,ILLINOIS
61323,ILLINOIS
61324,ILLINOIS
61325,ILLINOIS
61326,ILLINOIS
61327,ILLINOIS
61328,ILLINOIS
61329,ILLINOIS
61330,ILLINOIS
61331,ILLINOIS
61332,ILLINOIS
61333,ILLINOIS
61334,ILLINOIS
61335,ILLINOIS
61336,ILLINOIS
61337,ILLINOIS
61338,ILLINOIS
61340,ILLINOIS
61341,ILLINOIS
61342,ILLINOIS
61344,ILLINOIS
61345,ILLINOIS
61346,ILLINOIS
61348,ILLINOIS
61349,ILLINOIS
61350,ILLINOIS
61353,ILLINOIS
61354,ILLINOIS
61356,ILLINOIS
61358,ILLINOIS
61359,ILLINOIS
61360,ILLINOIS
61361,ILLINOIS
61362,ILLINOIS
61363,ILLINOIS
61364,ILLINOIS
61367,ILLINOIS
61368,ILLINOIS
61369,ILLINOIS
61370,ILLINOIS
61371,ILLINOIS
61372,ILLINOIS
61373,ILLINOIS
61374,ILLINOIS
61375,ILLINOIS
61376,ILLINOIS
61377,ILLINOIS
61378,ILLINOIS
61379,ILLINOIS
61401,ILLINOIS
61402,ILLINOIS
61410,ILLINOIS
61411,ILLINOIS
61412,ILLINOIS
61413,ILLINOIS
61414,ILLINOIS
61415,ILLINOIS
61416,ILLINOIS
61417,ILLINOIS
61418,ILLINOIS
61419,ILLINOIS
61420,ILLINOIS
61421,ILLINOIS
61422,ILLINOIS
61423,ILLINOIS
61424,ILLINOIS
61425,ILLINOIS
61426,ILLINOIS
61427,ILLINOIS
61428,ILLINOIS
61430,ILLINOIS
61431,ILLINOIS
61432,ILLINOIS
61433,ILLINOIS
61434,ILLINOIS
61435,ILLINOIS
61436,ILLINOIS
61437,ILLINOIS
61438,ILLINOIS
61439,ILLINOIS
61440,ILLINOIS
61441,ILLINOIS
61442,ILLINOIS
61443,ILLINOIS
61447,ILLINOIS
61448,ILLINOIS
61449,ILLINOIS
61450,ILLINOIS
61451,ILLINOIS
61452,ILLINOIS
61453,ILLINOIS
61454,ILLINOIS
61455,ILLINOIS
61458,ILLINOIS
61459,ILLINOIS
61460,ILLINOIS
61462,ILLINOIS
61465,ILLINOIS
61466,ILLINOIS
61467,ILLINOIS
61468,ILLINOIS
61469,ILLINOIS
61470,ILLINOIS
61471,ILLINOIS
61472,ILLINOIS
61473,ILLINOIS
61474,ILLINOIS
61475,ILLINOIS
61476,ILLINOIS
61477,ILLINOIS
61478,ILLINOIS
61479,ILLINOIS
61480,ILLINOIS
61482,ILLINOIS
61483,ILLINOIS
61484,ILLINOIS
61485,ILLINOIS
61486,ILLINOIS
61488,ILLINOIS
61489,ILLINOIS
61490,ILLINOIS
61491,ILLINOIS
61501,ILLINOIS
61516,ILLINOIS
61517,ILLINOIS
61519,ILLINOIS
61520,ILLINOIS
61523,ILLINOIS
61524,ILLINOIS
61525,ILLINOIS
61526,ILLINOIS
61528,ILLINOIS
61529,ILLINOIS
61530,ILLINOIS
61531,ILLINOIS
61532,ILLINOIS
61533,ILLINOIS
61534,ILLINOIS
61535,ILLINOIS
61536,ILLINOIS
61537,ILLINOIS
61539,ILLINOIS
61540,ILLINOIS
61541,ILLINOIS
61542,ILLINOIS
61543,ILLINOIS
61544,ILLINOIS
61545,ILLINOIS
61546,ILLINOIS
61547,ILLINOIS
61548,ILLINOIS
61550,ILLINOIS
61552,ILLINOIS
61553,ILLINOIS
61554,ILLINOIS
61555,ILLINOIS
61558,ILLINOIS
61559,ILLINOIS
61560,ILLINOIS
61561,ILLINOIS
61562,ILLINOIS
61563,ILLINOIS
61564,ILLINOIS
61565,ILLINOIS
61567,ILLINOIS
61568,ILLINOIS
61569,ILLINOIS
61570,ILLINOIS
61571,ILLINOIS
61572,ILLINOIS
61601,ILLINOIS
61602,ILLINOIS
61603,ILLINOIS
61604,ILLINOIS
61605,ILLINOIS
61606,ILLINOIS
61607,ILLINOIS
61610,ILLINOIS
61611,ILLINOIS
61612,ILLINOIS
61613,ILLINOIS
61614,ILLINOIS
61615,ILLINOIS
61616,ILLINOIS
61625,ILLINOIS
61629,ILLINOIS
61630,ILLINOIS
61633,ILLINOIS
61634,ILLINOIS
61635,ILLINOIS
61636,ILLINOIS
61637,ILLINOIS
61638,ILLINOIS
61639,ILLINOIS
61641,ILLINOIS
61643,ILLINOIS
61650,ILLINOIS
61651,ILLINOIS
61652,ILLINOIS
61653,ILLINOIS
61654,ILLINOIS
61655,ILLINOIS
61656,ILLINOIS
61701,ILLINOIS
61702,ILLINOIS
61704,ILLINOIS
61705,ILLINOIS
61709,ILLINOIS
61710,ILLINOIS
61720,ILLINOIS
61721,ILLINOIS
61722,ILLINOIS
61723,ILLINOIS
61724,ILLINOIS
61725,ILLINOIS
61726,ILLINOIS
61727,ILLINOIS
61728,ILLINOIS
61729,ILLINOIS
61730,ILLINOIS
61731,ILLINOIS
61732,ILLINOIS
61733,ILLINOIS
61734,ILLINOIS
61735,ILLINOIS
61736,ILLINOIS
61737,ILLINOIS
61738,ILLINOIS
61739,ILLINOIS
61740,ILLINOIS
61741,ILLINOIS
61742,ILLINOIS
61743,ILLINOIS
61744,ILLINOIS
61745,ILLINOIS
61747,ILLINOIS
61748,ILLINOIS
61749,ILLINOIS
61750,ILLINOIS
61751,ILLINOIS
61752,ILLINOIS
61753,ILLINOIS
61754,ILLINOIS
61755,ILLINOIS
61756,ILLINOIS
61758,ILLINOIS
61759,ILLINOIS
61760,ILLINOIS
61761,ILLINOIS
61764,ILLINOIS
61769,ILLINOIS
61770,ILLINOIS
61771,ILLINOIS
61772,ILLINOIS
61773,ILLINOIS
61774,ILLINOIS
61775,ILLINOIS
61776,ILLINOIS
61777,ILLINOIS
61778,ILLINOIS
61790,ILLINOIS
61791,ILLINOIS
61799,ILLINOIS
61801,ILLINOIS
61802,ILLINOIS
61803,ILLINOIS
61810,ILLINOIS
61811,ILLINOIS
61812,ILLINOIS
61813,ILLINOIS
61814,ILLINOIS
61815,ILLINOIS
61816,ILLINOIS
61817,ILLINOIS
61818,ILLINOIS
61820,ILLINOIS
61821,ILLINOIS
61822,ILLINOIS
61824,ILLINOIS
61825,ILLINOIS
61826,ILLINOIS
61830,ILLINOIS
61831,ILLINOIS
61832,ILLINOIS
61833,ILLINOIS
61834,ILLINOIS
61839,ILLINOIS
61840,ILLINOIS
61841,ILLINOIS
61842,ILLINOIS
61843,ILLINOIS
61844,ILLINOIS
61845,ILLINOIS
61846,ILLINOIS
61847,ILLINOIS
61848,ILLINOIS
61849,ILLINOIS
61850,ILLINOIS
61851,ILLINOIS
61852,ILLINOIS
61853,ILLINOIS
61854,ILLINOIS
61855,ILLINOIS
61856,ILLINOIS
61857,ILLINOIS
61858,ILLINOIS
61859,ILLINOIS
61862,ILLINOIS
61863,ILLINOIS
61864,ILLINOIS
61865,ILLINOIS
61866,ILLINOIS
61870,ILLINOIS
61871,ILLINOIS
61872,ILLINOIS
61873,ILLINOIS
61874,ILLINOIS
61875,ILLINOIS
61876,ILLINOIS
61877,ILLINOIS
61878,ILLINOIS
61880,ILLINOIS
61882,ILLINOIS
61883,ILLINOIS
61884,ILLINOIS
61910,ILLINOIS
61911,ILLINOIS
61912,ILLINOIS
61913,ILLINOIS
61914,ILLINOIS
61917,ILLINOIS
61919,ILLINOIS
61920,ILLINOIS
61924,ILLINOIS
61925,ILLINOIS
61928,ILLINOIS
61929,ILLINOIS
61930,ILLINOIS
61931,ILLINOIS
61932,ILLINOIS
61933,ILLINOIS
61936,ILLINOIS
61937,ILLINOIS
61938,ILLINOIS
61940,ILLINOIS
61941,ILLINOIS
61942,ILLINOIS
61943,ILLINOIS
61944,ILLINOIS
61949,ILLINOIS
61951,ILLINOIS
61953,ILLINOIS
61955,ILLINOIS
61956,ILLINOIS
61957,ILLINOIS
62001,ILLINOIS
62002,ILLINOIS
62006,ILLINOIS
62009,ILLINOIS
62010,ILLINOIS
62011,ILLINOIS
62012,ILLINOIS
62013,ILLINOIS
62014,ILLINOIS
62015,ILLINOIS
62016,ILLINOIS
62017,ILLINOIS
62018,ILLINOIS
62019,ILLINOIS
62021,ILLINOIS
62022,ILLINOIS
62023,ILLINOIS
62024,ILLINOIS
62025,ILLINOIS
62026,ILLINOIS
62027,ILLINOIS
62028,ILLINOIS
62030,ILLINOIS
62031,ILLINOIS
62032,ILLINOIS
62033,ILLINOIS
62034,ILLINOIS
62035,ILLINOIS
62036,ILLINOIS
62037,ILLINOIS
62040,ILLINOIS
62044,ILLINOIS
62045,ILLINOIS
62046,ILLINOIS
62047,ILLINOIS
62048,ILLINOIS
62049,ILLINOIS
62050,ILLINOIS
62051,ILLINOIS
62052,ILLINOIS
62053,ILLINOIS
62054,ILLINOIS
62056,ILLINOIS
62058,ILLINOIS
62059,ILLINOIS
62060,ILLINOIS
62061,ILLINOIS
62062,ILLINOIS
62063,ILLINOIS
62065,ILLINOIS
62067,ILLINOIS
62069,ILLINOIS
62070,ILLINOIS
62071,ILLINOIS
62074,ILLINOIS
62075,ILLINOIS
62076,ILLINOIS
62077,ILLINOIS
62078,ILLINOIS
62079,ILLINOIS
62080,ILLINOIS
62081,ILLINOIS
62082,ILLINOIS
62083,ILLINOIS
62084,ILLINOIS
62085,ILLINOIS
62086,ILLINOIS
62087,ILLINOIS
62088,ILLINOIS
62089,ILLINOIS
62090,ILLINOIS
62091,ILLINOIS
62092,ILLINOIS
62093,ILLINOIS
62094,ILLINOIS
62095,ILLINOIS
62097,ILLINOIS
62098,ILLINOIS
62201,ILLINOIS
62202,ILLINOIS
62203,ILLINOIS
62204,ILLINOIS
62205,ILLINOIS
62206,ILLINOIS
62207,ILLINOIS
62208,ILLINOIS
62214,ILLINOIS
62215,ILLINOIS
62216,ILLINOIS
62217,ILLINOIS
62218,ILLINOIS
62219,ILLINOIS
62220,ILLINOIS
62221,ILLINOIS
62222,ILLINOIS
62223,ILLINOIS
62225,ILLINOIS
62226,ILLINOIS
62230,ILLINOIS
62231,ILLINOIS
62232,ILLINOIS
62233,ILLINOIS
62234,ILLINOIS
62236,ILLINOIS
62237,ILLINOIS
62238,ILLINOIS
62239,ILLINOIS
62240,ILLINOIS
62241,ILLINOIS
62242,ILLINOIS
62243,ILLINOIS
62244,ILLINOIS
62245,ILLINOIS
62246,ILLINOIS
62248,ILLINOIS
62249,ILLINOIS
62250,ILLINOIS
62252,ILLINOIS
62253,ILLINOIS
62254,ILLINOIS
62255,ILLINOIS
62256,ILLINOIS
62257,ILLINOIS
62258,ILLINOIS
62259,ILLINOIS
62260,ILLINOIS
62261,ILLINOIS
62262,ILLINOIS
62263,ILLINOIS
62264,ILLINOIS
62265,ILLINOIS
62266,ILLINOIS
62268,ILLINOIS
62269,ILLINOIS
62271,ILLINOIS
62272,ILLINOIS
62273,ILLINOIS
62274,ILLINOIS
62275,ILLINOIS
62277,ILLINOIS
62278,ILLINOIS
62279,ILLINOIS
62280,ILLINOIS
62281,ILLINOIS
62282,ILLINOIS
62284,ILLINOIS
62285,ILLINOIS
62286,ILLINOIS
62288,ILLINOIS
62289,ILLINOIS
62292,ILLINOIS
62293,ILLINOIS
62294,ILLINOIS
62295,ILLINOIS
62297,ILLINOIS
62298,ILLINOIS
62301,ILLINOIS
62305,ILLINOIS
62306,ILLINOIS
62311,ILLINOIS
62312,ILLINOIS
62313,ILLINOIS
62314,ILLINOIS
62316,ILLINOIS
62319,ILLINOIS
62320,ILLINOIS
62321,ILLINOIS
62323,ILLINOIS
62324,ILLINOIS
62325,ILLINOIS
62326,ILLINOIS
62329,ILLINOIS
62330,ILLINOIS
62334,ILLINOIS
62336,ILLINOIS
62338,ILLINOIS
62339,ILLINOIS
62340,ILLINOIS
62341,ILLINOIS
62343,ILLINOIS
62344,ILLINOIS
62345,ILLINOIS
62346,ILLINOIS
62347,ILLINOIS
62348,ILLINOIS
62349,ILLINOIS
62351,ILLINOIS
62352,ILLINOIS
62353,ILLINOIS
62354,ILLINOIS
62355,ILLINOIS
62356,ILLINOIS
62357,ILLINOIS
62358,ILLINOIS
62359,ILLINOIS
62360,ILLINOIS
62361,ILLINOIS
62362,ILLINOIS
62363,ILLINOIS
62365,ILLINOIS
62366,ILLINOIS
62367,ILLINOIS
62370,ILLINOIS
62373,ILLINOIS
62374,ILLINOIS
62375,ILLINOIS
62376,ILLINOIS
62378,ILLINOIS
62379,ILLINOIS
62380,ILLINOIS
62401,ILLINOIS
62410,ILLINOIS
62411,ILLINOIS
62413,ILLINOIS
62414,ILLINOIS
62417,ILLINOIS
62418,ILLINOIS
62419,ILLINOIS
62420,ILLINOIS
62421,ILLINOIS
62422,ILLINOIS
62423,ILLINOIS
62424,ILLINOIS
62425,ILLINOIS
62426,ILLINOIS
62427,ILLINOIS
62428,ILLINOIS
62431,ILLINOIS
62432,ILLINOIS
62433,ILLINOIS
62434,ILLINOIS
62436,ILLINOIS
62438,ILLINOIS
62439,ILLINOIS
62440,ILLINOIS
62441,ILLINOIS
62442,ILLINOIS
62443,ILLINOIS
62444,ILLINOIS
62445,ILLINOIS
62446,ILLINOIS
62447,ILLINOIS
62448,ILLINOIS
62449,ILLINOIS
62450,ILLINOIS
62451,ILLINOIS
62452,ILLINOIS
62454,ILLINOIS
62458,ILLINOIS
62459,ILLINOIS
62460,ILLINOIS
62461,ILLINOIS
62462,ILLINOIS
62463,ILLINOIS
62464,ILLINOIS
62465,ILLINOIS
62466,ILLINOIS
62467,ILLINOIS
62468,ILLINOIS
62469,ILLINOIS
62471,ILLINOIS
62473,ILLINOIS
62474,ILLINOIS
62475,ILLINOIS
62476,ILLINOIS
62477,ILLINOIS
62478,ILLINOIS
62479,ILLINOIS
62480,ILLINOIS
62481,ILLINOIS
62501,ILLINOIS
62510,ILLINOIS
62512,ILLINOIS
62513,ILLINOIS
62514,ILLINOIS
62515,ILLINOIS
62517,ILLINOIS
62518,ILLINOIS
62519,ILLINOIS
62520,ILLINOIS
62521,ILLINOIS
62522,ILLINOIS
62523,ILLINOIS
62524,ILLINOIS
62525,ILLINOIS
62526,ILLINOIS
62530,ILLINOIS
62531,ILLINOIS
62532,ILLINOIS
62533,ILLINOIS
62534,ILLINOIS
62535,ILLINOIS
62536,ILLINOIS
62537,ILLINOIS
62538,ILLINOIS
62539,ILLINOIS
62540,ILLINOIS
62541,ILLINOIS
62543,ILLINOIS
62544,ILLINOIS
62545,ILLINOIS
62546,ILLINOIS
62547,ILLINOIS
62548,ILLINOIS
62549,ILLINOIS
62550,ILLINOIS
62551,ILLINOIS
62553,ILLINOIS
62554,ILLINOIS
62555,ILLINOIS
62556,ILLINOIS
62557,ILLINOIS
62558,ILLINOIS
62560,ILLINOIS
62561,ILLINOIS
62563,ILLINOIS
62565,ILLINOIS
62567,ILLINOIS
62568,ILLINOIS
62570,ILLINOIS
62571,ILLINOIS
62572,ILLINOIS
62573,ILLINOIS
62601,ILLINOIS
62610,ILLINOIS
62611,ILLINOIS
62612,ILLINOIS
62613,ILLINOIS
62615,ILLINOIS
62617,ILLINOIS
62618,ILLINOIS
62621,ILLINOIS
62622,ILLINOIS
62624,ILLINOIS
62625,ILLINOIS
62626,ILLINOIS
62627,ILLINOIS
62628,ILLINOIS
62629,ILLINOIS
62630,ILLINOIS
62631,ILLINOIS
62633,ILLINOIS
62634,ILLINOIS
62635,ILLINOIS
62638,ILLINOIS
62639,ILLINOIS
62640,ILLINOIS
62642,ILLINOIS
62643,ILLINOIS
62644,ILLINOIS
62649,ILLINOIS
62650,ILLINOIS
62651,ILLINOIS
62655,ILLINOIS
62656,ILLINOIS
62659,ILLINOIS
62660,ILLINOIS
62661,ILLINOIS
62662,ILLINOIS
62663,ILLINOIS
62664,ILLINOIS
62665,ILLINOIS
62666,ILLINOIS
62667,ILLINOIS
62668,ILLINOIS
62670,ILLINOIS
62671,ILLINOIS
62672,ILLINOIS
62673,ILLINOIS
62674,ILLINOIS
62675,ILLINOIS
62677,ILLINOIS
62681,ILLINOIS
62682,ILLINOIS
62683,ILLINOIS
62684,ILLINOIS
62685,ILLINOIS
62688,ILLINOIS
62689,ILLINOIS
62690,ILLINOIS
62691,ILLINOIS
62692,ILLINOIS
62693,ILLINOIS
62694,ILLINOIS
62695,ILLINOIS
62701,ILLINOIS
62702,ILLINOIS
62703,ILLINOIS
62704,ILLINOIS
62705,ILLINOIS
62706,ILLINOIS
62707,ILLINOIS
62708,ILLINOIS
62711,ILLINOIS
62712,ILLINOIS
62715,ILLINOIS
62716,ILLINOIS
62719,ILLINOIS
62722,ILLINOIS
62723,ILLINOIS
62726,ILLINOIS
62736,ILLINOIS
62739,ILLINOIS
62756,ILLINOIS
62757,ILLINOIS
62761,ILLINOIS
62762,ILLINOIS
62763,ILLINOIS
62764,ILLINOIS
62765,ILLINOIS
62766,ILLINOIS
62767,ILLINOIS
62769,ILLINOIS
62776,ILLINOIS
62777,ILLINOIS
62781,ILLINOIS
62786,ILLINOIS
62791,ILLINOIS
62794,ILLINOIS
62796,ILLINOIS
62801,ILLINOIS
62803,ILLINOIS
62806,ILLINOIS
62807,ILLINOIS
62808,ILLINOIS
62809,ILLINOIS
62810,ILLINOIS
62811,ILLINOIS
62812,ILLINOIS
62814,ILLINOIS
62815,ILLINOIS
62816,ILLINOIS
62817,ILLINOIS
62818,ILLINOIS
62819,ILLINOIS
62820,ILLINOIS
62821,ILLINOIS
62822,ILLINOIS
62823,ILLINOIS
62824,ILLINOIS
62825,ILLINOIS
62827,ILLINOIS
62828,ILLINOIS
62829,ILLINOIS
62830,ILLINOIS
62831,ILLINOIS
62832,ILLINOIS
62833,ILLINOIS
62834,ILLINOIS
62835,ILLINOIS
62836,ILLINOIS
62837,ILLINOIS
62838,ILLINOIS
62839,ILLINOIS
62840,ILLINOIS
62841,ILLINOIS
62842,ILLINOIS
62843,ILLINOIS
62844,ILLINOIS
62846,ILLINOIS
62848,ILLINOIS
62849,ILLINOIS
62850,ILLINOIS
62851,ILLINOIS
62852,ILLINOIS
62853,ILLINOIS
62854,ILLINOIS
62856,ILLINOIS
62858,ILLINOIS
62859,ILLINOIS
62860,ILLINOIS
62861,ILLINOIS
62862,ILLINOIS
62863,ILLINOIS
62864,ILLINOIS
62865,ILLINOIS
62866,ILLINOIS
62867,ILLINOIS
62868,ILLINOIS
62869,ILLINOIS
62870,ILLINOIS
62871,ILLINOIS
62872,ILLINOIS
62874,ILLINOIS
62875,ILLINOIS
62876,ILLINOIS
62877,ILLINOIS
62878,ILLINOIS
62879,ILLINOIS
62880,ILLINOIS
62881,ILLINOIS
62882,ILLINOIS
62883,ILLINOIS
62884,ILLINOIS
62885,ILLINOIS
62886,ILLINOIS
62887,ILLINOIS
62888,ILLINOIS
62889,ILLINOIS
62890,ILLINOIS
62891,ILLINOIS
62892,ILLINOIS
62893,ILLINOIS
62894,ILLINOIS
62895,ILLINOIS
62896,ILLINOIS
62897,ILLINOIS
62898,ILLINOIS
62899,ILLINOIS
62901,ILLINOIS
62902,ILLINOIS
62903,ILLINOIS
62905,ILLINOIS
62906,ILLINOIS
62907,ILLINOIS
62908,ILLINOIS
62909,ILLINOIS
62910,ILLINOIS
62912,ILLINOIS
62914,ILLINOIS
62915,ILLINOIS
62916,ILLINOIS
62917,ILLINOIS
62918,ILLINOIS
62919,ILLINOIS
62920,ILLINOIS
62921,ILLINOIS
62922,ILLINOIS
62923,ILLINOIS
62924,ILLINOIS
62926,ILLINOIS
62927,ILLINOIS
62928,ILLINOIS
62930,ILLINOIS
62931,ILLINOIS
62932,ILLINOIS
62933,ILLINOIS
62934,ILLINOIS
62935,ILLINOIS
62938,ILLINOIS
62939,ILLINOIS
62940,ILLINOIS
62941,ILLINOIS
62942,ILLINOIS
62943,ILLINOIS
62946,ILLINOIS
62947,ILLINOIS
62948,ILLINOIS
62949,ILLINOIS
62950,ILLINOIS
62951,ILLINOIS
62952,ILLINOIS
62953,ILLINOIS
62954,ILLINOIS
62956,ILLINOIS
62957,ILLINOIS
62958,ILLINOIS
62959,ILLINOIS
62960,ILLINOIS
62961,ILLINOIS
62962,ILLINOIS
62963,ILLINOIS
62964,ILLINOIS
62965,ILLINOIS
62966,ILLINOIS
62967,ILLINOIS
62969,ILLINOIS
62970,ILLINOIS
62972,ILLINOIS
62973,ILLINOIS
62974,ILLINOIS
62975,ILLINOIS
62976,ILLINOIS
62977,ILLINOIS
62979,ILLINOIS
62982,ILLINOIS
62983,ILLINOIS
62984,ILLINOIS
62985,ILLINOIS
62987,ILLINOIS
62988,ILLINOIS
62990,ILLINOIS
62992,ILLINOIS
62993,ILLINOIS
62994,ILLINOIS
62995,ILLINOIS
62996,ILLINOIS
62997,ILLINOIS
62998,ILLINOIS
62999,ILLINOIS
63005,KS-MO
63006,KS-MO
63010,KS-MO
63011,KS-MO
63012,KS-MO
63013,KS-MO
63014,KS-MO
63015,KS-MO
63016,KS-MO
63017,KS-MO
63019,KS-MO
63020,KS-MO
63021,KS-MO
63022,KS-MO
63023,KS-MO
63024,KS-MO
63025,KS-MO
63026,KS-MO
63028,KS-MO
63030,KS-MO
63031,KS-MO
63032,KS-MO
63033,KS-MO
63034,KS-MO
63036,KS-MO
63037,KS-MO
63038,KS-MO
63039,KS-MO
63040,KS-MO
63041,KS-MO
63042,KS-MO
63043,KS-MO
63044,KS-MO
63045,KS-MO
63047,KS-MO
63048,KS-MO
63049,KS-MO
63050,KS-MO
63051,KS-MO
63052,KS-MO
63053,KS-MO
63055,KS-MO
63056,KS-MO
63057,KS-MO
63060,KS-MO
63061,KS-MO
63065,KS-MO
63066,KS-MO
63068,KS-MO
63069,KS-MO
63070,KS-MO
63071,KS-MO
63072,KS-MO
63073,KS-MO
63074,KS-MO
63077,KS-MO
63079,KS-MO
63080,KS-MO
63084,KS-MO
63087,KS-MO
63088,KS-MO
63089,KS-MO
63090,KS-MO
63091,KS-MO
63099,KS-MO
63101,KS-MO
63102,KS-MO
63103,KS-MO
63104,KS-MO
63105,KS-MO
63106,KS-MO
63107,KS-MO
63108,KS-MO
63109,KS-MO
63110,KS-MO
63111,KS-MO
63112,KS-MO
63113,KS-MO
63114,KS-MO
63115,KS-MO
63116,KS-MO
63117,KS-MO
63118,KS-MO
63119,KS-MO
63120,KS-MO
63121,KS-MO
63122,KS-MO
63123,KS-MO
63124,KS-MO
63125,KS-MO
63126,KS-MO
63127,KS-MO
63128,KS-MO
63129,KS-MO
63130,KS-MO
63131,KS-MO
63132,KS-MO
63133,KS-MO
63134,KS-MO
63135,KS-MO
63136,KS-MO
63137,KS-MO
63138,KS-MO
63139,KS-MO
63140,KS-MO
63141,KS-MO
63143,KS-MO
63144,KS-MO
63145,KS-MO
63146,KS-MO
63147,KS-MO
63150,KS-MO
63151,KS-MO
63155,KS-MO
63156,KS-MO
63157,KS-MO
63158,KS-MO
63160,KS-MO
63163,KS-MO
63164,KS-MO
63166,KS-MO
63167,KS-MO
63169,KS-MO
63171,KS-MO
63177,KS-MO
63178,KS-MO
63179,KS-MO
63180,KS-MO
63188,KS-MO
63195,KS-MO
63197,KS-MO
63199,KS-MO
63301,KS-MO
63302,KS-MO
63303,KS-MO
63304,KS-MO
63330,KS-MO
63332,KS-MO
63333,KS-MO
63334,KS-MO
63336,KS-MO
63338,KS-MO
63339,KS-MO
63341,KS-MO
63342,KS-MO
63343,KS-MO
63344,KS-MO
63345,KS-MO
63346,KS-MO
63347,KS-MO
63348,KS-MO
63349,KS-MO
63350,KS-MO
63351,KS-MO
63352,KS-MO
63353,KS-MO
63357,KS-MO
63359,KS-MO
63361,KS-MO
63362,KS-MO
63363,KS-MO
63365,KS-MO
63366,KS-MO
63367,KS-MO
63368,KS-MO
63369,KS-MO
63370,KS-MO
63373,KS-MO
63376,KS-MO
63377,KS-MO
63378,KS-MO
63379,KS-MO
63380,KS-MO
63381,KS-MO
63382,KS-MO
63383,KS-MO
63384,KS-MO
63385,KS-MO
63386,KS-MO
63387,KS-MO
63388,KS-MO
63389,KS-MO
63390,KS-MO
63401,KS-MO
63430,KS-MO
63431,KS-MO
63432,KS-MO
63433,KS-MO
63434,KS-MO
63435,KS-MO
63436,KS-MO
63437,KS-MO
63438,KS-MO
63439,KS-MO
63440,KS-MO
63441,KS-MO
63442,KS-MO
63443,KS-MO
63445,KS-MO
63446,KS-MO
63447,KS-MO
63448,KS-MO
63450,KS-MO
63451,KS-MO
63452,KS-MO
63453,KS-MO
63454,KS-MO
63456,KS-MO
63457,KS-MO
63458,KS-MO
63459,KS-MO
63460,KS-MO
63461,KS-MO
63462,KS-MO
63463,KS-MO
63465,KS-MO
63466,KS-MO
63467,KS-MO
63468,KS-MO
63469,KS-MO
63471,KS-MO
63472,KS-MO
63473,KS-MO
63474,KS-MO
63501,KS-MO
63530,KS-MO
63531,KS-MO
63532,KS-MO
63533,KS-MO
63534,KS-MO
63535,KS-MO
63536,KS-MO
63537,KS-MO
63538,KS-MO
63539,KS-MO
63540,KS-MO
63541,KS-MO
63543,KS-MO
63544,KS-MO
63545,KS-MO
63546,KS-MO
63547,KS-MO
63548,KS-MO
63549,KS-MO
63551,KS-MO
63552,KS-MO
63555,KS-MO
63556,KS-MO
63557,KS-MO
63558,KS-MO
63559,KS-MO
63560,KS-MO
63561,KS-MO
63563,KS-MO
63565,KS-MO
63566,KS-MO
63567,KS-MO
63601,KS-MO
63620,KS-MO
63621,KS-MO
63622,KS-MO
63623,KS-MO
63624,KS-MO
63625,KS-MO
63626,KS-MO
63627,KS-MO
63628,KS-MO
63629,KS-MO
63630,KS-MO
63631,KS-MO
63632,KS-MO
63633,KS-MO
63636,KS-MO
63637,KS-MO
63638,KS-MO
63640,KS-MO
63645,KS-MO
63648,KS-MO
63650,KS-MO
63651,KS-MO
63653,KS-MO
63654,KS-MO
63655,KS-MO
63656,KS-MO
63660,KS-MO
63662,KS-MO
63663,KS-MO
63664,KS-MO
63665,KS-MO
63666,KS-MO
63670,KS-MO
63673,KS-MO
63674,KS-MO
63675,KS-MO
63701,KS-MO
63702,KS-MO
63703,KS-MO
63730,KS-MO
63732,KS-MO
63735,KS-MO
63736,KS-MO
63737,KS-MO
63738,KS-MO
63739,KS-MO
63740,KS-MO
63742,KS-MO
63743,KS-MO
63744,KS-MO
63745,KS-MO
63746,KS-MO
63747,KS-MO
63748,KS-MO
63750,KS-MO
63751,KS-MO
63752,KS-MO
63755,KS-MO
63758,KS-MO
63760,KS-MO
63763,KS-MO
63764,KS-MO
63766,KS-MO
63767,KS-MO
63769,KS-MO
63770,KS-MO
63771,KS-MO
63774,KS-MO
63775,KS-MO
63776,KS-MO
63779,KS-MO
63780,KS-MO
63781,KS-MO
63782,KS-MO
63783,KS-MO
63784,KS-MO
63785,KS-MO
63787,KS-MO
63801,KS-MO
63820,KS-MO
63821,KS-MO
63822,KS-MO
63823,KS-MO
63824,KS-MO
63825,KS-MO
63826,KS-MO
63827,KS-MO
63828,KS-MO
63829,KS-MO
63830,KS-MO
63833,KS-MO
63834,KS-MO
63837,KS-MO
63839,KS-MO
63840,KS-MO
63841,KS-MO
63845,KS-MO
63846,KS-MO
63847,KS-MO
63848,KS-MO
63849,KS-MO
63850,KS-MO
63851,KS-MO
63852,KS-MO
63853,KS-MO
63855,KS-MO
63857,KS-MO
63860,KS-MO
63862,KS-MO
63863,KS-MO
63866,KS-MO
63867,KS-MO
63868,KS-MO
63869,KS-MO
63870,KS-MO
63873,KS-MO
63874,KS-MO
63875,KS-MO
63876,KS-MO
63877,KS-MO
63878,KS-MO
63879,KS-MO
63880,KS-MO
63881,KS-MO
63882,KS-MO
63901,KS-MO
63902,KS-MO
63931,KS-MO
63932,KS-MO
63933,KS-MO
63934,KS-MO
63935,KS-MO
63936,KS-MO
63937,KS-MO
63939,KS-MO
63940,KS-MO
63941,KS-MO
63942,KS-MO
63943,KS-MO
63944,KS-MO
63945,KS-MO
63950,KS-MO
63951,KS-MO
63952,KS-MO
63953,KS-MO
63954,KS-MO
63955,KS-MO
63956,KS-MO
63957,KS-MO
63960,KS-MO
63961,KS-MO
63962,KS-MO
63964,KS-MO
63965,KS-MO
63966,KS-MO
63967,KS-MO
64001,KS-MO
64002,KS-MO
64011,KS-MO
64012,KS-MO
64013,KS-MO
64014,KS-MO
64015,KS-MO
64016,KS-MO
64017,KS-MO
64018,KS-MO
64019,KS-MO
64020,KS-MO
64021,KS-MO
64022,KS-MO
64024,KS-MO
64028,KS-MO
64029,KS-MO
64030,KS-MO
64034,KS-MO
64035,KS-MO
64036,KS-MO
64037,KS-MO
64040,KS-MO
64048,KS-MO
64050,KS-MO
64051,KS-MO
64052,KS-MO
64053,KS-MO
64054,KS-MO
64055,KS-MO
64056,KS-MO
64057,KS-MO
64058,KS-MO
64060,KS-MO
64061,KS-MO
64062,KS-MO
64063,KS-MO
64064,KS-MO
64065,KS-MO
64066,KS-MO
64067,KS-MO
64068,KS-MO
64069,KS-MO
64070,KS-MO
64071,KS-MO
64072,KS-MO
64073,KS-MO
64074,KS-MO
64075,KS-MO
64076,KS-MO
64077,KS-MO
64078,KS-MO
64079,KS-MO
64080,KS-MO
64081,KS-MO
64082,KS-MO
64083,KS-MO
64084,KS-MO
64085,KS-MO
64086,KS-MO
64088,KS-MO
64089,KS-MO
64090,KS-MO
64092,KS-MO
64093,KS-MO
64096,KS-MO
64097,KS-MO
64098,KS-MO
64101,KS-MO
64102,KS-MO
64105,KS-MO
64106,KS-MO
64108,KS-MO
64109,KS-MO
64110,KS-MO
64111,KS-MO
64112,KS-MO
64113,KS-MO
64114,KS-MO
64116,KS-MO
64117,KS-MO
64118,KS-MO
64119,KS-MO
64120,KS-MO
64121,KS-MO
64123,KS-MO
64124,KS-MO
64125,KS-MO
64126,KS-MO
64127,KS-MO
64128,KS-MO
64129,KS-MO
64130,KS-MO
64131,KS-MO
64132,KS-MO
64133,KS-MO
64134,KS-MO
64136,KS-MO
64137,KS-MO
64138,KS-MO
64139,KS-MO
64141,KS-MO
64144,KS-MO
64145,KS-MO
64146,KS-MO
64147,KS-MO
64148,KS-MO
64149,KS-MO
64150,KS-MO
64151,KS-MO
64152,KS-MO
64153,KS-MO
64154,KS-MO
64155,KS-MO
64156,KS-MO
64157,KS-MO
64158,KS-MO
64161,KS-MO
64162,KS-MO
64163,KS-MO
64164,KS-MO
64165,KS-MO
64166,KS-MO
64167,KS-MO
64168,KS-MO
64170,KS-MO
64171,KS-MO
64179,KS-MO
64180,KS-MO
64184,KS-MO
64187,KS-MO
64188,KS-MO
64190,KS-MO
64191,KS-MO
64195,KS-MO
64196,KS-MO
64197,KS-MO
64198,KS-MO
64199,KS-MO
64401,KS-MO
64402,KS-MO
64420,KS-MO
64421,KS-MO
64422,KS-MO
64423,KS-MO
64424,KS-MO
64426,KS-MO
64427,KS-MO
64428,KS-MO
64429,KS-MO
64430,KS-MO
64431,KS-MO
64432,KS-MO
64433,KS-MO
64434,KS-MO
64436,KS-MO
64437,KS-MO
64438,KS-MO
64439,KS-MO
64440,KS-MO
64441,KS-MO
64442,KS-MO
64443,KS-MO
64444,KS-MO
64445,KS-MO
64446,KS-MO
64448,KS-MO
64449,KS-MO
64451,KS-MO
64453,KS-MO
64454,KS-MO
64455,KS-MO
64456,KS-MO
64457,KS-MO
64458,KS-MO
64459,KS-MO
64461,KS-MO
64463,KS-MO
64465,KS-MO
64466,KS-MO
64467,KS-MO
64468,KS-MO
64469,KS-MO
64470,KS-MO
64471,KS-MO
64473,KS-MO
64474,KS-MO
64475,KS-MO
64476,KS-MO
64477,KS-MO
64479,KS-MO
64480,KS-MO
64481,KS-MO
64482,KS-MO
64483,KS-MO
64484,KS-MO
64485,KS-MO
64486,KS-MO
64487,KS-MO
64489,KS-MO
64490,KS-MO
64491,KS-MO
64492,KS-MO
64493,KS-MO
64494,KS-MO
64496,KS-MO
64497,KS-MO
64498,KS-MO
64499,KS-MO
64501,KS-MO
64502,KS-MO
64503,KS-MO
64504,KS-MO
64505,KS-MO
64506,KS-MO
64507,KS-MO
64508,KS-MO
64601,KS-MO
64620,KS-MO
64622,KS-MO
64623,KS-MO
64624,KS-MO
64625,KS-MO
64628,KS-MO
64630,KS-MO
64631,KS-MO
64632,KS-MO
64633,KS-MO
64635,KS-MO
64636,KS-MO
64637,KS-MO
64638,KS-MO
64639,KS-MO
64640,KS-MO
64641,KS-MO
64642,KS-MO
64643,KS-MO
64644,KS-MO
64645,KS-MO
64646,KS-MO
64647,KS-MO
64648,KS-MO
64649,KS-MO
64650,KS-MO
64651,KS-MO
64652,KS-MO
64653,KS-MO
64654,KS-MO
64655,KS-MO
64656,KS-MO
64657,KS-MO
64658,KS-MO
64659,KS-MO
64660,KS-MO
64661,KS-MO
64664,KS-MO
64667,KS-MO
64668,KS-MO
64670,KS-MO
64671,KS-MO
64672,KS-MO
64673,KS-MO
64674,KS-MO
64676,KS-MO
64679,KS-MO
64680,KS-MO
64681,KS-MO
64682,KS-MO
64683,KS-MO
64686,KS-MO
64688,KS-MO
64689,KS-MO
64701,KS-MO
64720,KS-MO
64722,KS-MO
64723,KS-MO
64724,KS-MO
64725,KS-MO
64726,KS-MO
64728,KS-MO
64730,KS-MO
64733,KS-MO
64734,KS-MO
64735,KS-MO
64738,KS-MO
64739,KS-MO
64740,KS-MO
64741,KS-MO
64742,KS-MO
64743,KS-MO
64744,KS-MO
64745,KS-MO
64746,KS-MO
64747,KS-MO
64748,KS-MO
64750,KS-MO
64752,KS-MO
64755,KS-MO
64756,KS-MO
64759,KS-MO
64761,KS-MO
64762,KS-MO
64763,KS-MO
64765,KS-MO
64766,KS-MO
64767,KS-MO
64769,KS-MO
64770,KS-MO
64771,KS-MO
64772,KS-MO
64776,KS-MO
64778,KS-MO
64779,KS-MO
64780,KS-MO
64781,KS-MO
64783,KS-MO
64784,KS-MO
64788,KS-MO
64790,KS-MO
64801,KS-MO
64802,KS-MO
64803,KS-MO
64804,KS-MO
64830,KS-MO
64831,KS-MO
64832,KS-MO
64833,KS-MO
64834,KS-MO
64835,KS-MO
64836,KS-MO
64840,KS-MO
64841,KS-MO
64842,KS-MO
64843,KS-MO
64844,KS-MO
64847,KS-MO
64848,KS-MO
64849,KS-MO
64850,KS-MO
64853,KS-MO
64854,KS-MO
64855,KS-MO
64856,KS-MO
64857,KS-MO
64858,KS-MO
64859,KS-MO
64861,KS-MO
64862,KS-MO
64863,KS-MO
64864,KS-MO
64865,KS-MO
64866,KS-MO
64867,KS-MO
64868,KS-MO
64870,KS-MO
64873,KS-MO
64874,KS-MO
64999,KS-MO
65001,KS-MO
65010,KS-MO
65011,KS-MO
65013,KS-MO
65014,KS-MO
65016,KS-MO
65017,KS-MO
65018,KS-MO
65020,KS-MO
65023,KS-MO
65024,KS-MO
65025,KS-MO
65026,KS-MO
65032,KS-MO
65034,KS-MO
65035,KS-MO
65036,KS-MO
65037,KS-MO
65038,KS-MO
65039,KS-MO
65040,KS-MO
65041,KS-MO
65042,KS-MO
65043,KS-MO
65046,KS-MO
65047,KS-MO
65048,KS-MO
65049,KS-MO
65050,KS-MO
65051,KS-MO
65052,KS-MO
65053,KS-MO
65054,KS-MO
65055,KS-MO
65058,KS-MO
65059,KS-MO
65061,KS-MO
65062,KS-MO
65063,KS-MO
65064,KS-MO
65065,KS-MO
65066,KS-MO
65067,KS-MO
65068,KS-MO
65069,KS-MO
65072,KS-MO
65074,KS-MO
65075,KS-MO
65076,KS-MO
65077,KS-MO
65078,KS-MO
65079,KS-MO
65080,KS-MO
65081,KS-MO
65082,KS-MO
65083,KS-MO
65084,KS-MO
65085,KS-MO
65101,KS-MO
65102,KS-MO
65103,KS-MO
65104,KS-MO
65105,KS-MO
65106,KS-MO
65107,KS-MO
65108,KS-MO
65109,KS-MO
65110,KS-MO
65111,KS-MO
65201,KS-MO
65202,KS-MO
65203,KS-MO
65205,KS-MO
65211,KS-MO
65212,KS-MO
65215,KS-MO
65216,KS-MO
65217,KS-MO
65218,KS-MO
65230,KS-MO
65231,KS-MO
65232,KS-MO
65233,KS-MO
65236,KS-MO
65237,KS-MO
65239,KS-MO
65240,KS-MO
65243,KS-MO
65244,KS-MO
65246,KS-MO
65247,KS-MO
65248,KS-MO
65250,KS-MO
65251,KS-MO
65254,KS-MO
65255,KS-MO
65256,KS-MO
65257,KS-MO
65258,KS-MO
65259,KS-MO
65260,KS-MO
65261,KS-MO
65262,KS-MO
65263,KS-MO
65264,KS-MO
65265,KS-MO
65270,KS-MO
65274,KS-MO
65275,KS-MO
65276,KS-MO
65278,KS-MO
65279,KS-MO
65280,KS-MO
65281,KS-MO
65282,KS-MO
65283,KS-MO
65284,KS-MO
65285,KS-MO
65286,KS-MO
65287,KS-MO
65299,KS-MO
65301,KS-MO
65302,KS-MO
65305,KS-MO
65320,KS-MO
65321,KS-MO
65322,KS-MO
65323,KS-MO
65324,KS-MO
65325,KS-MO
65326,KS-MO
65327,KS-MO
65329,KS-MO
65330,KS-MO
65332,KS-MO
65333,KS-MO
65334,KS-MO
65335,KS-MO
65336,KS-MO
65337,KS-MO
65338,KS-MO
65339,KS-MO
65340,KS-MO
65344,KS-MO
65345,KS-MO
65347,KS-MO
65348,KS-MO
65349,KS-MO
65350,KS-MO
65351,KS-MO
65354,KS-MO
65355,KS-MO
65360,KS-MO
65401,KS-MO
65402,KS-MO
65409,KS-MO
65436,KS-MO
65438,KS-MO
65439,KS-MO
65440,KS-MO
65441,KS-MO
65443,KS-MO
65444,KS-MO
65446,KS-MO
65449,KS-MO
65452,KS-MO
65453,KS-MO
65456,KS-MO
65457,KS-MO
65459,KS-MO
65461,KS-MO
65462,KS-MO
65463,KS-MO
65464,KS-MO
65466,KS-MO
65468,KS-MO
65470,KS-MO
65473,KS-MO
65479,KS-MO
65483,KS-MO
65484,KS-MO
65486,KS-MO
65501,KS-MO
65529,KS-MO
65532,KS-MO
65534,KS-MO
65535,KS-MO
65536,KS-MO
65541,KS-MO
65542,KS-MO
65543,KS-MO
65546,KS-MO
65548,KS-MO
65550,KS-MO
65552,KS-MO
65555,KS-MO
65556,KS-MO
65557,KS-MO
65559,KS-MO
65560,KS-MO
65564,KS-MO
65565,KS-MO
65566,KS-MO
65567,KS-MO
65570,KS-MO
65571,KS-MO
65580,KS-MO
65582,KS-MO
65583,KS-MO
65584,KS-MO
65586,KS-MO
65588,KS-MO
65589,KS-MO
65590,KS-MO
65591,KS-MO
65601,KS-MO
65603,KS-MO
65604,KS-MO
65605,KS-MO
65606,KS-MO
65607,KS-MO
65608,KS-MO
65609,KS-MO
65610,KS-MO
65611,KS-MO
65612,KS-MO
65613,KS-MO
65614,KS-MO
65615,KS-MO
65616,KS-MO
65617,KS-MO
65618,KS-MO
65619,KS-MO
65620,KS-MO
65622,KS-MO
65623,KS-MO
65624,KS-MO
65625,KS-MO
65626,KS-MO
65627,KS-MO
65629,KS-MO
65630,KS-MO
65631,KS-MO
65632,KS-MO
65633,KS-MO
65634,KS-MO
65635,KS-MO
65636,KS-MO
65637,KS-MO
65638,KS-MO
65640,KS-MO
65641,KS-MO
65644,KS-MO
65645,KS-MO
65646,KS-MO
65647,KS-MO
65648,KS-MO
65649,KS-MO
65650,KS-MO
65652,KS-MO
65653,KS-MO
65654,KS-MO
65655,KS-MO
65656,KS-MO
65657,KS-MO
65658,KS-MO
65660,KS-MO
65661,KS-MO
65662,KS-MO
65663,KS-MO
65664,KS-MO
65666,KS-MO
65667,KS-MO
65668,KS-MO
65669,KS-MO
65672,KS-MO
65673,KS-MO
65674,KS-MO
65675,KS-MO
65676,KS-MO
65679,KS-MO
65680,KS-MO
65681,KS-MO
65682,KS-MO
65685,KS-MO
65686,KS-MO
65688,KS-MO
65689,KS-MO
65690,KS-MO
65692,KS-MO
65702,KS-MO
65704,KS-MO
65705,KS-MO
65706,KS-MO
65707,KS-MO
65708,KS-MO
65710,KS-MO
65711,KS-MO
65712,KS-MO
65713,KS-MO
65714,KS-MO
65715,KS-MO
65717,KS-MO
65720,KS-MO
65721,KS-MO
65722,KS-MO
65723,KS-MO
65724,KS-MO
65725,KS-MO
65726,KS-MO
65727,KS-MO
65728,KS-MO
65729,KS-MO
65730,KS-MO
65731,KS-MO
65732,KS-MO
65733,KS-MO
65734,KS-MO
65735,KS-MO
65737,KS-MO
65738,KS-MO
65739,KS-MO
65740,KS-MO
65741,KS-MO
65742,KS-MO
65744,KS-MO
65745,KS-MO
65746,KS-MO
65747,KS-MO
65752,KS-MO
65753,KS-MO
65754,KS-MO
65755,KS-MO
65756,KS-MO
65757,KS-MO
65759,KS-MO
65760,KS-MO
65761,KS-MO
65762,KS-MO
65764,KS-MO
65765,KS-MO
65766,KS-MO
65767,KS-MO
65768,KS-MO
65769,KS-MO
65770,KS-MO
65771,KS-MO
65772,KS-MO
65773,KS-MO
65774,KS-MO
65775,KS-MO
65777,KS-MO
65778,KS-MO
65779,KS-MO
65781,KS-MO
65783,KS-MO
65784,KS-MO
65785,KS-MO
65786,KS-MO
65787,KS-MO
65788,KS-MO
65789,KS-MO
65790,KS-MO
65791,KS-MO
65793,KS-MO
65801,KS-MO
65802,KS-MO
65803,KS-MO
65804,KS-MO
65805,KS-MO
65806,KS-MO
65807,KS-MO
65808,KS-MO
65809,KS-MO
65810,KS-MO
65814,KS-MO
65817,KS-MO
65890,KS-MO
65897,KS-MO
65898,KS-MO
65899,KS-MO
66002,KS-MO
66006,KS-MO
66007,KS-MO
66008,KS-MO
66010,KS-MO
66012,KS-MO
66013,KS-MO
66014,KS-MO
66015,KS-MO
66016,KS-MO
66017,KS-MO
66018,KS-MO
66020,KS-MO
66021,KS-MO
66023,KS-MO
66024,KS-MO
66025,KS-MO
66026,KS-MO
66027,KS-MO
66030,KS-MO
66031,KS-MO
66032,KS-MO
66033,KS-MO
66035,KS-MO
66036,KS-MO
66039,KS-MO
66040,KS-MO
66041,KS-MO
66042,KS-MO
66043,KS-MO
66044,KS-MO
66045,KS-MO
66046,KS-MO
66047,KS-MO
66048,KS-MO
66049,KS-MO
66050,KS-MO
66051,KS-MO
66052,KS-MO
66053,KS-MO
66054,KS-MO
66056,KS-MO
66058,KS-MO
66060,KS-MO
66061,KS-MO
66062,KS-MO
66063,KS-MO
66064,KS-MO
66066,KS-MO
66067,KS-MO
66070,KS-MO
66071,KS-MO
66072,KS-MO
66073,KS-MO
66075,KS-MO
66076,KS-MO
66078,KS-MO
66079,KS-MO
66080,KS-MO
66083,KS-MO
66085,KS-MO
66086,KS-MO
66087,KS-MO
66088,KS-MO
66090,KS-MO
66091,KS-MO
66092,KS-MO
66093,KS-MO
66094,KS-MO
66095,KS-MO
66097,KS-MO
66101,KS-MO
66102,KS-MO
66103,KS-MO
66104,KS-MO
66105,KS-MO
66106,KS-MO
66109,KS-MO
66110,KS-MO
66111,KS-MO
66112,KS-MO
66113,KS-MO
66115,KS-MO
66117,KS-MO
66118,KS-MO
66119,KS-MO
66160,KS-MO
66201,KS-MO
66202,KS-MO
66203,KS-MO
66204,KS-MO
66205,KS-MO
66206,KS-MO
66207,KS-MO
66208,KS-MO
66209,KS-MO
66210,KS-MO
66211,KS-MO
66212,KS-MO
66213,KS-MO
66214,KS-MO
66215,KS-MO
66216,KS-MO
66217,KS-MO
66218,KS-MO
66219,KS-MO
66220,KS-MO
66221,KS-MO
66222,KS-MO
66223,KS-MO
66224,KS-MO
66225,KS-MO
66226,KS-MO
66227,KS-MO
66250,KS-MO
66251,KS-MO
66276,KS-MO
66282,KS-MO
66283,KS-MO
66285,KS-MO
66286,KS-MO
66401,KS-MO
66402,KS-MO
66403,KS-MO
66404,KS-MO
66406,KS-MO
66407,KS-MO
66408,KS-MO
66409,KS-MO
66411,KS-MO
66412,KS-MO
66413,KS-MO
66414,KS-MO
66415,KS-MO
66416,KS-MO
66417,KS-MO
66418,KS-MO
66419,KS-MO
66420,KS-MO
66422,KS-MO
66423,KS-MO
66424,KS-MO
66425,KS-MO
66426,KS-MO
66427,KS-MO
66428,KS-MO
66429,KS-MO
66431,KS-MO
66432,KS-MO
66434,KS-MO
66436,KS-MO
66438,KS-MO
66439,KS-MO
66440,KS-MO
66441,KS-MO
66442,KS-MO
66449,KS-MO
66451,KS-MO
66501,KS-MO
66502,KS-MO
66503,KS-MO
66505,KS-MO
66506,KS-MO
66507,KS-MO
66508,KS-MO
66509,KS-MO
66510,KS-MO
66512,KS-MO
66514,KS-MO
66515,KS-MO
66516,KS-MO
66517,KS-MO
66518,KS-MO
66520,KS-MO
66521,KS-MO
66522,KS-MO
66523,KS-MO
66524,KS-MO
66526,KS-MO
66527,KS-MO
66528,KS-MO
66531,KS-MO
66532,KS-MO
66533,KS-MO
66534,KS-MO
66535,KS-MO
66536,KS-MO
66537,KS-MO
66538,KS-MO
66539,KS-MO
66540,KS-MO
66541,KS-MO
66542,KS-MO
66543,KS-MO
66544,KS-MO
66546,KS-MO
66547,KS-MO
66548,KS-MO
66549,KS-MO
66550,KS-MO
66552,KS-MO
66554,KS-MO
66601,KS-MO
66603,KS-MO
66604,KS-MO
66605,KS-MO
66606,KS-MO
66607,KS-MO
66608,KS-MO
66609,KS-MO
66610,KS-MO
66611,KS-MO
66612,KS-MO
66614,KS-MO
66615,KS-MO
66616,KS-MO
66617,KS-MO
66618,KS-MO
66619,KS-MO
66620,KS-MO
66621,KS-MO
66622,KS-MO
66624,KS-MO
66625,KS-MO
66626,KS-MO
66629,KS-MO
66630,KS-MO
66636,KS-MO
66647,KS-MO
66667,KS-MO
66675,KS-MO
66683,KS-MO
66699,KS-MO
66701,KS-MO
66710,KS-MO
66711,KS-MO
66712,KS-MO
66713,KS-MO
66714,KS-MO
66716,KS-MO
66717,KS-MO
66720,KS-MO
66724,KS-MO
66725,KS-MO
66728,KS-MO
66732,KS-MO
66733,KS-MO
66734,KS-MO
66735,KS-MO
66736,KS-MO
66738,KS-MO
66739,KS-MO
66740,KS-MO
66741,KS-MO
66742,KS-MO
66743,KS-MO
66746,KS-MO
66748,KS-MO
66749,KS-MO
66751,KS-MO
66753,KS-MO
66754,KS-MO
66755,KS-MO
66756,KS-MO
66757,KS-MO
66758,KS-MO
66760,KS-MO
66761,KS-MO
66762,KS-MO
66763,KS-MO
66767,KS-MO
66769,KS-MO
66770,KS-MO
66771,KS-MO
66772,KS-MO
66773,KS-MO
66775,KS-MO
66776,KS-MO
66777,KS-MO
66778,KS-MO
66779,KS-MO
66780,KS-MO
66781,KS-MO
66782,KS-MO
66783,KS-MO
66801,KS-MO
66830,KS-MO
66833,KS-MO
66834,KS-MO
66835,KS-MO
66838,KS-MO
66839,KS-MO
66840,KS-MO
66842,KS-MO
66843,KS-MO
66845,KS-MO
66846,KS-MO
66849,KS-MO
66850,KS-MO
66851,KS-MO
66852,KS-MO
66853,KS-MO
66854,KS-MO
66855,KS-MO
66856,KS-MO
66857,KS-MO
66858,KS-MO
66859,KS-MO
66860,KS-MO
66861,KS-MO
66862,KS-MO
66863,KS-MO
66864,KS-MO
66865,KS-MO
66866,KS-MO
66868,KS-MO
66869,KS-MO
66870,KS-MO
66871,KS-MO
66872,KS-MO
66873,KS-MO
66901,KS-MO
66930,KS-MO
66932,KS-MO
66933,KS-MO
66935,KS-MO
66936,KS-MO
66937,KS-MO
66938,KS-MO
66939,KS-MO
66940,KS-MO
66941,KS-MO
66942,KS-MO
66943,KS-MO
66944,KS-MO
66945,KS-MO
66946,KS-MO
66948,KS-MO
66949,KS-MO
66951,KS-MO
66952,KS-MO
66953,KS-MO
66955,KS-MO
66956,KS-MO
66958,KS-MO
66959,KS-MO
66960,KS-MO
66961,KS-MO
66962,KS-MO
66963,KS-MO
66964,KS-MO
66966,KS-MO
66967,KS-MO
66968,KS-MO
66970,KS-MO
67001,KS-MO
67002,KS-MO
67003,KS-MO
67004,KS-MO
67005,KS-MO
67008,KS-MO
67009,KS-MO
67010,KS-MO
67012,KS-MO
67013,KS-MO
67016,KS-MO
67017,KS-MO
67018,KS-MO
67019,KS-MO
67020,KS-MO
67021,KS-MO
67022,KS-MO
67023,KS-MO
67024,KS-MO
67025,KS-MO
67026,KS-MO
67028,KS-MO
67029,KS-MO
67030,KS-MO
67031,KS-MO
67035,KS-MO
67036,KS-MO
67037,KS-MO
67038,KS-MO
67039,KS-MO
67041,KS-MO
67042,KS-MO
67045,KS-MO
67047,KS-MO
67049,KS-MO
67050,KS-MO
67051,KS-MO
67052,KS-MO
67053,KS-MO
67054,KS-MO
67055,KS-MO
67056,KS-MO
67057,KS-MO
67058,KS-MO
67059,KS-MO
67060,KS-MO
67061,KS-MO
67062,KS-MO
67063,KS-MO
67065,KS-MO
67066,KS-MO
67067,KS-MO
67068,KS-MO
67070,KS-MO
67071,KS-MO
67072,KS-MO
67073,KS-MO
67074,KS-MO
67101,KS-MO
67102,KS-MO
67103,KS-MO
67104,KS-MO
67105,KS-MO
67106,KS-MO
67107,KS-MO
67108,KS-MO
67109,KS-MO
67110,KS-MO
67111,KS-MO
67112,KS-MO
67114,KS-MO
67117,KS-MO
67118,KS-MO
67119,KS-MO
67120,KS-MO
67122,KS-MO
67123,KS-MO
67124,KS-MO
67127,KS-MO
67131,KS-MO
67132,KS-MO
67133,KS-MO
67134,KS-MO
67135,KS-MO
67137,KS-MO
67138,KS-MO
67140,KS-MO
67142,KS-MO
67143,KS-MO
67144,KS-MO
67146,KS-MO
67147,KS-MO
67149,KS-MO
67150,KS-MO
67151,KS-MO
67152,KS-MO
67154,KS-MO
67155,KS-MO
67156,KS-MO
67159,KS-MO
67201,KS-MO
67202,KS-MO
67203,KS-MO
67204,KS-MO
67205,KS-MO
67206,KS-MO
67207,KS-MO
67208,KS-MO
67209,KS-MO
67210,KS-MO
67211,KS-MO
67212,KS-MO
67213,KS-MO
67214,KS-MO
67215,KS-MO
67216,KS-MO
67217,KS-MO
67218,KS-MO
67219,KS-MO
67220,KS-MO
67221,KS-MO
67223,KS-MO
67226,KS-MO
67227,KS-MO
67228,KS-MO
67230,KS-MO
67232,KS-MO
67235,KS-MO
67260,KS-MO
67275,KS-MO
67276,KS-MO
67277,KS-MO
67278,KS-MO
67301,KS-MO
67330,KS-MO
67332,KS-MO
67333,KS-MO
67334,KS-MO
67335,KS-MO
67336,KS-MO
67337,KS-MO
67340,KS-MO
67341,KS-MO
67342,KS-MO
67344,KS-MO
67345,KS-MO
67346,KS-MO
67347,KS-MO
67349,KS-MO
67351,KS-MO
67352,KS-MO
67353,KS-MO
67354,KS-MO
67355,KS-MO
67356,KS-MO
67357,KS-MO
67360,KS-MO
67361,KS-MO
67363,KS-MO
67364,KS-MO
67401,KS-MO
67402,KS-MO
67410,KS-MO
67416,KS-MO
67417,KS-MO
67418,KS-MO
67420,KS-MO
67422,KS-MO
67423,KS-MO
67425,KS-MO
67427,KS-MO
67428,KS-MO
67430,KS-MO
67431,KS-MO
67432,KS-MO
67436,KS-MO
67437,KS-MO
67438,KS-MO
67439,KS-MO
67441,KS-MO
67442,KS-MO
67443,KS-MO
67444,KS-MO
67445,KS-MO
67446,KS-MO
67447,KS-MO
67448,KS-MO
67449,KS-MO
67450,KS-MO
67451,KS-MO
67452,KS-MO
67454,KS-MO
67455,KS-MO
67456,KS-MO
67457,KS-MO
67458,KS-MO
67459,KS-MO
67460,KS-MO
67464,KS-MO
67466,KS-MO
67467,KS-MO
67468,KS-MO
67470,KS-MO
67473,KS-MO
67474,KS-MO
67475,KS-MO
67476,KS-MO
67478,KS-MO
67480,KS-MO
67481,KS-MO
67482,KS-MO
67483,KS-MO
67484,KS-MO
67485,KS-MO
67487,KS-MO
67490,KS-MO
67491,KS-MO
67492,KS-MO
67501,KS-MO
67502,KS-MO
67504,KS-MO
67505,KS-MO
67510,KS-MO
67511,KS-MO
67512,KS-MO
67513,KS-MO
67514,KS-MO
67515,KS-MO
67516,KS-MO
67518,KS-MO
67519,KS-MO
67520,KS-MO
67521,KS-MO
67522,KS-MO
67523,KS-MO
67524,KS-MO
67525,KS-MO
67526,KS-MO
67529,KS-MO
67530,KS-MO
67543,KS-MO
67544,KS-MO
67545,KS-MO
67546,KS-MO
67547,KS-MO
67548,KS-MO
67550,KS-MO
67552,KS-MO
67553,KS-MO
67554,KS-MO
67556,KS-MO
67557,KS-MO
67559,KS-MO
67560,KS-MO
67561,KS-MO
67563,KS-MO
67564,KS-MO
67565,KS-MO
67566,KS-MO
67567,KS-MO
67568,KS-MO
67570,KS-MO
67572,KS-MO
67573,KS-MO
67574,KS-MO
67575,KS-MO
67576,KS-MO
67578,KS-MO
67579,KS-MO
67581,KS-MO
67583,KS-MO
67584,KS-MO
67585,KS-MO
67601,KS-MO
67621,KS-MO
67622,KS-MO
67623,KS-MO
67625,KS-MO
67626,KS-MO
67627,KS-MO
67628,KS-MO
67629,KS-MO
67631,KS-MO
67632,KS-MO
67634,KS-MO
67635,KS-MO
67637,KS-MO
67638,KS-MO
67639,KS-MO
67640,KS-MO
67642,KS-MO
67643,KS-MO
67644,KS-MO
67645,KS-MO
67646,KS-MO
67647,KS-MO
67648,KS-MO
67649,KS-MO
67650,KS-MO
67651,KS-MO
67653,KS-MO
67654,KS-MO
67656,KS-MO
67657,KS-MO
67658,KS-MO
67659,KS-MO
67660,KS-MO
67661,KS-MO
67663,KS-MO
67664,KS-MO
67665,KS-MO
67667,KS-MO
67669,KS-MO
67671,KS-MO
67672,KS-MO
67673,KS-MO
67674,KS-MO
67675,KS-MO
67701,KS-MO
67730,KS-MO
67731,KS-MO
67732,KS-MO
67733,KS-MO
67734,KS-MO
67735,KS-MO
67736,KS-MO
67737,KS-MO
67738,KS-MO
67739,KS-MO
67740,KS-MO
67741,KS-MO
67743,KS-MO
67744,KS-MO
67745,KS-MO
67747,KS-MO
67748,KS-MO
67749,KS-MO
67751,KS-MO
67752,KS-MO
67753,KS-MO
67756,KS-MO
67757,KS-MO
67758,KS-MO
67761,KS-MO
67762,KS-MO
67764,KS-MO
67801,KS-MO
67831,KS-MO
67834,KS-MO
67835,KS-MO
67836,KS-MO
67837,KS-MO
67838,KS-MO
67839,KS-MO
67840,KS-MO
67841,KS-MO
67842,KS-MO
67843,KS-MO
67844,KS-MO
67846,KS-MO
67849,KS-MO
67850,KS-MO
67851,KS-MO
67853,KS-MO
67854,KS-MO
67855,KS-MO
67857,KS-MO
67859,KS-MO
67860,KS-MO
67861,KS-MO
67862,KS-MO
67863,KS-MO
67864,KS-MO
67865,KS-MO
67867,KS-MO
67868,KS-MO
67869,KS-MO
67870,KS-MO
67871,KS-MO
67876,KS-MO
67877,KS-MO
67878,KS-MO
67879,KS-MO
67880,KS-MO
67882,KS-MO
67901,KS-MO
67905,KS-MO
67950,KS-MO
67951,KS-MO
67952,KS-MO
67953,KS-MO
67954,KS-MO
68001,IA-NE-SD
68002,IA-NE-SD
68003,IA-NE-SD
68004,IA-NE-SD
68005,IA-NE-SD
68007,IA-NE-SD
68008,IA-NE-SD
68010,IA-NE-SD
68014,IA-NE-SD
68015,IA-NE-SD
68016,IA-NE-SD
68017,IA-NE-SD
68018,IA-NE-SD
68019,IA-NE-SD
68020,IA-NE-SD
68022,IA-NE-SD
68023,IA-NE-SD
68025,IA-NE-SD
68026,IA-NE-SD
68028,IA-NE-SD
68029,IA-NE-SD
68030,IA-NE-SD
68031,IA-NE-SD
68033,IA-NE-SD
68034,IA-NE-SD
68036,IA-NE-SD
68037,IA-NE-SD
68038,IA-NE-SD
68039,IA-NE-SD
68040,IA-NE-SD
68041,IA-NE-SD
68042,IA-NE-SD
68044,IA-NE-SD
68045,IA-NE-SD
68046,IA-NE-SD
68047,IA-NE-SD
68048,IA-NE-SD
68050,IA-NE-SD
68055,IA-NE-SD
68056,IA-NE-SD
68057,IA-NE-SD
68058,IA-NE-SD
68059,IA-NE-SD
68061,IA-NE-SD
68062,IA-NE-SD
68063,IA-NE-SD
68064,IA-NE-SD
68065,IA-NE-SD
68066,IA-NE-SD
68067,IA-NE-SD
68068,IA-NE-SD
68069,IA-NE-SD
68070,IA-NE-SD
68071,IA-NE-SD
68072,IA-NE-SD
68073,IA-NE-SD
68101,IA-NE-SD
68102,IA-NE-SD
68103,IA-NE-SD
68104,IA-NE-SD
68105,IA-NE-SD
68106,IA-NE-SD
68107,IA-NE-SD
68108,IA-NE-SD
68109,IA-NE-SD
68110,IA-NE-SD
68111,IA-NE-SD
68112,IA-NE-SD
68113,IA-NE-SD
68114,IA-NE-SD
68116,IA-NE-SD
68117,IA-NE-SD
68118,IA-NE-SD
68119,IA-NE-SD
68122,IA-NE-SD
68123,IA-NE-SD
68124,IA-NE-SD
68127,IA-NE-SD
68128,IA-NE-SD
68130,IA-NE-SD
68131,IA-NE-SD
68132,IA-NE-SD
68133,IA-NE-SD
68134,IA-NE-SD
68135,IA-NE-SD
68136,IA-NE-SD
68137,IA-NE-SD
68138,IA-NE-SD
68139,IA-NE-SD
68142,IA-NE-SD
68144,IA-NE-SD
68145,IA-NE-SD
68147,IA-NE-SD
68152,IA-NE-SD
68154,IA-NE-SD
68157,IA-NE-SD
68164,IA-NE-SD
68172,IA-NE-SD
68175,IA-NE-SD
68176,IA-NE-SD
68178,IA-NE-SD
68179,IA-NE-SD
68180,IA-NE-SD
68182,IA-NE-SD
68183,IA-NE-SD
68197,IA-NE-SD
68198,IA-NE-SD
68301,IA-NE-SD
68303,IA-NE-SD
68304,IA-NE-SD
68305,IA-NE-SD
68307,IA-NE-SD
68309,IA-NE-SD
68310,IA-NE-SD
68313,IA-NE-SD
68314,IA-NE-SD
68315,IA-NE-SD
68316,IA-NE-SD
68317,IA-NE-SD
68318,IA-NE-SD
68319,IA-NE-SD
68320,IA-NE-SD
68321,IA-NE-SD
68322,IA-NE-SD
68323,IA-NE-SD
68324,IA-NE-SD
68325,IA-NE-SD
68326,IA-NE-SD
68327,IA-NE-SD
68328,IA-NE-SD
68329,IA-NE-SD
68330,IA-NE-SD
68331,IA-NE-SD
68332,IA-NE-SD
68333,IA-NE-SD
68335,IA-NE-SD
68336,IA-NE-SD
68337,IA-NE-SD
68338,IA-NE-SD
68339,IA-NE-SD
68340,IA-NE-SD
68341,IA-NE-SD
68342,IA-NE-SD
68343,IA-NE-SD
68344,IA-NE-SD
68345,IA-NE-SD
68346,IA-NE-SD
68347,IA-NE-SD
68348,IA-NE-SD
68349,IA-NE-SD
68350,IA-NE-SD
68351,IA-NE-SD
68352,IA-NE-SD
68354,IA-NE-SD
68355,IA-NE-SD
68357,IA-NE-SD
68358,IA-NE-SD
68359,IA-NE-SD
68360,IA-NE-SD
68361,IA-NE-SD
68362,IA-NE-SD
68364,IA-NE-SD
68365,IA-NE-SD
68366,IA-NE-SD
68367,IA-NE-SD
68368,IA-NE-SD
68370,IA-NE-SD
68371,IA-NE-SD
68372,IA-NE-SD
68375,IA-NE-SD
68376,IA-NE-SD
68377,IA-NE-SD
68378,IA-NE-SD
68379,IA-NE-SD
68380,IA-NE-SD
68381,IA-NE-SD
68382,IA-NE-SD
68401,IA-NE-SD
68402,IA-NE-SD
68403,IA-NE-SD
68404,IA-NE-SD
68405,IA-NE-SD
68406,IA-NE-SD
68407,IA-NE-SD
68409,IA-NE-SD
68410,IA-NE-SD
68413,IA-NE-SD
68414,IA-NE-SD
68415,IA-NE-SD
68416,IA-NE-SD
68417,IA-NE-SD
68418,IA-NE-SD
68419,IA-NE-SD
68420,IA-NE-SD
68421,IA-NE-SD
68422,IA-NE-SD
68423,IA-NE-SD
68424,IA-NE-SD
68428,IA-NE-SD
68429,IA-NE-SD
68430,IA-NE-SD
68431,IA-NE-SD
68433,IA-NE-SD
68434,IA-NE-SD
68436,IA-NE-SD
68437,IA-NE-SD
68438,IA-NE-SD
68439,IA-NE-SD
68440,IA-NE-SD
68441,IA-NE-SD
68442,IA-NE-SD
68443,IA-NE-SD
68444,IA-NE-SD
68445,IA-NE-SD
68446,IA-NE-SD
68447,IA-NE-SD
68448,IA-NE-SD
68450,IA-NE-SD
68452,IA-NE-SD
68453,IA-NE-SD
68454,IA-NE-SD
68455,IA-NE-SD
68456,IA-NE-SD
68457,IA-NE-SD
68458,IA-NE-SD
68460,IA-NE-SD
68461,IA-NE-SD
68462,IA-NE-SD
68463,IA-NE-SD
68464,IA-NE-SD
68465,IA-NE-SD
68466,IA-NE-SD
68467,IA-NE-SD
68501,IA-NE-SD
68502,IA-NE-SD
68503,IA-NE-SD
68504,IA-NE-SD
68505,IA-NE-SD
68506,IA-NE-SD
68507,IA-NE-SD
68508,IA-NE-SD
68509,IA-NE-SD
68510,IA-NE-SD
68512,IA-NE-SD
68514,IA-NE-SD
68516,IA-NE-SD
68517,IA-NE-SD
68520,IA-NE-SD
68521,IA-NE-SD
68522,IA-NE-SD
68523,IA-NE-SD
68524,IA-NE-SD
68526,IA-NE-SD
68527,IA-NE-SD
68528,IA-NE-SD
68529,IA-NE-SD
68531,IA-NE-SD
68532,IA-NE-SD
68542,IA-NE-SD
68544,IA-NE-SD
68583,IA-NE-SD
68588,IA-NE-SD
68601,IA-NE-SD
68602,IA-NE-SD
68620,IA-NE-SD
68621,IA-NE-SD
68622,IA-NE-SD
68623,IA-NE-SD
68624,IA-NE-SD
68626,IA-NE-SD
68627,IA-NE-SD
68628,IA-NE-SD
68629,IA-NE-SD
68631,IA-NE-SD
68632,IA-NE-SD
68633,IA-NE-SD
68634,IA-NE-SD
68635,IA-NE-SD
68636,IA-NE-SD
68637,IA-NE-SD
68638,IA-NE-SD
68640,IA-NE-SD
68641,IA-NE-SD
68642,IA-NE-SD
68643,IA-NE-SD
68644,IA-NE-SD
68647,IA-NE-SD
68648,IA-NE-SD
68649,IA-NE-SD
68651,IA-NE-SD
68652,IA-NE-SD
68653,IA-NE-SD
68654,IA-NE-SD
68655,IA-NE-SD
68658,IA-NE-SD
68659,IA-NE-SD
68660,IA-NE-SD
68661,IA-NE-SD
68662,IA-NE-SD
68663,IA-NE-SD
68664,IA-NE-SD
68665,IA-NE-SD
68666,IA-NE-SD
68667,IA-NE-SD
68669,IA-NE-SD
68701,IA-NE-SD
68702,IA-NE-SD
68710,IA-NE-SD
68711,IA-NE-SD
68713,IA-NE-SD
68714,IA-NE-SD
68715,IA-NE-SD
68716,IA-NE-SD
68717,IA-NE-SD
68718,IA-NE-SD
68719,IA-NE-SD
68720,IA-NE-SD
68722,IA-NE-SD
68723,IA-NE-SD
68724,IA-NE-SD
68725,IA-NE-SD
68726,IA-NE-SD
68727,IA-NE-SD
68728,IA-NE-SD
68729,IA-NE-SD
68730,IA-NE-SD
68731,IA-NE-SD
68732,IA-NE-SD
68733,IA-NE-SD
68734,IA-NE-SD
68735,IA-NE-SD
68736,IA-NE-SD
68738,IA-NE-SD
68739,IA-NE-SD
68740,IA-NE-SD
68741,IA-NE-SD
68742,IA-NE-SD
68743,IA-NE-SD
68745,IA-NE-SD
68746,IA-NE-SD
68747,IA-NE-SD
68748,IA-NE-SD
68749,IA-NE-SD
68751,IA-NE-SD
68752,IA-NE-SD
68753,IA-NE-SD
68755,IA-NE-SD
68756,IA-NE-SD
68757,IA-NE-SD
68758,IA-NE-SD
68759,IA-NE-SD
68760,IA-NE-SD
68761,IA-NE-SD
68763,IA-NE-SD
68764,IA-NE-SD
68765,IA-NE-SD
68766,IA-NE-SD
68767,IA-NE-SD
68768,IA-NE-SD
68769,IA-NE-SD
68770,IA-NE-SD
68771,IA-NE-SD
68773,IA-NE-SD
68774,IA-NE-SD
68776,IA-NE-SD
68777,IA-NE-SD
68778,IA-NE-SD
68779,IA-NE-SD
68780,IA-NE-SD
68781,IA-NE-SD
68783,IA-NE-SD
68784,IA-NE-SD
68785,IA-NE-SD
68786,IA-NE-SD
68787,IA-NE-SD
68788,IA-NE-SD
68789,IA-NE-SD
68790,IA-NE-SD
68791,IA-NE-SD
68792,IA-NE-SD
68801,IA-NE-SD
68802,IA-NE-SD
68803,IA-NE-SD
68810,IA-NE-SD
68812,IA-NE-SD
68813,IA-NE-SD
68814,IA-NE-SD
68815,IA-NE-SD
68816,IA-NE-SD
68817,IA-NE-SD
68818,IA-NE-SD
68820,IA-NE-SD
68821,IA-NE-SD
68822,IA-NE-SD
68823,IA-NE-SD
68824,IA-NE-SD
68825,IA-NE-SD
68826,IA-NE-SD
68827,IA-NE-SD
68828,IA-NE-SD
68831,IA-NE-SD
68832,IA-NE-SD
68833,IA-NE-SD
68834,IA-NE-SD
68835,IA-NE-SD
68836,IA-NE-SD
68837,IA-NE-SD
68838,IA-NE-SD
68840,IA-NE-SD
68841,IA-NE-SD
68842,IA-NE-SD
68843,IA-NE-SD
68844,IA-NE-SD
68845,IA-NE-SD
68846,IA-NE-SD
68847,IA-NE-SD
68848,IA-NE-SD
68849,IA-NE-SD
68850,IA-NE-SD
68852,IA-NE-SD
68853,IA-NE-SD
68854,IA-NE-SD
68855,IA-NE-SD
68856,IA-NE-SD
68858,IA-NE-SD
68859,IA-NE-SD
68860,IA-NE-SD
68861,IA-NE-SD
68862,IA-NE-SD
68863,IA-NE-SD
68864,IA-NE-SD
68865,IA-NE-SD
68866,IA-NE-SD
68869,IA-NE-SD
68870,IA-NE-SD
68871,IA-NE-SD
68872,IA-NE-SD
68873,IA-NE-SD
68874,IA-NE-SD
68875,IA-NE-SD
68876,IA-NE-SD
68878,IA-NE-SD
68879,IA-NE-SD
68881,IA-NE-SD
68882,IA-NE-SD
68883,IA-NE-SD
68901,IA-NE-SD
68902,IA-NE-SD
68920,IA-NE-SD
68922,IA-NE-SD
68923,IA-NE-SD
68924,IA-NE-SD
68925,IA-NE-SD
68926,IA-NE-SD
68927,IA-NE-SD
68928,IA-NE-SD
68929,IA-NE-SD
68930,IA-NE-SD
68932,IA-NE-SD
68933,IA-NE-SD
68934,IA-NE-SD
68935,IA-NE-SD
68936,IA-NE-SD
68937,IA-NE-SD
68938,IA-NE-SD
68939,IA-NE-SD
68940,IA-NE-SD
68941,IA-NE-SD
68942,IA-NE-SD
68943,IA-NE-SD
68944,IA-NE-SD
68945,IA-NE-SD
68946,IA-NE-SD
68947,IA-NE-SD
68948,IA-NE-SD
68949,IA-NE-SD
68950,IA-NE-SD
68952,IA-NE-SD
68954,IA-NE-SD
68955,IA-NE-SD
68956,IA-NE-SD
68957,IA-NE-SD
68958,IA-NE-SD
68959,IA-NE-SD
68960,IA-NE-SD
68961,IA-NE-SD
68964,IA-NE-SD
68966,IA-NE-SD
68967,IA-NE-SD
68969,IA-NE-SD
68970,IA-NE-SD
68971,IA-NE-SD
68972,IA-NE-SD
68973,IA-NE-SD
68974,IA-NE-SD
68975,IA-NE-SD
68976,IA-NE-SD
68977,IA-NE-SD
68978,IA-NE-SD
68979,IA-NE-SD
68980,IA-NE-SD
68981,IA-NE-SD
68982,IA-NE-SD
69001,IA-NE-SD
69020,IA-NE-SD
69021,IA-NE-SD
69022,IA-NE-SD
69023,IA-NE-SD
69024,IA-NE-SD
69025,IA-NE-SD
69026,IA-NE-SD
69027,IA-NE-SD
69028,IA-NE-SD
69029,IA-NE-SD
69030,IA-NE-SD
69032,IA-NE-SD
69033,IA-NE-SD
69034,IA-NE-SD
69036,IA-NE-SD
69037,IA-NE-SD
69038,IA-NE-SD
69039,IA-NE-SD
69040,IA-NE-SD
69041,IA-NE-SD
69042,IA-NE-SD
69043,IA-NE-SD
69044,IA-NE-SD
69045,IA-NE-SD
69046,IA-NE-SD
69101,IA-NE-SD
69103,IA-NE-SD
69120,IA-NE-SD
69121,IA-NE-SD
69122,IA-NE-SD
69123,IA-NE-SD
69125,IA-NE-SD
69127,IA-NE-SD
69128,IA-NE-SD
69129,IA-NE-SD
69130,IA-NE-SD
69131,IA-NE-SD
69132,IA-NE-SD
69133,IA-NE-SD
69134,IA-NE-SD
69135,IA-NE-SD
69138,IA-NE-SD
69140,IA-NE-SD
69141,IA-NE-SD
69142,IA-NE-SD
69143,IA-NE-SD
69144,IA-NE-SD
69145,IA-NE-SD
69146,IA-NE-SD
69147,IA-NE-SD
69148,IA-NE-SD
69149,IA-NE-SD
69150,IA-NE-SD
69151,IA-NE-SD
69152,IA-NE-SD
69153,IA-NE-SD
69154,IA-NE-SD
69155,IA-NE-SD
69156,IA-NE-SD
69157,IA-NE-SD
69160,IA-NE-SD
69161,IA-NE-SD
69162,IA-NE-SD
69163,IA-NE-SD
69165,IA-NE-SD
69166,IA-NE-SD
69167,IA-NE-SD
69168,IA-NE-SD
69169,IA-NE-SD
69170,IA-NE-SD
69171,IA-NE-SD
69201,IA-NE-SD
69210,IA-NE-SD
69211,IA-NE-SD
69212,IA-NE-SD
69214,IA-NE-SD
69216,IA-NE-SD
69217,IA-NE-SD
69218,IA-NE-SD
69219,IA-NE-SD
69220,IA-NE-SD
69221,IA-NE-SD
69301,IA-NE-SD
69331,IA-NE-SD
69333,IA-NE-SD
69334,IA-NE-SD
69335,IA-NE-SD
69336,IA-NE-SD
69337,IA-NE-SD
69339,IA-NE-SD
69340,IA-NE-SD
69341,IA-NE-SD
69343,IA-NE-SD
69345,IA-NE-SD
69346,IA-NE-SD
69347,IA-NE-SD
69348,IA-NE-SD
69350,IA-NE-SD
69351,IA-NE-SD
69352,IA-NE-SD
69353,IA-NE-SD
69354,IA-NE-SD
69355,IA-NE-SD
69356,IA-NE-SD
69357,IA-NE-SD
69358,IA-NE-SD
69360,IA-NE-SD
69361,IA-NE-SD
69363,IA-NE-SD
69365,IA-NE-SD
69366,IA-NE-SD
69367,IA-NE-SD
70001,LOUISIANA
70002,LOUISIANA
70003,LOUISIANA
70004,LOUISIANA
70005,LOUISIANA
70006,LOUISIANA
70009,LOUISIANA
70010,LOUISIANA
70011,LOUISIANA
70030,LOUISIANA
70031,LOUISIANA
70032,LOUISIANA
70033,LOUISIANA
70036,LOUISIANA
70037,LOUISIANA
70038,LOUISIANA
70039,LOUISIANA
70040,LOUISIANA
70041,LOUISIANA
70043,LOUISIANA
70044,LOUISIANA
70047,LOUISIANA
70049,LOUISIANA
70050,LOUISIANA
70051,LOUISIANA
70052,LOUISIANA
70053,LOUISIANA
70054,LOUISIANA
70055,LOUISIANA
70056,LOUISIANA
70057,LOUISIANA
70058,LOUISIANA
70059,LOUISIANA
70060,LOUISIANA
70062,LOUISIANA
70063,LOUISIANA
70064,LOUISIANA
70065,LOUISIANA
70067,LOUISIANA
70068,LOUISIANA
70069,LOUISIANA
70070,LOUISIANA
70071,LOUISIANA
70072,LOUISIANA
70073,LOUISIANA
70075,LOUISIANA
70076,LOUISIANA
70078,LOUISIANA
70079,LOUISIANA
70080,LOUISIANA
70081,LOUISIANA
70082,LOUISIANA
70083,LOUISIANA
70084,LOUISIANA
70085,LOUISIANA
70086,LOUISIANA
70087,LOUISIANA
70090,LOUISIANA
70091,LOUISIANA
70092,LOUISIANA
70093,LOUISIANA
70094,LOUISIANA
70096,LOUISIANA
70097,LOUISIANA
70112,LOUISIANA
70113,LOUISIANA
70114,LOUISIANA
70115,LOUISIANA
70116,LOUISIANA
70117,LOUISIANA
70118,LOUISIANA
70119,LOUISIANA
70121,LOUISIANA
70122,LOUISIANA
70123,LOUISIANA
70124,LOUISIANA
70125,LOUISIANA
70126,LOUISIANA
70127,LOUISIANA
70128,LOUISIANA
70129,LOUISIANA
70130,LOUISIANA
70131,LOUISIANA
70139,LOUISIANA
70141,LOUISIANA
70142,LOUISIANA
70143,LOUISIANA
70145,LOUISIANA
70146,LOUISIANA
70148,LOUISIANA
70150,LOUISIANA
70151,LOUISIANA
70152,LOUISIANA
70153,LOUISIANA
70154,LOUISIANA
70156,LOUISIANA
70157,LOUISIANA
70158,LOUISIANA
70159,LOUISIANA
70160,LOUISIANA
70161,LOUISIANA
70162,LOUISIANA
70163,LOUISIANA
70164,LOUISIANA
70165,LOUISIANA
70166,LOUISIANA
70167,LOUISIANA
70170,LOUISIANA
70172,LOUISIANA
70174,LOUISIANA
70175,LOUISIANA
70176,LOUISIANA
70177,LOUISIANA
70178,LOUISIANA
70179,LOUISIANA
70181,LOUISIANA
70182,LOUISIANA
70183,LOUISIANA
70184,LOUISIANA
70185,LOUISIANA
70186,LOUISIANA
70187,LOUISIANA
70189,LOUISIANA
70190,LOUISIANA
70195,LOUISIANA
70301,LOUISIANA
70302,LOUISIANA
70310,LOUISIANA
70339,LOUISIANA
70340,LOUISIANA
70341,LOUISIANA
70342,LOUISIANA
70343,LOUISIANA
70344,LOUISIANA
70345,LOUISIANA
70346,LOUISIANA
70352,LOUISIANA
70353,LOUISIANA
70354,LOUISIANA
70355,LOUISIANA
70356,LOUISIANA
70357,LOUISIANA
70358,LOUISIANA
70359,LOUISIANA
70360,LOUISIANA
70361,LOUISIANA
70363,LOUISIANA
70364,LOUISIANA
70371,LOUISIANA
70372,LOUISIANA
70373,LOUISIANA
70374,LOUISIANA
70375,LOUISIANA
70377,LOUISIANA
70380,LOUISIANA
70381,LOUISIANA
70390,LOUISIANA
70391,LOUISIANA
70392,LOUISIANA
70393,LOUISIANA
70394,LOUISIANA
70395,LOUISIANA
70397,LOUISIANA
70401,LOUISIANA
70402,LOUISIANA
70403,LOUISIANA
70404,LOUISIANA
70420,LOUISIANA
70421,LOUISIANA
70422,LOUISIANA
70426,LOUISIANA
70427,LOUISIANA
70429,LOUISIANA
70431,LOUISIANA
70433,LOUISIANA
70434,LOUISIANA
70435,LOUISIANA
70436,LOUISIANA
70437,LOUISIANA
70438,LOUISIANA
70441,LOUISIANA
70442,LOUISIANA
70443,LOUISIANA
70444,LOUISIANA
70445,LOUISIANA
70446,LOUISIANA
70447,LOUISIANA
70448,LOUISIANA
70449,LOUISIANA
70450,LOUISIANA
70451,LOUISIANA
70452,LOUISIANA
70453,LOUISIANA
70454,LOUISIANA
70455,LOUISIANA
70456,LOUISIANA
70457,LOUISIANA
70458,LOUISIANA
70459,LOUISIANA
70460,LOUISIANA
70461,LOUISIANA
70462,LOUISIANA
70463,LOUISIANA
70464,LOUISIANA
70465,LOUISIANA
70466,LOUISIANA
70467,LOUISIANA
70469,LOUISIANA
70470,LOUISIANA
70471,LOUISIANA
70501,LOUISIANA
70502,LOUISIANA
70503,LOUISIANA
70504,LOUISIANA
70505,LOUISIANA
70506,LOUISIANA
70507,LOUISIANA
70508,LOUISIANA
70509,LOUISIANA
70510,LOUISIANA
70511,LOUISIANA
70512,LOUISIANA
70513,LOUISIANA
70514,LOUISIANA
70515,LOUISIANA
70516,LOUISIANA
70517,LOUISIANA
70518,LOUISIANA
70519,LOUISIANA
70520,LOUISIANA
70521,LOUISIANA
70522,LOUISIANA
70523,LOUISIANA
70524,LOUISIANA
70525,LOUISIANA
70526,LOUISIANA
70527,LOUISIANA
70528,LOUISIANA
70529,LOUISIANA
70531,LOUISIANA
70532,LOUISIANA
70533,LOUISIANA
70534,LOUISIANA
70535,LOUISIANA
70537,LOUISIANA
70538,LOUISIANA
70540,LOUISIANA
70541,LOUISIANA
70542,LOUISIANA
70543,LOUISIANA
70544,LOUISIANA
70546,LOUISIANA
70548,LOUISIANA
70549,LOUISIANA
70550,LOUISIANA
70551,LOUISIANA
70552,LOUISIANA
70554,LOUISIANA
70555,LOUISIANA
70556,LOUISIANA
70558,LOUISIANA
70559,LOUISIANA
70560,LOUISIANA
70562,LOUISIANA
70563,LOUISIANA
70569,LOUISIANA
70570,LOUISIANA
70571,LOUISIANA
70575,LOUISIANA
70576,LOUISIANA
70577,LOUISIANA
70578,LOUISIANA
70580,LOUISIANA
70581,LOUISIANA
70582,LOUISIANA
70583,LOUISIANA
70584,LOUISIANA
70585,LOUISIANA
70586,LOUISIANA
70589,LOUISIANA
70591,LOUISIANA
70592,LOUISIANA
70593,LOUISIANA
70596,LOUISIANA
70598,LOUISIANA
70601,LOUISIANA
70602,LOUISIANA
70605,LOUISIANA
70606,LOUISIANA
70607,LOUISIANA
70609,LOUISIANA
70611,LOUISIANA
70612,LOUISIANA
70615,LOUISIANA
70616,LOUISIANA
70629,LOUISIANA
70630,LOUISIANA
70631,LOUISIANA
70632,LOUISIANA
70633,LOUISIANA
70634,LOUISIANA
70637,LOUISIANA
70638,LOUISIANA
70639,LOUISIANA
70640,LOUISIANA
70643,LOUISIANA
70644,LOUISIANA
70645,LOUISIANA
70646,LOUISIANA
70647,LOUISIANA
70648,LOUISIANA
70650,LOUISIANA
70651,LOUISIANA
70652,LOUISIANA
70653,LOUISIANA
70654,LOUISIANA
70655,LOUISIANA
70656,LOUISIANA
70657,LOUISIANA
70658,LOUISIANA
70659,LOUISIANA
70660,LOUISIANA
70661,LOUISIANA
70662,LOUISIANA
70663,LOUISIANA
70664,LOUISIANA
70665,LOUISIANA
70668,LOUISIANA
70669,LOUISIANA
70704,LOUISIANA
70706,LOUISIANA
70707,LOUISIANA
70710,LOUISIANA
70711,LOUISIANA
70712,LOUISIANA
70714,LOUISIANA
70715,LOUISIANA
70718,LOUISIANA
70719,LOUISIANA
70721,LOUISIANA
70722,LOUISIANA
70723,LOUISIANA
70725,LOUISIANA
70726,LOUISIANA
70727,LOUISIANA
70728,LOUISIANA
70729,LOUISIANA
70730,LOUISIANA
70732,LOUISIANA
70733,LOUISIANA
70734,LOUISIANA
70736,LOUISIANA
70737,LOUISIANA
70738,LOUISIANA
70739,LOUISIANA
70740,LOUISIANA
70743,LOUISIANA
70744,LOUISIANA
70747,LOUISIANA
70748,LOUISIANA
70749,LOUISIANA
70750,LOUISIANA
70752,LOUISIANA
70753,LOUISIANA
70754,LOUISIANA
70755,LOUISIANA
70756,LOUISIANA
70757,LOUISIANA
70759,LOUISIANA
70760,LOUISIANA
70761,LOUISIANA
70762,LOUISIANA
70763,LOUISIANA
70764,LOUISIANA
70765,LOUISIANA
70767,LOUISIANA
70769,LOUISIANA
70770,LOUISIANA
70772,LOUISIANA
70773,LOUISIANA
70774,LOUISIANA
70775,LOUISIANA
70776,LOUISIANA
70777,LOUISIANA
70778,LOUISIANA
70780,LOUISIANA
70782,LOUISIANA
70783,LOUISIANA
70784,LOUISIANA
70785,LOUISIANA
70786,LOUISIANA
70787,LOUISIANA
70788,LOUISIANA
70789,LOUISIANA
70791,LOUISIANA
70792,LOUISIANA
70801,LOUISIANA
70802,LOUISIANA
70803,LOUISIANA
70804,LOUISIANA
70805,LOUISIANA
70806,LOUISIANA
70807,LOUISIANA
70808,LOUISIANA
70809,LOUISIANA
70810,LOUISIANA
70811,LOUISIANA
70812,LOUISIANA
70813,LOUISIANA
70814,LOUISIANA
70815,LOUISIANA
70816,LOUISIANA
70817,LOUISIANA
70818,LOUISIANA
70819,LOUISIANA
70820,LOUISIANA
70821,LOUISIANA
70822,LOUISIANA
70823,LOUISIANA
70825,LOUISIANA
70826,LOUISIANA
70827,LOUISIANA
70831,LOUISIANA
70833,LOUISIANA
70835,LOUISIANA
70836,LOUISIANA
70837,LOUISIANA
70873,LOUISIANA
70874,LOUISIANA
70879,LOUISIANA
70884,LOUISIANA
70891,LOUISIANA
70892,LOUISIANA
70893,LOUISIANA
70894,LOUISIANA
70895,LOUISIANA
70896,LOUISIANA
70898,LOUISIANA
71001,LOUISIANA
71002,LOUISIANA
71003,LOUISIANA
71004,LOUISIANA
71006,LOUISIANA
71007,LOUISIANA
71008,LOUISIANA
71009,LOUISIANA
71016,LOUISIANA
71018,LOUISIANA
71019,LOUISIANA
71021,LOUISIANA
71023,LOUISIANA
71024,LOUISIANA
71027,LOUISIANA
71028,LOUISIANA
71029,LOUISIANA
71030,LOUISIANA
71031,LOUISIANA
71032,LOUISIANA
71033,LOUISIANA
71034,LOUISIANA
71037,LOUISIANA
71038,LOUISIANA
71039,LOUISIANA
71040,LOUISIANA
71043,LOUISIANA
71044,LOUISIANA
71045,LOUISIANA
71046,LOUISIANA
71047,LOUISIANA
71048,LOUISIANA
71049,LOUISIANA
71050,LOUISIANA
71051,LOUISIANA
71052,LOUISIANA
71055,LOUISIANA
71058,LOUISIANA
71060,LOUISIANA
71061,LOUISIANA
71063,LOUISIANA
71064,LOUISIANA
71065,LOUISIANA
71066,LOUISIANA
71067,LOUISIANA
71068,LOUISIANA
71069,LOUISIANA
71070,LOUISIANA
71071,LOUISIANA
71072,LOUISIANA
71073,LOUISIANA
71075,LOUISIANA
71078,LOUISIANA
71079,LOUISIANA
71080,LOUISIANA
71082,LOUISIANA
71101,LOUISIANA
71102,LOUISIANA
71103,LOUISIANA
71104,LOUISIANA
71105,LOUISIANA
71106,LOUISIANA
71107,LOUISIANA
71108,LOUISIANA
71109,LOUISIANA
71110,LOUISIANA
71111,LOUISIANA
71112,LOUISIANA
71113,LOUISIANA
71115,LOUISIANA
71118,LOUISIANA
71119,LOUISIANA
71120,LOUISIANA
71129,LOUISIANA
71130,LOUISIANA
71133,LOUISIANA
71134,LOUISIANA
71135,LOUISIANA
71136,LOUISIANA
71137,LOUISIANA
71138,LOUISIANA
71148,LOUISIANA
71149,LOUISIANA
71150,LOUISIANA
71151,LOUISIANA
71152,LOUISIANA
71153,LOUISIANA
71154,LOUISIANA
71156,LOUISIANA
71161,LOUISIANA
71162,LOUISIANA
71163,LOUISIANA
71164,LOUISIANA
71165,LOUISIANA
71166,LOUISIANA
71171,LOUISIANA
71172,LOUISIANA
71201,LOUISIANA
71202,LOUISIANA
71203,LOUISIANA
71207,LOUISIANA
71209,LOUISIANA
71210,LOUISIANA
71211,LOUISIANA
71212,LOUISIANA
71213,LOUISIANA
71217,LOUISIANA
71218,LOUISIANA
71219,LOUISIANA
71220,LOUISIANA
71221,LOUISIANA
71222,LOUISIANA
71223,LOUISIANA
71225,LOUISIANA
71226,LOUISIANA
71227,LOUISIANA
71229,LOUISIANA
71230,LOUISIANA
71232,LOUISIANA
71233,LOUISIANA
71234,LOUISIANA
71235,LOUISIANA
71237,LOUISIANA
71238,LOUISIANA
71240,LOUISIANA
71241,LOUISIANA
71242,LOUISIANA
71243,LOUISIANA
71245,LOUISIANA
71247,LOUISIANA
71249,LOUISIANA
71250,LOUISIANA
71251,LOUISIANA
71253,LOUISIANA
71254,LOUISIANA
71256,LOUISIANA
71259,LOUISIANA
71260,LOUISIANA
71261,LOUISIANA
71263,LOUISIANA
71264,LOUISIANA
71266,LOUISIANA
71268,LOUISIANA
71269,LOUISIANA
71270,LOUISIANA
71272,LOUISIANA
71273,LOUISIANA
71275,LOUISIANA
71276,LOUISIANA
71277,LOUISIANA
71279,LOUISIANA
71280,LOUISIANA
71281,LOUISIANA
71282,LOUISIANA
71284,LOUISIANA
71286,LOUISIANA
71291,LOUISIANA
71292,LOUISIANA
71294,LOUISIANA
71295,LOUISIANA
71301,LOUISIANA
71302,LOUISIANA
71303,LOUISIANA
71306,LOUISIANA
71307,LOUISIANA
71309,LOUISIANA
71315,LOUISIANA
71316,LOUISIANA
71320,LOUISIANA
71322,LOUISIANA
71323,LOUISIANA
71324,LOUISIANA
71325,LOUISIANA
71326,LOUISIANA
71327,LOUISIANA
71328,LOUISIANA
71329,LOUISIANA
71330,LOUISIANA
71331,LOUISIANA
71333,LOUISIANA
71334,LOUISIANA
71336,LOUISIANA
71339,LOUISIANA
71340,LOUISIANA
71341,LOUISIANA
71342,LOUISIANA
71343,LOUISIANA
71345,LOUISIANA
71346,LOUISIANA
71348,LOUISIANA
71350,LOUISIANA
71351,LOUISIANA
71353,LOUISIANA
71354,LOUISIANA
71355,LOUISIANA
71356,LOUISIANA
71357,LOUISIANA
71358,LOUISIANA
71359,LOUISIANA
71360,LOUISIANA
71361,LOUISIANA
71362,LOUISIANA
71363,LOUISIANA
71365,LOUISIANA
71366,LOUISIANA
71367,LOUISIANA
71368,LOUISIANA
71369,LOUISIANA
71371,LOUISIANA
71373,LOUISIANA
71375,LOUISIANA
71377,LOUISIANA
71378,LOUISIANA
71401,LOUISIANA
71403,LOUISIANA
71404,LOUISIANA
71405,LOUISIANA
71406,LOUISIANA
71407,LOUISIANA
71409,LOUISIANA
71410,LOUISIANA
71411,LOUISIANA
71414,LOUISIANA
71415,LOUISIANA
71416,LOUISIANA
71417,LOUISIANA
71418,LOUISIANA
71419,LOUISIANA
71422,LOUISIANA
71423,LOUISIANA
71424,LOUISIANA
71425,LOUISIANA
71426,LOUISIANA
71427,LOUISIANA
71428,LOUISIANA
71429,LOUISIANA
71430,LOUISIANA
71431,LOUISIANA
71432,LOUISIANA
71433,LOUISIANA
71434,LOUISIANA
71435,LOUISIANA
71438,LOUISIANA
71439,LOUISIANA
71440,LOUISIANA
71441,LOUISIANA
71443,LOUISIANA
71446,LOUISIANA
71447,LOUISIANA
71448,LOUISIANA
71449,LOUISIANA
71450,LOUISIANA
71452,LOUISIANA
71454,LOUISIANA
71455,LOUISIANA
71456,LOUISIANA
71457,LOUISIANA
71458,LOUISIANA
71459,LOUISIANA
71460,LOUISIANA
71461,LOUISIANA
71462,LOUISIANA
71463,LOUISIANA
71465,LOUISIANA
71466,LOUISIANA
71467,LOUISIANA
71468,LOUISIANA
71469,LOUISIANA
71471,LOUISIANA
71472,LOUISIANA
71473,LOUISIANA
71474,LOUISIANA
71475,LOUISIANA
71477,LOUISIANA
71479,LOUISIANA
71480,LOUISIANA
71483,LOUISIANA
71485,LOUISIANA
71486,LOUISIANA
71496,LOUISIANA
71497,LOUISIANA
71601,AR-OK
71602,AR-OK
71603,AR-OK
71611,AR-OK
71612,AR-OK
71613,AR-OK
71630,AR-OK
71631,AR-OK
71635,AR-OK
71638,AR-OK
71639,AR-OK
71640,AR-OK
71642,AR-OK
71643,AR-OK
71644,AR-OK
71646,AR-OK
71647,AR-OK
71651,AR-OK
71652,AR-OK
71653,AR-OK
71654,AR-OK
71655,AR-OK
71656,AR-OK
71657,AR-OK
71658,AR-OK
71659,AR-OK
71660,AR-OK
71661,AR-OK
71662,AR-OK
71663,AR-OK
71665,AR-OK
71666,AR-OK
71667,AR-OK
71670,AR-OK
71671,AR-OK
71674,AR-OK
71675,AR-OK
71676,AR-OK
71677,AR-OK
71678,AR-OK
71701,AR-OK
71711,AR-OK
71720,AR-OK
71721,AR-OK
71722,AR-OK
71724,AR-OK
71725,AR-OK
71726,AR-OK
71728,AR-OK
71730,AR-OK
71731,AR-OK
71740,AR-OK
71742,AR-OK
71743,AR-OK
71744,AR-OK
71745,AR-OK
71747,AR-OK
71748,AR-OK
71749,AR-OK
71750,AR-OK
71751,AR-OK
71752,AR-OK
71753,AR-OK
71754,AR-OK
71758,AR-OK
71759,AR-OK
71762,AR-OK
71763,AR-OK
71764,AR-OK
71765,AR-OK
71766,AR-OK
71770,AR-OK
71772,AR-OK
71801,AR-OK
71802,AR-OK
71820,AR-OK
71822,AR-OK
71823,AR-OK
71825,AR-OK
71826,AR-OK
71827,AR-OK
71828,AR-OK
71831,AR-OK
71832,AR-OK
71833,AR-OK
71834,AR-OK
71835,AR-OK
71836,AR-OK
71837,AR-OK
71838,AR-OK
71839,AR-OK
71840,AR-OK
71841,AR-OK
71842,AR-OK
71845,AR-OK
71846,AR-OK
71847,AR-OK
71851,AR-OK
71852,AR-OK
71853,AR-OK
71854,TEXAS
71855,AR-OK
71857,AR-OK
71858,AR-OK
71859,AR-OK
71860,AR-OK
71861,AR-OK
71862,AR-OK
71864,AR-OK
71865,AR-OK
71866,AR-OK
71901,AR-OK
71902,AR-OK
71903,AR-OK
71909,AR-OK
71910,AR-OK
71913,AR-OK
71914,AR-OK
71920,AR-OK
71921,AR-OK
71922,AR-OK
71923,AR-OK
71929,AR-OK
71932,AR-OK
71933,AR-OK
71935,AR-OK
71937,AR-OK
71940,AR-OK
71941,AR-OK
71942,AR-OK
71943,AR-OK
71944,AR-OK
71945,AR-OK
71949,AR-OK
71950,AR-OK
71952,AR-OK
71953,AR-OK
71956,AR-OK
71957,AR-OK
71958,AR-OK
71959,AR-OK
71960,AR-OK
71961,AR-OK
71962,AR-OK
71964,AR-OK
71965,AR-OK
71966,AR-OK
71968,AR-OK
71969,AR-OK
71970,AR-OK
71971,AR-OK
71972,AR-OK
71973,AR-OK
71998,AR-OK
71999,AR-OK
72001,AR-OK
72002,AR-OK
72003,AR-OK
72004,AR-OK
72005,AR-OK
72006,AR-OK
72007,AR-OK
72010,AR-OK
72011,AR-OK
72012,AR-OK
72013,AR-OK
72014,AR-OK
72015,AR-OK
72016,AR-OK
72017,AR-OK
72018,AR-OK
72019,AR-OK
72020,AR-OK
72021,AR-OK
72022,AR-OK
72023,AR-OK
72024,AR-OK
72025,AR-OK
72026,AR-OK
72027,AR-OK
72028,AR-OK
72029,AR-OK
72030,AR-OK
72031,AR-OK
72032,AR-OK
72033,AR-OK
72034,AR-OK
72035,AR-OK
72036,AR-OK
72037,AR-OK
72038,AR-OK
72039,AR-OK
72040,AR-OK
72041,AR-OK
72042,AR-OK
72043,AR-OK
72044,AR-OK
72045,AR-OK
72046,AR-OK
72047,AR-OK
72048,AR-OK
72051,AR-OK
72052,AR-OK
72053,AR-OK
72055,AR-OK
72057,AR-OK
72058,AR-OK
72059,AR-OK
72060,AR-OK
72061,AR-OK
72063,AR-OK
72064,AR-OK
72065,AR-OK
72066,AR-OK
72067,AR-OK
72068,AR-OK
72069,AR-OK
72070,AR-OK
72072,AR-OK
72073,AR-OK
72074,AR-OK
72075,AR-OK
72076,AR-OK
72078,AR-OK
72079,AR-OK
72080,AR-OK
72081,AR-OK
72082,AR-OK
72083,AR-OK
72084,AR-OK
72085,AR-OK
72086,AR-OK
72087,AR-OK
72088,AR-OK
72089,AR-OK
72099,AR-OK
72101,AR-OK
72102,AR-OK
72103,AR-OK
72104,AR-OK
72106,AR-OK
72107,AR-OK
72108,AR-OK
72110,AR-OK
72111,AR-OK
72112,AR-OK
72113,AR-OK
72114,AR-OK
72115,AR-OK
72116,AR-OK
72117,AR-OK
72118,AR-OK
72119,AR-OK
72120,AR-OK
72121,AR-OK
72122,AR-OK
72123,AR-OK
72124,AR-OK
72125,AR-OK
72126,AR-OK
72127,AR-OK
72128,AR-OK
72129,AR-OK
72130,AR-OK
72131,AR-OK
72132,AR-OK
72133,AR-OK
72134,AR-OK
72135,AR-OK
72136,AR-OK
72137,AR-OK
72139,AR-OK
72140,AR-OK
72141,AR-OK
72142,AR-OK
72143,AR-OK
72145,AR-OK
72149,AR-OK
72150,AR-OK
72152,AR-OK
72153,AR-OK
72156,AR-OK
72157,AR-OK
72158,AR-OK
72160,AR-OK
72164,AR-OK
72165,AR-OK
72166,AR-OK
72167,AR-OK
72168,AR-OK
72169,AR-OK
72170,AR-OK
72173,AR-OK
72175,AR-OK
72176,AR-OK
72178,AR-OK
72179,AR-OK
72180,AR-OK
72181,AR-OK
72182,AR-OK
72183,AR-OK
72190,AR-OK
72199,AR-OK
72201,AR-OK
72202,AR-OK
72203,AR-OK
72204,AR-OK
72205,AR-OK
72206,AR-OK
72207,AR-OK
72209,AR-OK
72210,AR-OK
72211,AR-OK
72212,AR-OK
72214,AR-OK
72215,AR-OK
72216,AR-OK
72217,AR-OK
72219,AR-OK
72221,AR-OK
72222,AR-OK
72223,AR-OK
72225,AR-OK
72227,AR-OK
72231,AR-OK
72255,AR-OK
72260,AR-OK
72295,AR-OK
72301,AR-OK
72303,AR-OK
72310,AR-OK
72311,AR-OK
72312,AR-OK
72313,AR-OK
72315,AR-OK
72316,AR-OK
72319,AR-OK
72320,AR-OK
72321,AR-OK
72322,AR-OK
72324,AR-OK
72325,AR-OK
72326,AR-OK
72327,AR-OK
72328,AR-OK
72329,AR-OK
72330,AR-OK
72331,AR-OK
72332,AR-OK
72333,AR-OK
72335,AR-OK
72336,AR-OK
72338,AR-OK
72339,AR-OK
72340,AR-OK
72341,AR-OK
72342,AR-OK
72346,AR-OK
72347,AR-OK
72348,AR-OK
72350,AR-OK
72351,AR-OK
72352,AR-OK
72353,AR-OK
72354,AR-OK
72355,AR-OK
72358,AR-OK
72359,AR-OK
72360,AR-OK
72364,AR-OK
72365,AR-OK
72366,AR-OK
72367,AR-OK
72368,AR-OK
72369,AR-OK
72370,AR-OK
72372,AR-OK
72373,AR-OK
72374,AR-OK
72376,AR-OK
72377,AR-OK
72379,AR-OK
72383,AR-OK
72384,AR-OK
72386,AR-OK
72387,AR-OK
72389,AR-OK
72390,AR-OK
72391,AR-OK
72392,AR-OK
72394,AR-OK
72395,AR-OK
72396,AR-OK
72401,AR-OK
72402,AR-OK
72403,AR-OK
72404,AR-OK
72405,AR-OK
72410,AR-OK
72411,AR-OK
72412,AR-OK
72413,AR-OK
72414,AR-OK
72415,AR-OK
72416,AR-OK
72417,AR-OK
72419,AR-OK
72421,AR-OK
72422,AR-OK
72424,AR-OK
72425,AR-OK
72426,AR-OK
72427,AR-OK
72428,AR-OK
72429,AR-OK
72430,AR-OK
72431,AR-OK
72432,AR-OK
72433,AR-OK
72434,AR-OK
72435,AR-OK
72436,AR-OK
72437,AR-OK
72438,AR-OK
72440,AR-OK
72441,AR-OK
72442,AR-OK
72443,AR-OK
72444,AR-OK
72445,AR-OK
72447,AR-OK
72449,AR-OK
72450,AR-OK
72451,AR-OK
72453,AR-OK
72454,AR-OK
72455,AR-OK
72456,AR-OK
72457,AR-OK
72458,AR-OK
72459,AR-OK
72460,AR-OK
72461,AR-OK
72462,AR-OK
72464,AR-OK
72465,AR-OK
72466,AR-OK
72467,AR-OK
72469,AR-OK
72470,AR-OK
72471,AR-OK
72472,AR-OK
72473,AR-OK
72474,AR-OK
72475,AR-OK
72476,AR-OK
72478,AR-OK
72479,AR-OK
72482,AR-OK
72501,AR-OK
72503,AR-OK
72512,AR-OK
72513,AR-OK
72515,AR-OK
72517,AR-OK
72519,AR-OK
72520,AR-OK
72521,AR-OK
72522,AR-OK
72523,AR-OK
72524,AR-OK
72525,AR-OK
72526,AR-OK
72527,AR-OK
72528,AR-OK
72529,AR-OK
72530,AR-OK
72531,AR-OK
72532,AR-OK
72533,AR-OK
72534,AR-OK
72536,AR-OK
72537,AR-OK
72538,AR-OK
72539,AR-OK
72540,AR-OK
72542,AR-OK
72543,AR-OK
72544,AR-OK
72545,AR-OK
72546,AR-OK
72550,AR-OK
72553,AR-OK
72554,AR-OK
72555,AR-OK
72556,AR-OK
72560,AR-OK
72561,AR-OK
72562,AR-OK
72564,AR-OK
72565,AR-OK
72566,AR-OK
72567,AR-OK
72568,AR-OK
72569,AR-OK
72571,AR-OK
72572,AR-OK
72573,AR-OK
72575,AR-OK
72576,AR-OK
72577,AR-OK
72578,AR-OK
72579,AR-OK
72581,AR-OK
72583,AR-OK
72584,AR-OK
72585,AR-OK
72587,AR-OK
72601,AR-OK
72602,AR-OK
72611,AR-OK
72613,AR-OK
72615,AR-OK
72616,AR-OK
72617,AR-OK
72619,AR-OK
72623,AR-OK
72624,AR-OK
72626,AR-OK
72628,AR-OK
72629,AR-OK
72630,AR-OK
72631,AR-OK
72632,AR-OK
72633,AR-OK
72634,AR-OK
72635,AR-OK
72636,AR-OK
72638,AR-OK
72639,AR-OK
72640,AR-OK
72641,AR-OK
72642,AR-OK
72643,AR-OK
72644,AR-OK
72645,AR-OK
72648,AR-OK
72650,AR-OK
72651,AR-OK
72653,AR-OK
72654,AR-OK
72655,AR-OK
72657,AR-OK
72658,AR-OK
72659,AR-OK
72660,AR-OK
72661,AR-OK
72662,AR-OK
72663,AR-OK
72666,AR-OK
72668,AR-OK
72669,AR-OK
72670,AR-OK
72672,AR-OK
72675,AR-OK
72677,AR-OK
72679,AR-OK
72680,AR-OK
72682,AR-OK
72683,AR-OK
72685,AR-OK
72686,AR-OK
72687,AR-OK
72701,AR-OK
72702,AR-OK
72703,AR-OK
72704,AR-OK
72711,AR-OK
72712,AR-OK
72713,AR-OK
72714,AR-OK
72715,AR-OK
72716,AR-OK
72717,AR-OK
72718,AR-OK
72719,AR-OK
72721,AR-OK
72722,AR-OK
72727,AR-OK
72728,AR-OK
72729,AR-OK
72730,AR-OK
72732,AR-OK
72733,AR-OK
72734,AR-OK
72735,AR-OK
72736,AR-OK
72737,AR-OK
72738,AR-OK
72739,AR-OK
72740,AR-OK
72741,AR-OK
72742,AR-OK
72744,AR-OK
72745,AR-OK
72747,AR-OK
72749,AR-OK
72751,AR-OK
72752,AR-OK
72753,AR-OK
72756,AR-OK
72757,AR-OK
72758,AR-OK
72760,AR-OK
72761,AR-OK
72762,AR-OK
72764,AR-OK
72765,AR-OK
72766,AR-OK
72768,AR-OK
72769,AR-OK
72770,AR-OK
72773,AR-OK
72774,AR-OK
72776,AR-OK
72801,AR-OK
72802,AR-OK
72811,AR-OK
72812,AR-OK
72820,AR-OK
72821,AR-OK
72823,AR-OK
72824,AR-OK
72826,AR-OK
72827,AR-OK
72828,AR-OK
72829,AR-OK
72830,AR-OK
72832,AR-OK
72833,AR-OK
72834,AR-OK
72835,AR-OK
72837,AR-OK
72838,AR-OK
72839,AR-OK
72840,AR-OK
72841,AR-OK
72842,AR-OK
72843,AR-OK
72845,AR-OK
72846,AR-OK
72847,AR-OK
72851,AR-OK
72852,AR-OK
72853,AR-OK
72854,AR-OK
72855,AR-OK
72856,AR-OK
72857,AR-OK
72858,AR-OK
72860,AR-OK
72863,AR-OK
72865,AR-OK
72901,AR-OK
72902,AR-OK
72903,AR-OK
72904,AR-OK
72905,AR-OK
72906,AR-OK
72908,AR-OK
72913,AR-OK
72914,AR-OK
72916,AR-OK
72917,AR-OK
72918,AR-OK
72919,AR-OK
72921,AR-OK
72923,AR-OK
72926,AR-OK
72927,AR-OK
72928,AR-OK
72930,AR-OK
72932,AR-OK
72933,AR-OK
72934,AR-OK
72935,AR-OK
72936,AR-OK
72937,AR-OK
72938,AR-OK
72940,AR-OK
72941,AR-OK
72943,AR-OK
72944,AR-OK
72945,AR-OK
72946,AR-OK
72947,AR-OK
72948,AR-OK
72949,AR-OK
72950,AR-OK
72951,AR-OK
72952,AR-OK
72955,AR-OK
72956,AR-OK
72957,AR-OK
72958,AR-OK
72959,AR-OK
73001,AR-OK
73002,AR-OK
73003,AR-OK
73004,AR-OK
73005,AR-OK
73006,AR-OK
73007,AR-OK
73008,AR-OK
73009,AR-OK
73010,AR-OK
73011,AR-OK
73012,AR-OK
73013,AR-OK
73014,AR-OK
73015,AR-OK
73016,AR-OK
73017,AR-OK
73018,AR-OK
73019,AR-OK
73020,AR-OK
73021,AR-OK
73022,AR-OK
73023,AR-OK
73024,AR-OK
73025,AR-OK
73026,AR-OK
73027,AR-OK
73028,AR-OK
73029,AR-OK
73030,AR-OK
73031,AR-OK
73032,AR-OK
73033,AR-OK
73034,AR-OK
73036,AR-OK
73038,AR-OK
73039,AR-OK
73040,AR-OK
73041,AR-OK
73042,AR-OK
73043,AR-OK
73044,AR-OK
73045,AR-OK
73047,AR-OK
73048,AR-OK
73049,AR-OK
73050,AR-OK
73051,AR-OK
73052,AR-OK
73053,AR-OK
73054,AR-OK
73055,AR-OK
73056,AR-OK
73057,AR-OK
73058,AR-OK
73059,AR-OK
73061,AR-OK
73062,AR-OK
73063,AR-OK
73064,AR-OK
73065,AR-OK
73066,AR-OK
73067,AR-OK
73068,AR-OK
73069,AR-OK
73070,AR-OK
73071,AR-OK
73072,AR-OK
73073,AR-OK
73074,AR-OK
73075,AR-OK
73077,AR-OK
73078,AR-OK
73079,AR-OK
73080,AR-OK
73082,AR-OK
73083,AR-OK
73084,AR-OK
73085,AR-OK
73086,AR-OK
73089,AR-OK
73090,AR-OK
73092,AR-OK
73093,AR-OK
73095,AR-OK
73096,AR-OK
73097,AR-OK
73098,AR-OK
73099,AR-OK
73101,AR-OK
73102,AR-OK
73103,AR-OK
73104,AR-OK
73105,AR-OK
73106,AR-OK
73107,AR-OK
73108,AR-OK
73109,AR-OK
73110,AR-OK
73111,AR-OK
73112,AR-OK
73113,AR-OK
73114,AR-OK
73115,AR-OK
73116,AR-OK
73117,AR-OK
73118,AR-OK
73119,AR-OK
73120,AR-OK
73121,AR-OK
73122,AR-OK
73123,AR-OK
73124,AR-OK
73125,AR-OK
73126,AR-OK
73127,AR-OK
73128,AR-OK
73129,AR-OK
73130,AR-OK
73131,AR-OK
73132,AR-OK
73134,AR-OK
73135,AR-OK
73136,AR-OK
73137,AR-OK
73139,AR-OK
73140,AR-OK
73141,AR-OK
73142,AR-OK
73143,AR-OK
73144,AR-OK
73145,AR-OK
73146,AR-OK
73147,AR-OK
73148,AR-OK
73149,AR-OK
73150,AR-OK
73151,AR-OK
73152,AR-OK
73153,AR-OK
73154,AR-OK
73155,AR-OK
73156,AR-OK
73157,AR-OK
73159,AR-OK
73160,AR-OK
73162,AR-OK
73163,AR-OK
73164,AR-OK
73165,AR-OK
73167,AR-OK
73169,AR-OK
73170,AR-OK
73172,AR-OK
73173,AR-OK
73175,AR-OK
73178,AR-OK
73179,AR-OK
73184,AR-OK
73189,AR-OK
73190,AR-OK
73194,AR-OK
73195,AR-OK
73196,AR-OK
73301,TEXAS
73344,TEXAS
73401,AR-OK
73402,AR-OK
73403,AR-OK
73425,AR-OK
73430,AR-OK
73432,AR-OK
73433,AR-OK
73434,AR-OK
73435,AR-OK
73436,AR-OK
73437,AR-OK
73438,AR-OK
73439,AR-OK
73440,AR-OK
73441,AR-OK
73442,AR-OK
73443,AR-OK
73444,AR-OK
73446,AR-OK
73447,AR-OK
73448,AR-OK
73449,AR-OK
73450,AR-OK
73453,AR-OK
73455,AR-OK
73456,AR-OK
73458,AR-OK
73459,AR-OK
73460,AR-OK
73461,AR-OK
73463,AR-OK
73481,AR-OK
73487,AR-OK
73488,AR-OK
73491,AR-OK
73501,AR-OK
73502,AR-OK
73503,AR-OK
73505,AR-OK
73506,AR-OK
73507,AR-OK
73520,AR-OK
73521,AR-OK
73522,AR-OK
73523,AR-OK
73526,AR-OK
73527,AR-OK
73528,AR-OK
73529,AR-OK
73530,AR-OK
73531,AR-OK
73532,AR-OK
73533,AR-OK
73534,AR-OK
73536,AR-OK
73537,AR-OK
73538,AR-OK
73539,AR-OK
73540,AR-OK
73541,AR-OK
73542,AR-OK
73543,AR-OK
73544,AR-OK
73546,AR-OK
73547,AR-OK
73548,AR-OK
73549,AR-OK
73550,AR-OK
73551,AR-OK
73552,AR-OK
73553,AR-OK
73554,AR-OK
73555,AR-OK
73556,AR-OK
73557,AR-OK
73558,AR-OK
73559,AR-OK
73560,AR-OK
73561,AR-OK
73562,AR-OK
73564,AR-OK
73565,AR-OK
73566,AR-OK
73567,AR-OK
73568,AR-OK
73569,AR-OK
73570,AR-OK
73571,AR-OK
73572,AR-OK
73573,AR-OK
73601,AR-OK
73620,AR-OK
73622,AR-OK
73624,AR-OK
73625,AR-OK
73626,AR-OK
73627,AR-OK
73628,AR-OK
73632,AR-OK
73638,AR-OK
73639,AR-OK
73641,AR-OK
73642,AR-OK
73644,AR-OK
73645,AR-OK
73646,AR-OK
73647,AR-OK
73648,AR-OK
73650,AR-OK
73651,AR-OK
73654,AR-OK
73655,AR-OK
73658,AR-OK
73659,AR-OK
73660,AR-OK
73661,AR-OK
73662,AR-OK
73663,AR-OK
73664,AR-OK
73666,AR-OK
73667,AR-OK
73668,AR-OK
73669,AR-OK
73673,AR-OK
73701,AR-OK
73702,AR-OK
73703,AR-OK
73705,AR-OK
73706,AR-OK
73716,AR-OK
73717,AR-OK
73718,AR-OK
73719,AR-OK
73720,AR-OK
73722,AR-OK
73724,AR-OK
73726,AR-OK
73727,AR-OK
73728,AR-OK
73729,AR-OK
73730,AR-OK
73731,AR-OK
73733,AR-OK
73734,AR-OK
73735,AR-OK
73736,AR-OK
73737,AR-OK
73738,AR-OK
73739,AR-OK
73741,AR-OK
73742,AR-OK
73743,AR-OK
73744,AR-OK
73746,AR-OK
73747,AR-OK
73749,AR-OK
73750,AR-OK
73753,AR-OK
73754,AR-OK
73755,AR-OK
73756,AR-OK
73757,AR-OK
73758,AR-OK
73759,AR-OK
73760,AR-OK
73761,AR-OK
73762,AR-OK
73763,AR-OK
73764,AR-OK
73766,AR-OK
73768,AR-OK
73770,AR-OK
73771,AR-OK
73772,AR-OK
73773,AR-OK
73801,AR-OK
73802,AR-OK
73832,AR-OK
73834,AR-OK
73835,AR-OK
73838,AR-OK
73840,AR-OK
73841,AR-OK
73842,AR-OK
73843,AR-OK
73844,AR-OK
73848,AR-OK
73851,AR-OK
73852,AR-OK
73853,AR-OK
73855,AR-OK
73857,AR-OK
73858,AR-OK
73859,AR-OK
73860,AR-OK
73901,AR-OK
73931,AR-OK
73932,AR-OK
73933,AR-OK
73937,AR-OK
73938,AR-OK
73939,AR-OK
73942,AR-OK
73944,AR-OK
73945,AR-OK
73946,AR-OK
73947,AR-OK
73949,AR-OK
73950,AR-OK
73951,AR-OK
73960,AR-OK
74001,AR-OK
74002,AR-OK
74003,AR-OK
74004,AR-OK
74005,AR-OK
74006,AR-OK
74008,AR-OK
74010,AR-OK
74011,AR-OK
74012,AR-OK
74013,AR-OK
74014,AR-OK
74015,AR-OK
74016,AR-OK
74017,AR-OK
74018,AR-OK
74019,AR-OK
74020,AR-OK
74021,AR-OK
74022,AR-OK
74023,AR-OK
74026,AR-OK
74027,AR-OK
74028,AR-OK
74029,AR-OK
74030,AR-OK
74031,AR-OK
74032,AR-OK
74033,AR-OK
74034,AR-OK
74035,AR-OK
74036,AR-OK
74037,AR-OK
74038,AR-OK
74039,AR-OK
74041,AR-OK
74042,AR-OK
74043,AR-OK
74044,AR-OK
74045,AR-OK
74046,AR-OK
74047,AR-OK
74048,AR-OK
74050,AR-OK
74051,AR-OK
74052,AR-OK
74053,AR-OK
74054,AR-OK
74055,AR-OK
74056,AR-OK
74058,AR-OK
74059,AR-OK
74060,AR-OK
74061,AR-OK
74062,AR-OK
74063,AR-OK
74066,AR-OK
74067,AR-OK
74068,AR-OK
74070,AR-OK
74071,AR-OK
74072,AR-OK
74073,AR-OK
74074,AR-OK
74075,AR-OK
74076,AR-OK
74077,AR-OK
74078,AR-OK
74079,AR-OK
74080,AR-OK
74081,AR-OK
74082,AR-OK
74083,AR-OK
74084,AR-OK
74085,AR-OK
74101,AR-OK
74102,AR-OK
74103,AR-OK
74104,AR-OK
74105,AR-OK
74106,AR-OK
74107,AR-OK
74108,AR-OK
74110,AR-OK
74112,AR-OK
74114,AR-OK
74115,AR-OK
74116,AR-OK
74117,AR-OK
74119,AR-OK
74120,AR-OK
74121,AR-OK
74126,AR-OK
74127,AR-OK
74128,AR-OK
74129,AR-OK
74130,AR-OK
74131,AR-OK
74132,AR-OK
74133,AR-OK
74134,AR-OK
74135,AR-OK
74136,AR-OK
74137,AR-OK
74141,AR-OK
74145,AR-OK
74146,AR-OK
74147,AR-OK
74148,AR-OK
74149,AR-OK
74150,AR-OK
74152,AR-OK
74153,AR-OK
74155,AR-OK
74156,AR-OK
74157,AR-OK
74158,AR-OK
74159,AR-OK
74169,AR-OK
74170,AR-OK
74171,AR-OK
74172,AR-OK
74182,AR-OK
74186,AR-OK
74187,AR-OK
74192,AR-OK
74193,AR-OK
74301,AR-OK
74330,AR-OK
74331,AR-OK
74332,AR-OK
74333,AR-OK
74335,AR-OK
74337,AR-OK
74338,AR-OK
74339,AR-OK
74340,AR-OK
74342,AR-OK
74343,AR-OK
74344,AR-OK
74345,AR-OK
74346,AR-OK
74347,AR-OK
74349,AR-OK
74350,AR-OK
74352,AR-OK
74354,AR-OK
74355,AR-OK
74358,AR-OK
74359,AR-OK
74360,AR-OK
74361,AR-OK
74362,AR-OK
74363,AR-OK
74364,AR-OK
74365,AR-OK
74366,AR-OK
74367,AR-OK
74368,AR-OK
74369,AR-OK
74370,AR-OK
74401,AR-OK
74402,AR-OK
74403,AR-OK
74421,AR-OK
74422,AR-OK
74423,AR-OK
74425,AR-OK
74426,AR-OK
74427,AR-OK
74428,AR-OK
74429,AR-OK
74430,AR-OK
74431,AR-OK
74432,AR-OK
74434,AR-OK
74435,AR-OK
74436,AR-OK
74437,AR-OK
74438,AR-OK
74439,AR-OK
74440,AR-OK
74441,AR-OK
74442,AR-OK
74444,AR-OK
74445,AR-OK
74446,AR-OK
74447,AR-OK
74450,AR-OK
74451,AR-OK
74452,AR-OK
74454,AR-OK
74455,AR-OK
74456,AR-OK
74457,AR-OK
74458,AR-OK
74459,AR-OK
74460,AR-OK
74461,AR-OK
74462,AR-OK
74463,AR-OK
74464,AR-OK
74465,AR-OK
74467,AR-OK
74468,AR-OK
74469,AR-OK
74470,AR-OK
74471,AR-OK
74472,AR-OK
74477,AR-OK
74501,AR-OK
74502,AR-OK
74521,AR-OK
74522,AR-OK
74523,AR-OK
74525,AR-OK
74528,AR-OK
74529,AR-OK
74530,AR-OK
74531,AR-OK
74533,AR-OK
74534,AR-OK
74535,AR-OK
74536,AR-OK
74538,AR-OK
74540,AR-OK
74543,AR-OK
74545,AR-OK
74546,AR-OK
74547,AR-OK
74549,AR-OK
74552,AR-OK
74553,AR-OK
74554,AR-OK
74555,AR-OK
74556,AR-OK
74557,AR-OK
74558,AR-OK
74559,AR-OK
74560,AR-OK
74561,AR-OK
74562,AR-OK
74563,AR-OK
74565,AR-OK
74567,AR-OK
74569,AR-OK
74570,AR-OK
74571,AR-OK
74572,AR-OK
74574,AR-OK
74576,AR-OK
74577,AR-OK
74578,AR-OK
74601,AR-OK
74602,AR-OK
74604,AR-OK
74630,AR-OK
74631,AR-OK
74632,AR-OK
74633,AR-OK
74636,AR-OK
74637,AR-OK
74640,AR-OK
74641,AR-OK
74643,AR-OK
74644,AR-OK
74646,AR-OK
74647,AR-OK
74650,AR-OK
74651,AR-OK
74652,AR-OK
74653,AR-OK
74701,AR-OK
74702,AR-OK
74720,AR-OK
74721,AR-OK
74722,AR-OK
74723,AR-OK
74724,AR-OK
74726,AR-OK
74727,AR-OK
74728,AR-OK
74729,AR-OK
74730,AR-OK
74731,AR-OK
74733,AR-OK
74734,AR-OK
74735,AR-OK
74736,AR-OK
74737,AR-OK
74738,AR-OK
74740,AR-OK
74741,AR-OK
74743,AR-OK
74745,AR-OK
74747,AR-OK
74748,AR-OK
74750,AR-OK
74752,AR-OK
74753,AR-OK
74754,AR-OK
74755,AR-OK
74756,AR-OK
74759,AR-OK
74760,AR-OK
74761,AR-OK
74764,AR-OK
74766,AR-OK
74801,AR-OK
74802,AR-OK
74804,AR-OK
74818,AR-OK
74820,AR-OK
74821,AR-OK
74824,AR-OK
74825,AR-OK
74826,AR-OK
74827,AR-OK
74829,AR-OK
74830,AR-OK
74831,AR-OK
74832,AR-OK
74833,AR-OK
74834,AR-OK
74836,AR-OK
74837,AR-OK
74839,AR-OK
74840,AR-OK
74842,AR-OK
74843,AR-OK
74844,AR-OK
74845,AR-OK
74848,AR-OK
74849,AR-OK
74850,AR-OK
74851,AR-OK
74852,AR-OK
74854,AR-OK
74855,AR-OK
74856,AR-OK
74857,AR-OK
74859,AR-OK
74860,AR-OK
74864,AR-OK
74865,AR-OK
74866,AR-OK
74867,AR-OK
74868,AR-OK
74869,AR-OK
74871,AR-OK
74872,AR-OK
74873,AR-OK
74875,AR-OK
74878,AR-OK
74880,AR-OK
74881,AR-OK
74883,AR-OK
74884,AR-OK
74901,AR-OK
74902,AR-OK
74930,AR-OK
74931,AR-OK
74932,AR-OK
74935,AR-OK
74936,AR-OK
74937,AR-OK
74939,AR-OK
74940,AR-OK
74941,AR-OK
74942,AR-OK
74943,AR-OK
74944,AR-OK
74945,AR-OK
74946,AR-OK
74947,AR-OK
74948,AR-OK
74949,AR-OK
74951,AR-OK
74953,AR-OK
74954,AR-OK
74955,AR-OK
74956,AR-OK
74957,AR-OK
74959,AR-OK
74960,AR-OK
74962,AR-OK
74963,AR-OK
74964,AR-OK
74965,AR-OK
74966,AR-OK
75001,TEXAS
75002,TEXAS
75006,TEXAS
75007,TEXAS
75009,TEXAS
75010,TEXAS
75011,TEXAS
75013,TEXAS
75014,TEXAS
75015,TEXAS
75016,TEXAS
75017,TEXAS
75019,TEXAS
75020,TEXAS
75021,TEXAS
75022,TEXAS
75023,TEXAS
75024,TEXAS
75025,TEXAS
75026,TEXAS
75027,TEXAS
75028,TEXAS
75029,TEXAS
75030,TEXAS
75032,TEXAS
75033,TEXAS
75034,TEXAS
75035,TEXAS
75036,TEXAS
75038,TEXAS
75039,TEXAS
75040,TEXAS
75041,TEXAS
75042,TEXAS
75043,TEXAS
75044,TEXAS
75045,TEXAS
75046,TEXAS
75047,TEXAS
75048,TEXAS
75049,TEXAS
75050,TEXAS
75051,TEXAS
75052,TEXAS
75053,TEXAS
75054,TEXAS
75056,TEXAS
75057,TEXAS
75058,TEXAS
75059,TEXAS
75060,TEXAS
75061,TEXAS
75062,TEXAS
75063,TEXAS
75064,TEXAS
75065,TEXAS
75067,TEXAS
75068,TEXAS
75069,TEXAS
75070,TEXAS
75071,TEXAS
75072,TEXAS
75074,TEXAS
75075,TEXAS
75076,TEXAS
75077,TEXAS
75078,TEXAS
75080,TEXAS
75081,TEXAS
75082,TEXAS
75083,TEXAS
75085,TEXAS
75086,TEXAS
75087,TEXAS
75088,TEXAS
75089,TEXAS
75090,TEXAS
75091,TEXAS
75092,TEXAS
75093,TEXAS
75094,TEXAS
75097,TEXAS
75098,TEXAS
75099,TEXAS
75101,TEXAS
75102,TEXAS
75103,TEXAS
75104,TEXAS
75105,TEXAS
75106,TEXAS
75109,TEXAS
75110,TEXAS
75114,TEXAS
75115,TEXAS
75116,TEXAS
75117,TEXAS
75118,TEXAS
75119,TEXAS
75120,TEXAS
75121,TEXAS
75123,TEXAS
75124,TEXAS
75125,TEXAS
75126,TEXAS
75127,TEXAS
75132,TEXAS
75134,TEXAS
75135,TEXAS
75137,TEXAS
75138,TEXAS
75140,TEXAS
75141,TEXAS
75142,TEXAS
75143,TEXAS
75144,TEXAS
75146,TEXAS
75147,TEXAS
75148,TEXAS
75149,TEXAS
75150,TEXAS
75151,TEXAS
75152,TEXAS
75153,TEXAS
75154,TEXAS
75155,TEXAS
75156,TEXAS
75157,TEXAS
75158,TEXAS
75159,TEXAS
75160,TEXAS
75161,TEXAS
75163,TEXAS
75164,TEXAS
75165,TEXAS
75166,TEXAS
75167,TEXAS
75168,TEXAS
75169,TEXAS
75172,TEXAS
75173,TEXAS
75180,TEXAS
75181,TEXAS
75182,TEXAS
75185,TEXAS
75187,TEXAS
75189,TEXAS
75201,TEXAS
75202,TEXAS
75203,TEXAS
75204,TEXAS
75205,TEXAS
75206,TEXAS
75207,TEXAS
75208,TEXAS
75209,TEXAS
75210,TEXAS
75211,TEXAS
75212,TEXAS
75214,TEXAS
75215,TEXAS
75216,TEXAS
75217,TEXAS
75218,TEXAS
75219,TEXAS
75220,TEXAS
75221,TEXAS
75222,TEXAS
75223,TEXAS
75224,TEXAS
75225,TEXAS
75226,TEXAS
75227,TEXAS
75228,TEXAS
75229,TEXAS
75230,TEXAS
75231,TEXAS
75232,TEXAS
75233,TEXAS
75234,TEXAS
75235,TEXAS
75236,TEXAS
75237,TEXAS
75238,TEXAS
75240,TEXAS
75241,TEXAS
75242,TEXAS
75243,TEXAS
75244,TEXAS
75246,TEXAS
75247,TEXAS
75248,TEXAS
75249,TEXAS
75250,TEXAS
75251,TEXAS
75252,TEXAS
75253,TEXAS
75254,TEXAS
75260,TEXAS
75261,TEXAS
75262,TEXAS
75263,TEXAS
75264,TEXAS
75265,TEXAS
75266,TEXAS
75267,TEXAS
75270,TEXAS
75275,TEXAS
75277,TEXAS
75283,TEXAS
75284,TEXAS
75285,TEXAS
75287,TEXAS
75301,TEXAS
75303,TEXAS
75312,TEXAS
75313,TEXAS
75315,TEXAS
75320,TEXAS
75326,TEXAS
75336,TEXAS
75339,TEXAS
75342,TEXAS
75354,TEXAS
75355,TEXAS
75356,TEXAS
75357,TEXAS
75358,TEXAS
75359,TEXAS
75360,TEXAS
75367,TEXAS
75368,TEXAS
75370,TEXAS
75371,TEXAS
75372,TEXAS
75373,TEXAS
75374,TEXAS
75376,TEXAS
75378,TEXAS
75379,TEXAS
75380,TEXAS
75381,TEXAS
75382,TEXAS
75389,TEXAS
75390,TEXAS
75391,TEXAS
75392,TEXAS
75393,TEXAS
75394,TEXAS
75395,TEXAS
75397,TEXAS
75398,TEXAS
75401,TEXAS
75402,TEXAS
75403,TEXAS
75404,TEXAS
75407,TEXAS
75409,TEXAS
75410,TEXAS
75411,TEXAS
75412,TEXAS
75413,TEXAS
75414,TEXAS
75415,TEXAS
75416,TEXAS
75417,TEXAS
75418,TEXAS
75420,TEXAS
75421,TEXAS
75422,TEXAS
75423,TEXAS
75424,TEXAS
75425,TEXAS
75426,TEXAS
75428,TEXAS
75429,TEXAS
75431,TEXAS
75432,TEXAS
75433,TEXAS
75434,TEXAS
75435,TEXAS
75436,TEXAS
75437,TEXAS
75438,TEXAS
75439,TEXAS
75440,TEXAS
75441,TEXAS
75442,TEXAS
75443,TEXAS
75444,TEXAS
75446,TEXAS
75447,TEXAS
75448,TEXAS
75449,TEXAS
75450,TEXAS
75451,TEXAS
75452,TEXAS
75453,TEXAS
75454,TEXAS
75455,TEXAS
75456,TEXAS
75457,TEXAS
75458,TEXAS
75459,TEXAS
75460,TEXAS
75461,TEXAS
75462,TEXAS
75468,TEXAS
75469,TEXAS
75470,TEXAS
75471,TEXAS
75472,TEXAS
75473,TEXAS
75474,TEXAS
75475,TEXAS
75476,TEXAS
75477,TEXAS
75478,TEXAS
75479,TEXAS
75480,TEXAS
75481,TEXAS
75482,TEXAS
75483,TEXAS
75485,TEXAS
75486,TEXAS
75487,TEXAS
75488,TEXAS
75489,TEXAS
75490,TEXAS
75491,TEXAS
75492,TEXAS
75493,TEXAS
75494,TEXAS
75495,TEXAS
75496,TEXAS
75497,TEXAS
75501,TEXAS
75503,TEXAS
75504,TEXAS
75505,TEXAS
75507,TEXAS
75550,TEXAS
75551,TEXAS
75554,TEXAS
75555,TEXAS
75556,TEXAS
75558,TEXAS
75559,TEXAS
75560,TEXAS
75561,TEXAS
75562,TEXAS
75563,TEXAS
75564,TEXAS
75565,TEXAS
75566,TEXAS
75567,TEXAS
75568,TEXAS
75569,TEXAS
75570,TEXAS
75571,TEXAS
75572,TEXAS
75573,TEXAS
75574,TEXAS
75599,TEXAS
75601,TEXAS
75602,TEXAS
75603,TEXAS
75604,TEXAS
75605,TEXAS
75606,TEXAS
75607,TEXAS
75608,TEXAS
75615,TEXAS
75630,TEXAS
75631,TEXAS
75633,TEXAS
75636,TEXAS
75637,TEXAS
75638,TEXAS
75639,TEXAS
75640,TEXAS
75641,TEXAS
75642,TEXAS
75643,TEXAS
75644,TEXAS
75645,TEXAS
75647,TEXAS
75650,TEXAS
75651,TEXAS
75652,TEXAS
75653,TEXAS
75654,TEXAS
75656,TEXAS
75657,TEXAS
75658,TEXAS
75659,TEXAS
75660,TEXAS
75661,TEXAS
75662,TEXAS
75663,TEXAS
75666,TEXAS
75667,TEXAS
75668,TEXAS
75669,TEXAS
75670,TEXAS
75671,TEXAS
75672,TEXAS
75680,TEXAS
75681,TEXAS
75682,TEXAS
75683,TEXAS
75684,TEXAS
75685,TEXAS
75686,TEXAS
75687,TEXAS
75688,TEXAS
75689,TEXAS
75691,TEXAS
75692,TEXAS
75693,TEXAS
75694,TEXAS
75701,TEXAS
75702,TEXAS
75703,TEXAS
75704,TEXAS
75705,TEXAS
75706,TEXAS
75707,TEXAS
75708,TEXAS
75709,TEXAS
75710,TEXAS
75711,TEXAS
75712,TEXAS
75713,TEXAS
75750,TEXAS
75751,TEXAS
75752,TEXAS
75754,TEXAS
75755,TEXAS
75756,TEXAS
75757,TEXAS
75758,TEXAS
75759,TEXAS
75760,TEXAS
75762,TEXAS
75763,TEXAS
75764,TEXAS
75765,TEXAS
75766,TEXAS
75770,TEXAS
75771,TEXAS
75772,TEXAS
75773,TEXAS
75778,TEXAS
75779,TEXAS
75780,TEXAS
75782,TEXAS
75783,TEXAS
75784,TEXAS
75785,TEXAS
75788,TEXAS
75789,TEXAS
75790,TEXAS
75791,TEXAS
75792,TEXAS
75797,TEXAS
75798,TEXAS
75799,TEXAS
75801,TEXAS
75802,TEXAS
75803,TEXAS
75831,TEXAS
75832,TEXAS
75833,TEXAS
75834,TEXAS
75835,TEXAS
75838,TEXAS
75839,TEXAS
75840,TEXAS
75844,TEXAS
75845,TEXAS
75846,TEXAS
75847,TEXAS
75848,TEXAS
75849,TEXAS
75850,TEXAS
75851,TEXAS
75852,TEXAS
75853,TEXAS
75855,TEXAS
75856,TEXAS
75858,TEXAS
75859,TEXAS
75860,TEXAS
75861,TEXAS
75862,TEXAS
75865,TEXAS
75880,TEXAS
75882,TEXAS
75884,TEXAS
75886,TEXAS
75901,TEXAS
75902,TEXAS
75903,TEXAS
75904,TEXAS
75915,TEXAS
75925,TEXAS
75926,TEXAS
75928,TEXAS
75929,TEXAS
75930,TEXAS
75931,TEXAS
75932,TEXAS
75933,TEXAS
75934,TEXAS
75935,TEXAS
75936,TEXAS
75937,TEXAS
75938,TEXAS
75939,TEXAS
75941,TEXAS
75942,TEXAS
75943,TEXAS
75944,TEXAS
75946,TEXAS
75948,TEXAS
75949,TEXAS
75951,TEXAS
75954,TEXAS
75956,TEXAS
75958,TEXAS
75959,TEXAS
75960,TEXAS
75961,TEXAS
75962,TEXAS
75963,TEXAS
75964,TEXAS
75965,TEXAS
75966,TEXAS
75968,TEXAS
75969,TEXAS
75972,TEXAS
75973,TEXAS
75974,TEXAS
75975,TEXAS
75976,TEXAS
75977,TEXAS
75978,TEXAS
75979,TEXAS
75980,TEXAS
75990,TEXAS
76001,TEXAS
76002,TEXAS
76003,TEXAS
76004,TEXAS
76005,TEXAS
76006,TEXAS
76007,TEXAS
76008,TEXAS
76009,TEXAS
76010,TEXAS
76011,TEXAS
76012,TEXAS
76013,TEXAS
76014,TEXAS
76015,TEXAS
76016,TEXAS
76017,TEXAS
76018,TEXAS
76019,TEXAS
76020,TEXAS
76021,TEXAS
76022,TEXAS
76023,TEXAS
76028,TEXAS
76031,TEXAS
76033,TEXAS
76034,TEXAS
76035,TEXAS
76036,TEXAS
76039,TEXAS
76040,TEXAS
76041,TEXAS
76043,TEXAS
76044,TEXAS
76048,TEXAS
76049,TEXAS
76050,TEXAS
76051,TEXAS
76052,TEXAS
76053,TEXAS
76054,TEXAS
76055,TEXAS
76058,TEXAS
76059,TEXAS
76060,TEXAS
76061,TEXAS
76063,TEXAS
76064,TEXAS
76065,TEXAS
76066,TEXAS
76067,TEXAS
76068,TEXAS
76070,TEXAS
76071,TEXAS
76073,TEXAS
76077,TEXAS
76078,TEXAS
76082,TEXAS
76084,TEXAS
76085,TEXAS
76086,TEXAS
76087,TEXAS
76088,TEXAS
76092,TEXAS
76093,TEXAS
76094,TEXAS
76095,TEXAS
76096,TEXAS
76097,TEXAS
76098,TEXAS
76099,TEXAS
76101,TEXAS
76102,TEXAS
76103,TEXAS
76104,TEXAS
76105,TEXAS
76106,TEXAS
76107,TEXAS
76108,TEXAS
76109,TEXAS
76110,TEXAS
76111,TEXAS
76112,TEXAS
76113,TEXAS
76114,TEXAS
76115,TEXAS
76116,TEXAS
76117,TEXAS
76118,TEXAS
76119,TEXAS
76120,TEXAS
76121,TEXAS
76122,TEXAS
76123,TEXAS
76124,TEXAS
76126,TEXAS
76127,TEXAS
76129,TEXAS
76130,TEXAS
76131,TEXAS
76132,TEXAS
76133,TEXAS
76134,TEXAS
76135,TEXAS
76136,TEXAS
76137,TEXAS
76140,TEXAS
76147,TEXAS
76148,TEXAS
76150,TEXAS
76155,TEXAS
76161,TEXAS
76162,TEXAS
76163,TEXAS
76164,TEXAS
76166,TEXAS
76177,TEXAS
76179,TEXAS
76180,TEXAS
76181,TEXAS
76182,TEXAS
76185,TEXAS
76190,TEXAS
76191,TEXAS
76192,TEXAS
76193,TEXAS
76195,TEXAS
76196,TEXAS
76197,TEXAS
76198,TEXAS
76199,TEXAS
76201,TEXAS
76202,TEXAS
76203,TEXAS
76204,TEXAS
76205,TEXAS
76206,TEXAS
76207,TEXAS
76208,TEXAS
76209,TEXAS
76210,TEXAS
76225,TEXAS
76226,TEXAS
76227,TEXAS
76228,TEXAS
76230,TEXAS
76233,TEXAS
76234,TEXAS
76238,TEXAS
76239,TEXAS
76240,TEXAS
76241,TEXAS
76244,TEXAS
76245,TEXAS
76246,TEXAS
76247,TEXAS
76248,TEXAS
76249,TEXAS
76250,TEXAS
76251,TEXAS
76252,TEXAS
76253,TEXAS
76255,TEXAS
76258,TEXAS
76259,TEXAS
76261,TEXAS
76262,TEXAS
76263,TEXAS
76264,TEXAS
76265,TEXAS
76266,TEXAS
76267,TEXAS
76268,TEXAS
76270,TEXAS
76271,TEXAS
76272,TEXAS
76273,TEXAS
76301,TEXAS
76302,TEXAS
76305,TEXAS
76306,TEXAS
76307,TEXAS
76308,TEXAS
76309,TEXAS
76310,TEXAS
76311,TEXAS
76351,TEXAS
76352,TEXAS
76354,TEXAS
76357,TEXAS
76360,TEXAS
76363,TEXAS
76364,TEXAS
76365,TEXAS
76366,TEXAS
76367,TEXAS
76369,TEXAS
76370,TEXAS
76371,TEXAS
76372,TEXAS
76373,TEXAS
76374,TEXAS
76377,TEXAS
76379,TEXAS
76380,TEXAS
76384,TEXAS
76385,TEXAS
76388,TEXAS
76389,TEXAS
76401,TEXAS
76402,TEXAS
76424,TEXAS
76426,TEXAS
76427,TEXAS
76429,TEXAS
76430,TEXAS
76431,TEXAS
76432,TEXAS
76433,TEXAS
76435,TEXAS
76436,TEXAS
76437,TEXAS
76439,TEXAS
76442,TEXAS
76443,TEXAS
76444,TEXAS
76445,TEXAS
76446,TEXAS
76448,TEXAS
76449,TEXAS
76450,TEXAS
76452,TEXAS
76453,TEXAS
76454,TEXAS
76455,TEXAS
76457,TEXAS
76458,TEXAS
76459,TEXAS
76460,TEXAS
76461,TEXAS
76462,TEXAS
76463,TEXAS
76464,TEXAS
76465,TEXAS
76466,TEXAS
76467,TEXAS
76468,TEXAS
76469,TEXAS
76470,TEXAS
76471,TEXAS
76472,TEXAS
76474,TEXAS
76475,TEXAS
76476,TEXAS
76481,TEXAS
76483,TEXAS
76484,TEXAS
76485,TEXAS
76486,TEXAS
76487,TEXAS
76490,TEXAS
76491,TEXAS
76501,TEXAS
76502,TEXAS
76503,TEXAS
76504,TEXAS
76508,TEXAS
76511,TEXAS
76513,TEXAS
76518,TEXAS
76519,TEXAS
76520,TEXAS
76522,TEXAS
76523,TEXAS
76524,TEXAS
76525,TEXAS
76526,TEXAS
76527,TEXAS
76528,TEXAS
76530,TEXAS
76531,TEXAS
76533,TEXAS
76534,TEXAS
76537,TEXAS
76538,TEXAS
76539,TEXAS
76540,TEXAS
76541,TEXAS
76542,TEXAS
76543,TEXAS
76544,TEXAS
76547,TEXAS
76548,TEXAS
76549,TEXAS
76550,TEXAS
76554,TEXAS
76556,TEXAS
76557,TEXAS
76558,TEXAS
76559,TEXAS
76561,TEXAS
76564,TEXAS
76565,TEXAS
76566,TEXAS
76567,TEXAS
76569,TEXAS
76570,TEXAS
76571,TEXAS
76573,TEXAS
76574,TEXAS
76577,TEXAS
76578,TEXAS
76579,TEXAS
76596,TEXAS
76597,TEXAS
76598,TEXAS
76599,TEXAS
76621,TEXAS
76622,TEXAS
76623,TEXAS
76624,TEXAS
76626,TEXAS
76627,TEXAS
76628,TEXAS
76629,TEXAS
76630,TEXAS
76631,TEXAS
76632,TEXAS
76633,TEXAS
76634,TEXAS
76635,TEXAS
76636,TEXAS
76637,TEXAS
76638,TEXAS
76639,TEXAS
76640,TEXAS
76641,TEXAS
76642,TEXAS
76643,TEXAS
76644,TEXAS
76645,TEXAS
76648,TEXAS
76649,TEXAS
76650,TEXAS
76651,TEXAS
76652,TEXAS
76653,TEXAS
76654,TEXAS
76655,TEXAS
76656,TEXAS
76657,TEXAS
76660,TEXAS
76661,TEXAS
76664,TEXAS
76665,TEXAS
76666,TEXAS
76667,TEXAS
76670,TEXAS
76671,TEXAS
76673,TEXAS
76676,TEXAS
76678,TEXAS
76679,TEXAS
76680,TEXAS
76681,TEXAS
76682,TEXAS
76684,TEXAS
76685,TEXAS
76686,TEXAS
76687,TEXAS
76689,TEXAS
76690,TEXAS
76691,TEXAS
76692,TEXAS
76693,TEXAS
76701,TEXAS
76702,TEXAS
76703,TEXAS
76704,TEXAS
76705,TEXAS
76706,TEXAS
76707,TEXAS
76708,TEXAS
76710,TEXAS
76711,TEXAS
76712,TEXAS
76714,TEXAS
76715,TEXAS
76716,TEXAS
76797,TEXAS
76798,TEXAS
76799,TEXAS
76801,TEXAS
76802,TEXAS
76803,TEXAS
76804,TEXAS
76820,TEXAS
76821,TEXAS
76823,TEXAS
76824,TEXAS
76825,TEXAS
76827,TEXAS
76828,TEXAS
76831,TEXAS
76832,TEXAS
76834,TEXAS
76836,TEXAS
76837,TEXAS
76841,TEXAS
76842,TEXAS
76844,TEXAS
76845,TEXAS
76848,TEXAS
76849,TEXAS
76852,TEXAS
76853,TEXAS
76854,TEXAS
76855,TEXAS
76856,TEXAS
76857,TEXAS
76858,TEXAS
76859,TEXAS
76861,TEXAS
76862,TEXAS
76864,TEXAS
76865,TEXAS
76866,TEXAS
76869,TEXAS
76870,TEXAS
76871,TEXAS
76872,TEXAS
76873,TEXAS
76874,TEXAS
76875,TEXAS
76877,TEXAS
76878,TEXAS
76880,TEXAS
76882,TEXAS
76883,TEXAS
76884,TEXAS
76885,TEXAS
76886,TEXAS
76887,TEXAS
76888,TEXAS
76890,TEXAS
76901,TEXAS
76902,TEXAS
76903,TEXAS
76904,TEXAS
76905,TEXAS
76906,TEXAS
76908,TEXAS
76909,TEXAS
76930,TEXAS
76932,TEXAS
76933,TEXAS
76934,TEXAS
76935,TEXAS
76936,TEXAS
76937,TEXAS
76939,TEXAS
76940,TEXAS
76941,TEXAS
76943,TEXAS
76945,TEXAS
76949,TEXAS
76950,TEXAS
76951,TEXAS
76953,TEXAS
76955,TEXAS
76957,TEXAS
76958,TEXAS
77001,TEXAS
77002,TEXAS
77003,TEXAS
77004,TEXAS
77005,TEXAS
77006,TEXAS
77007,TEXAS
77008,TEXAS
77009,TEXAS
77010,TEXAS
77011,TEXAS
77012,TEXAS
77013,TEXAS
77014,TEXAS
77015,TEXAS
77016,TEXAS
77017,TEXAS
77018,TEXAS
77019,TEXAS
77020,TEXAS
77021,TEXAS
77022,TEXAS
77023,TEXAS
77024,TEXAS
77025,TEXAS
77026,TEXAS
77027,TEXAS
77028,TEXAS
77029,TEXAS
77030,TEXAS
77031,TEXAS
77032,TEXAS
77033,TEXAS
77034,TEXAS
77035,TEXAS
77036,TEXAS
77037,TEXAS
77038,TEXAS
77039,TEXAS
77040,TEXAS
77041,TEXAS
77042,TEXAS
77043,TEXAS
77044,TEXAS
77045,TEXAS
77046,TEXAS
77047,TEXAS
77048,TEXAS
77049,TEXAS
77050,TEXAS
77051,TEXAS
77052,TEXAS
77053,TEXAS
77054,TEXAS
77055,TEXAS
77056,TEXAS
77057,TEXAS
77058,TEXAS
77059,TEXAS
77060,TEXAS
77061,TEXAS
77062,TEXAS
77063,TEXAS
77064,TEXAS
77065,TEXAS
77066,TEXAS
77067,TEXAS
77068,TEXAS
77069,TEXAS
77070,TEXAS
77071,TEXAS
77072,TEXAS
77073,TEXAS
77074,TEXAS
77075,TEXAS
77076,TEXAS
77077,TEXAS
77078,TEXAS
77079,TEXAS
77080,TEXAS
77081,TEXAS
77082,TEXAS
77083,TEXAS
77084,TEXAS
77085,TEXAS
77086,TEXAS
77087,TEXAS
77088,TEXAS
77089,TEXAS
77090,TEXAS
77091,TEXAS
77092,TEXAS
77093,TEXAS
77094,TEXAS
77095,TEXAS
77096,TEXAS
77098,TEXAS
77099,TEXAS
77201,TEXAS
77202,TEXAS
77203,TEXAS
77204,TEXAS
77205,TEXAS
77206,TEXAS
77207,TEXAS
77208,TEXAS
77210,TEXAS
77212,TEXAS
77213,TEXAS
77215,TEXAS
77216,TEXAS
77217,TEXAS
77218,TEXAS
77219,TEXAS
77220,TEXAS
77221,TEXAS
77222,TEXAS
77223,TEXAS
77224,TEXAS
77225,TEXAS
77226,TEXAS
77227,TEXAS
77228,TEXAS
77229,TEXAS
77230,TEXAS
77231,TEXAS
77233,TEXAS
77234,TEXAS
77235,TEXAS
77236,TEXAS
77237,TEXAS
77238,TEXAS
77240,TEXAS
77241,TEXAS
77242,TEXAS
77243,TEXAS
77244,TEXAS
77245,TEXAS
77248,TEXAS
77249,TEXAS
77251,TEXAS
77252,TEXAS
77253,TEXAS
77254,TEXAS
77255,TEXAS
77256,TEXAS
77257,TEXAS
77258,TEXAS
77259,TEXAS
77261,TEXAS
77262,TEXAS
77263,TEXAS
77265,TEXAS
77266,TEXAS
77267,TEXAS
77268,TEXAS
77269,TEXAS
77270,TEXAS
77271,TEXAS
77272,TEXAS
77273,TEXAS
77274,TEXAS
77275,TEXAS
77277,TEXAS
77279,TEXAS
77280,TEXAS
77282,TEXAS
77284,TEXAS
77287,TEXAS
77288,TEXAS
77289,TEXAS
77290,TEXAS
77291,TEXAS
77292,TEXAS
77293,TEXAS
77297,TEXAS
77299,TEXAS
77301,TEXAS
77302,TEXAS
77303,TEXAS
77304,TEXAS
77305,TEXAS
77306,TEXAS
77315,TEXAS
77316,TEXAS
77318,TEXAS
77320,TEXAS
77325,TEXAS
77326,TEXAS
77327,TEXAS
77328,TEXAS
77331,TEXAS
77332,TEXAS
77333,TEXAS
77334,TEXAS
77335,TEXAS
77336,TEXAS
77337,TEXAS
77338,TEXAS
77339,TEXAS
77340,TEXAS
77341,TEXAS
77342,TEXAS
77343,TEXAS
77344,TEXAS
77345,TEXAS
77346,TEXAS
77347,TEXAS
77348,TEXAS
77349,TEXAS
77350,TEXAS
77351,TEXAS
77352,TEXAS
77353,TEXAS
77354,TEXAS
77355,TEXAS
77356,TEXAS
77357,TEXAS
77358,TEXAS
77359,TEXAS
77360,TEXAS
77362,TEXAS
77363,TEXAS
77364,TEXAS
77365,TEXAS
77367,TEXAS
77368,TEXAS
77369,TEXAS
77371,TEXAS
77372,TEXAS
77373,TEXAS
77374,TEXAS
77375,TEXAS
77376,TEXAS
77377,TEXAS
77378,TEXAS
77379,TEXAS
77380,TEXAS
77381,TEXAS
77382,TEXAS
77383,TEXAS
77384,TEXAS
77385,TEXAS
77386,TEXAS
77387,TEXAS
77388,TEXAS
77389,TEXAS
77391,TEXAS
77393,TEXAS
77396,TEXAS
77399,TEXAS
77401,TEXAS
77402,TEXAS
77404,TEXAS
77406,TEXAS
77407,TEXAS
77410,TEXAS
77411,TEXAS
77412,TEXAS
77413,TEXAS
77414,TEXAS
77415,TEXAS
77417,TEXAS
77418,TEXAS
77419,TEXAS
77420,TEXAS
77422,TEXAS
77423,TEXAS
77426,TEXAS
77428,TEXAS
77429,TEXAS
77430,TEXAS
77431,TEXAS
77432,TEXAS
77433,TEXAS
77434,TEXAS
77435,TEXAS
77436,TEXAS
77437,TEXAS
77440,TEXAS
77441,TEXAS
77442,TEXAS
77443,TEXAS
77444,TEXAS
77445,TEXAS
77446,TEXAS
77447,TEXAS
77448,TEXAS
77449,TEXAS
77450,TEXAS
77451,TEXAS
77452,TEXAS
77453,TEXAS
77454,TEXAS
77455,TEXAS
77456,TEXAS
77457,TEXAS
77458,TEXAS
77459,TEXAS
77460,TEXAS
77461,TEXAS
77463,TEXAS
77464,TEXAS
77465,TEXAS
77466,TEXAS
77467,TEXAS
77468,TEXAS
77469,TEXAS
77470,TEXAS
77471,TEXAS
77473,TEXAS
77474,TEXAS
77475,TEXAS
77476,TEXAS
77477,TEXAS
77478,TEXAS
77479,TEXAS
77480,TEXAS
77481,TEXAS
77482,TEXAS
77483,TEXAS
77484,TEXAS
77485,TEXAS
77486,TEXAS
77487,TEXAS
77488,TEXAS
77489,TEXAS
77491,TEXAS
77492,TEXAS
77493,TEXAS
77494,TEXAS
77496,TEXAS
77497,TEXAS
77498,TEXAS
77501,TEXAS
77502,TEXAS
77503,TEXAS
77504,TEXAS
77505,TEXAS
77506,TEXAS
77507,TEXAS
77508,TEXAS
77510,TEXAS
77511,TEXAS
77512,TEXAS
77514,TEXAS
77515,TEXAS
77516,TEXAS
77517,TEXAS
77518,TEXAS
77519,TEXAS
77520,TEXAS
77521,TEXAS
77522,TEXAS
77523,TEXAS
77530,TEXAS
77531,TEXAS
77532,TEXAS
77533,TEXAS
77534,TEXAS
77535,TEXAS
77536,TEXAS
77538,TEXAS
77539,TEXAS
77541,TEXAS
77542,TEXAS
77545,TEXAS
77546,TEXAS
77547,TEXAS
77549,TEXAS
77550,TEXAS
77551,TEXAS
77552,TEXAS
77553,TEXAS
77554,TEXAS
77555,TEXAS
77560,TEXAS
77561,TEXAS
77562,TEXAS
77563,TEXAS
77564,TEXAS
77565,TEXAS
77566,TEXAS
77568,TEXAS
77571,TEXAS
77572,TEXAS
77573,TEXAS
77574,TEXAS
77575,TEXAS
77577,TEXAS
77578,TEXAS
77580,TEXAS
77581,TEXAS
77582,TEXAS
77583,TEXAS
77584,TEXAS
77585,TEXAS
77586,TEXAS
77587,TEXAS
77588,TEXAS
77590,TEXAS
77591,TEXAS
77592,TEXAS
77597,TEXAS
77598,TEXAS
77611,TEXAS
77612,TEXAS
77613,TEXAS
77614,TEXAS
77615,TEXAS
77616,TEXAS
77617,TEXAS
77619,TEXAS
77622,TEXAS
77623,TEXAS
77624,TEXAS
77625,TEXAS
77626,TEXAS
77627,TEXAS
77629,TEXAS
77630,TEXAS
77631,TEXAS
77632,TEXAS
77639,TEXAS
77640,TEXAS
77641,TEXAS
77642,TEXAS
77643,TEXAS
77650,TEXAS
77651,TEXAS
77655,TEXAS
77656,TEXAS
77657,TEXAS
77659,TEXAS
77660,TEXAS
77661,TEXAS
77662,TEXAS
77663,TEXAS
77664,TEXAS
77665,TEXAS
77670,TEXAS
77701,TEXAS
77702,TEXAS
77703,TEXAS
77704,TEXAS
77705,TEXAS
77706,TEXAS
77707,TEXAS
77708,TEXAS
77710,TEXAS
77713,TEXAS
77720,TEXAS
77725,TEXAS
77726,TEXAS
77801,TEXAS
77802,TEXAS
77803,TEXAS
77805,TEXAS
77806,TEXAS
77807,TEXAS
77808,TEXAS
77830,TEXAS
77831,TEXAS
77833,TEXAS
77834,TEXAS
77835,TEXAS
77836,TEXAS
77837,TEXAS
77838,TEXAS
77840,TEXAS
77841,TEXAS
77842,TEXAS
77843,TEXAS
77844,TEXAS
77845,TEXAS
77850,TEXAS
77852,TEXAS
77853,TEXAS
77855,TEXAS
77856,TEXAS
77857,TEXAS
77859,TEXAS
77861,TEXAS
77862,TEXAS
77863,TEXAS
77864,TEXAS
77865,TEXAS
77866,TEXAS
77867,TEXAS
77868,TEXAS
77870,TEXAS
77871,TEXAS
77872,TEXAS
77873,TEXAS
77875,TEXAS
77876,TEXAS
77878,TEXAS
77879,TEXAS
77880,TEXAS
77881,TEXAS
77882,TEXAS
77901,TEXAS
77902,TEXAS
77903,TEXAS
77904,TEXAS
77905,TEXAS
77950,TEXAS
77951,TEXAS
77954,TEXAS
77957,TEXAS
77960,TEXAS
77961,TEXAS
77962,TEXAS
77963,TEXAS
77964,TEXAS
77967,TEXAS
77968,TEXAS
77969,TEXAS
77970,TEXAS
77971,TEXAS
77973,TEXAS
77974,TEXAS
77975,TEXAS
77976,TEXAS
77977,TEXAS
77978,TEXAS
77979,TEXAS
77982,TEXAS
77983,TEXAS
77984,TEXAS
77986,TEXAS
77987,TEXAS
77988,TEXAS
77989,TEXAS
77990,TEXAS
77991,TEXAS
77993,TEXAS
77994,TEXAS
77995,TEXAS
78001,TEXAS
78002,TEXAS
78003,TEXAS
78004,TEXAS
78005,TEXAS
78006,TEXAS
78007,TEXAS
78008,TEXAS
78009,TEXAS
78010,TEXAS
78011,TEXAS
78012,TEXAS
78013,TEXAS
78014,TEXAS
78015,TEXAS
78016,TEXAS
78017,TEXAS
78019,TEXAS
78021,TEXAS
78022,TEXAS
78023,TEXAS
78024,TEXAS
78025,TEXAS
78026,TEXAS
78027,TEXAS
78028,TEXAS
78029,TEXAS
78039,TEXAS
78040,TEXAS
78041,TEXAS
78042,TEXAS
78043,TEXAS
78044,TEXAS
78045,TEXAS
78046,TEXAS
78050,TEXAS
78052,TEXAS
78054,TEXAS
78055,TEXAS
78056,TEXAS
78057,TEXAS
78058,TEXAS
78059,TEXAS
78060,TEXAS
78061,TEXAS
78062,TEXAS
78063,TEXAS
78064,TEXAS
78065,TEXAS
78066,TEXAS
78067,TEXAS
78069,TEXAS
78070,TEXAS
78071,TEXAS
78072,TEXAS
78073,TEXAS
78074,TEXAS
78075,TEXAS
78076,TEXAS
78101,TEXAS
78102,TEXAS
78104,TEXAS
78107,TEXAS
78108,TEXAS
78109,TEXAS
78111,TEXAS
78112,TEXAS
78113,TEXAS
78114,TEXAS
78115,TEXAS
78116,TEXAS
78117,TEXAS
78118,TEXAS
78119,TEXAS
78121,TEXAS
78122,TEXAS
78123,TEXAS
78124,TEXAS
78125,TEXAS
78130,TEXAS
78131,TEXAS
78132,TEXAS
78133,TEXAS
78135,TEXAS
78140,TEXAS
78141,TEXAS
78142,TEXAS
78143,TEXAS
78144,TEXAS
78145,TEXAS
78146,TEXAS
78147,TEXAS
78148,TEXAS
78150,TEXAS
78151,TEXAS
78152,TEXAS
78154,TEXAS
78155,TEXAS
78156,TEXAS
78159,TEXAS
78160,TEXAS
78161,TEXAS
78162,TEXAS
78163,TEXAS
78164,TEXAS
78201,TEXAS
78202,TEXAS
78203,TEXAS
78204,TEXAS
78205,TEXAS
78206,TEXAS
78207,TEXAS
78208,TEXAS
78209,TEXAS
78210,TEXAS
78211,TEXAS
78212,TEXAS
78213,TEXAS
78214,TEXAS
78215,TEXAS
78216,TEXAS
78217,TEXAS
78218,TEXAS
78219,TEXAS
78220,TEXAS
78221,TEXAS
78222,TEXAS
78223,TEXAS
78224,TEXAS
78225,TEXAS
78226,TEXAS
78227,TEXAS
78228,TEXAS
78229,TEXAS
78230,TEXAS
78231,TEXAS
78232,TEXAS
78233,TEXAS
78234,TEXAS
78235,TEXAS
78236,TEXAS
78237,TEXAS
78238,TEXAS
78239,TEXAS
78240,TEXAS
78241,TEXAS
78242,TEXAS
78243,TEXAS
78244,TEXAS
78245,TEXAS
78246,TEXAS
78247,TEXAS
78248,TEXAS
78249,TEXAS
78250,TEXAS
78251,TEXAS
78252,TEXAS
78253,TEXAS
78254,TEXAS
78255,TEXAS
78256,TEXAS
78257,TEXAS
78258,TEXAS
78259,TEXAS
78260,TEXAS
78261,TEXAS
78263,TEXAS
78264,TEXAS
78265,TEXAS
78266,TEXAS
78268,TEXAS
78269,TEXAS
78270,TEXAS
78278,TEXAS
78279,TEXAS
78280,TEXAS
78283,TEXAS
78284,TEXAS
78285,TEXAS
78288,TEXAS
78289,TEXAS
78291,TEXAS
78292,TEXAS
78293,TEXAS
78294,TEXAS
78295,TEXAS
78296,TEXAS
78297,TEXAS
78298,TEXAS
78299,TEXAS
78330,TEXAS
78332,TEXAS
78333,TEXAS
78335,TEXAS
78336,TEXAS
78338,TEXAS
78339,TEXAS
78340,TEXAS
78341,TEXAS
78342,TEXAS
78343,TEXAS
78344,TEXAS
78347,TEXAS
78349,TEXAS
78350,TEXAS
78351,TEXAS
78352,TEXAS
78353,TEXAS
78355,TEXAS
78357,TEXAS
78358,TEXAS
78359,TEXAS
78360,TEXAS
78361,TEXAS
78362,TEXAS
78363,TEXAS
78364,TEXAS
78368,TEXAS
78369,TEXAS
78370,TEXAS
78371,TEXAS
78372,TEXAS
78373,TEXAS
78374,TEXAS
78375,TEXAS
78376,TEXAS
78377,TEXAS
78379,TEXAS
78380,TEXAS
78381,TEXAS
78382,TEXAS
78383,TEXAS
78384,TEXAS
78385,TEXAS
78387,TEXAS
78389,TEXAS
78390,TEXAS
78391,TEXAS
78393,TEXAS
78401,TEXAS
78402,TEXAS
78403,TEXAS
78404,TEXAS
78405,TEXAS
78406,TEXAS
78407,TEXAS
78408,TEXAS
78409,TEXAS
78410,TEXAS
78411,TEXAS
78412,TEXAS
78413,TEXAS
78414,TEXAS
78415,TEXAS
78416,TEXAS
78417,TEXAS
78418,TEXAS
78419,TEXAS
78426,TEXAS
78427,TEXAS
78460,TEXAS
78463,TEXAS
78465,TEXAS
78466,TEXAS
78467,TEXAS
78468,TEXAS
78469,TEXAS
78480,TEXAS
78501,TEXAS
78502,TEXAS
78503,TEXAS
78504,TEXAS
78505,TEXAS
78516,TEXAS
78520,TEXAS
78521,TEXAS
78522,TEXAS
78523,TEXAS
78526,TEXAS
78535,TEXAS
78536,TEXAS
78537,TEXAS
78538,TEXAS
78539,TEXAS
78540,TEXAS
78541,TEXAS
78542,TEXAS
78543,TEXAS
78545,TEXAS
78547,TEXAS
78548,TEXAS
78549,TEXAS
78550,TEXAS
78551,TEXAS
78552,TEXAS
78553,TEXAS
78557,TEXAS
78558,TEXAS
78559,TEXAS
78560,TEXAS
78561,TEXAS
78562,TEXAS
78563,TEXAS
78564,TEXAS
78565,TEXAS
78566,TEXAS
78567,TEXAS
78568,TEXAS
78569,TEXAS
78570,TEXAS
78572,TEXAS
78573,TEXAS
78574,TEXAS
78575,TEXAS
78576,TEXAS
78577,TEXAS
78578,TEXAS
78579,TEXAS
78580,TEXAS
78582,TEXAS
78583,TEXAS
78584,TEXAS
78585,TEXAS
78586,TEXAS
78588,TEXAS
78589,TEXAS
78590,TEXAS
78591,TEXAS
78592,TEXAS
78593,TEXAS
78594,TEXAS
78595,TEXAS
78596,TEXAS
78597,TEXAS
78598,TEXAS
78599,TEXAS
78602,TEXAS
78604,TEXAS
78605,TEXAS
78606,TEXAS
78607,TEXAS
78608,TEXAS
78609,TEXAS
78610,TEXAS
78611,TEXAS
78612,TEXAS
78613,TEXAS
78614,TEXAS
78615,TEXAS
78616,TEXAS
78617,TEXAS
78618,TEXAS
78619,TEXAS
78620,TEXAS
78621,TEXAS
78622,TEXAS
78623,TEXAS
78624,TEXAS
78626,TEXAS
78627,TEXAS
78628,TEXAS
78629,TEXAS
78630,TEXAS
78631,TEXAS
78632,TEXAS
78633,TEXAS
78634,TEXAS
78635,TEXAS
78636,TEXAS
78638,TEXAS
78639,TEXAS
78640,TEXAS
78641,TEXAS
78642,TEXAS
78643,TEXAS
78644,TEXAS
78645,TEXAS
78646,TEXAS
78648,TEXAS
78650,TEXAS
78651,TEXAS
78652,TEXAS
78653,TEXAS
78654,TEXAS
78655,TEXAS
78656,TEXAS
78657,TEXAS
78658,TEXAS
78659,TEXAS
78660,TEXAS
78661,TEXAS
78662,TEXAS
78663,TEXAS
78664,TEXAS
78665,TEXAS
78666,TEXAS
78667,TEXAS
78669,TEXAS
78670,TEXAS
78671,TEXAS
78672,TEXAS
78673,TEXAS
78674,TEXAS
78675,TEXAS
78676,TEXAS
78677,TEXAS
78680,TEXAS
78681,TEXAS
78682,TEXAS
78683,TEXAS
78691,TEXAS
78701,TEXAS
78702,TEXAS
78703,TEXAS
78704,TEXAS
78705,TEXAS
78708,TEXAS
78709,TEXAS
78710,TEXAS
78711,TEXAS
78712,TEXAS
78713,TEXAS
78714,TEXAS
78715,TEXAS
78716,TEXAS
78717,TEXAS
78718,TEXAS
78719,TEXAS
78720,TEXAS
78721,TEXAS
78722,TEXAS
78723,TEXAS
78724,TEXAS
78725,TEXAS
78726,TEXAS
78727,TEXAS
78728,TEXAS
78729,TEXAS
78730,TEXAS
78731,TEXAS
78732,TEXAS
78733,TEXAS
78734,TEXAS
78735,TEXAS
78736,TEXAS
78737,TEXAS
78738,TEXAS
78739,TEXAS
78741,TEXAS
78742,TEXAS
78744,TEXAS
78745,TEXAS
78746,TEXAS
78747,TEXAS
78748,TEXAS
78749,TEXAS
78750,TEXAS
78751,TEXAS
78752,TEXAS
78753,TEXAS
78754,TEXAS
78755,TEXAS
78756,TEXAS
78757,TEXAS
78758,TEXAS
78759,TEXAS
78760,TEXAS
78761,TEXAS
78762,TEXAS
78763,TEXAS
78764,TEXAS
78765,TEXAS
78766,TEXAS
78767,TEXAS
78768,TEXAS
78772,TEXAS
78773,TEXAS
78774,TEXAS
78778,TEXAS
78779,TEXAS
78783,TEXAS
78799,TEXAS
78801,TEXAS
78802,TEXAS
78827,TEXAS
78828,TEXAS
78829,TEXAS
78830,TEXAS
78832,TEXAS
78833,TEXAS
78834,TEXAS
78836,TEXAS
78837,TEXAS
78838,TEXAS
78839,TEXAS
78840,TEXAS
78841,TEXAS
78842,TEXAS
78843,TEXAS
78847,TEXAS
78850,TEXAS
78851,TEXAS
78852,TEXAS
78853,TEXAS
78860,TEXAS
78861,TEXAS
78870,TEXAS
78871,TEXAS
78872,TEXAS
78873,TEXAS
78877,TEXAS
78879,TEXAS
78880,TEXAS
78881,TEXAS
78883,TEXAS
78884,TEXAS
78885,TEXAS
78886,TEXAS
78931,TEXAS
78932,TEXAS
78933,TEXAS
78934,TEXAS
78935,TEXAS
78938,TEXAS
78940,TEXAS
78941,TEXAS
78942,TEXAS
78943,TEXAS
78944,TEXAS
78945,TEXAS
78946,TEXAS
78947,TEXAS
78948,TEXAS
78949,TEXAS
78950,TEXAS
78951,TEXAS
78952,TEXAS
78953,TEXAS
78954,TEXAS
78956,TEXAS
78957,TEXAS
78959,TEXAS
78960,TEXAS
78961,TEXAS
78962,TEXAS
78963,TEXAS
79001,TEXAS
79002,TEXAS
79003,TEXAS
79005,TEXAS
79007,TEXAS
79008,TEXAS
79009,TEXAS
79010,TEXAS
79011,TEXAS
79012,TEXAS
79013,TEXAS
79014,TEXAS
79015,TEXAS
79016,TEXAS
79018,TEXAS
79019,TEXAS
79021,TEXAS
79022,TEXAS
79024,TEXAS
79025,TEXAS
79027,TEXAS
79029,TEXAS
79031,TEXAS
79032,TEXAS
79033,TEXAS
79034,TEXAS
79035,TEXAS
79036,TEXAS
79039,TEXAS
79040,TEXAS
79041,TEXAS
79042,TEXAS
79043,TEXAS
79044,TEXAS
79045,TEXAS
79046,TEXAS
79051,TEXAS
79052,TEXAS
79053,TEXAS
79054,TEXAS
79056,TEXAS
79057,TEXAS
79058,TEXAS
79059,TEXAS
79061,TEXAS
79062,TEXAS
79063,TEXAS
79064,TEXAS
79065,TEXAS
79066,TEXAS
79068,TEXAS
79070,TEXAS
79072,TEXAS
79073,TEXAS
79077,TEXAS
79078,TEXAS
79079,TEXAS
79080,TEXAS
79081,TEXAS
79082,TEXAS
79083,TEXAS
79084,TEXAS
79085,TEXAS
79086,TEXAS
79087,TEXAS
79088,TEXAS
79091,TEXAS
79092,TEXAS
79093,TEXAS
79094,TEXAS
79095,TEXAS
79096,TEXAS
79097,TEXAS
79098,TEXAS
79101,TEXAS
79102,TEXAS
79103,TEXAS
79104,TEXAS
79105,TEXAS
79106,TEXAS
79107,TEXAS
79108,TEXAS
79109,TEXAS
79110,TEXAS
79111,TEXAS
79114,TEXAS
79116,TEXAS
79117,TEXAS
79118,TEXAS
79119,TEXAS
79120,TEXAS
79121,TEXAS
79124,TEXAS
79159,TEXAS
79166,TEXAS
79168,TEXAS
79172,TEXAS
79174,TEXAS
79178,TEXAS
79185,TEXAS
79189,TEXAS
79201,TEXAS
79220,TEXAS
79221,TEXAS
79223,TEXAS
79225,TEXAS
79226,TEXAS
79227,TEXAS
79229,TEXAS
79230,TEXAS
79231,TEXAS
79233,TEXAS
79234,TEXAS
79235,TEXAS
79236,TEXAS
79237,TEXAS
79239,TEXAS
79240,TEXAS
79241,TEXAS
79243,TEXAS
79244,TEXAS
79245,TEXAS
79247,TEXAS
79248,TEXAS
79250,TEXAS
79251,TEXAS
79252,TEXAS
79255,TEXAS
79256,TEXAS
79257,TEXAS
79258,TEXAS
79259,TEXAS
79261,TEXAS
79311,TEXAS
79312,TEXAS
79313,TEXAS
79314,TEXAS
79316,TEXAS
79322,TEXAS
79323,TEXAS
79324,TEXAS
79325,TEXAS
79326,TEXAS
79329,TEXAS
79330,TEXAS
79331,TEXAS
79336,TEXAS
79338,TEXAS
79339,TEXAS
79342,TEXAS
79343,TEXAS
79344,TEXAS
79345,TEXAS
79346,TEXAS
79347,TEXAS
79350,TEXAS
79351,TEXAS
79353,TEXAS
79355,TEXAS
79356,TEXAS
79357,TEXAS
79358,TEXAS
79359,TEXAS
79360,TEXAS
79363,TEXAS
79364,TEXAS
79366,TEXAS
79367,TEXAS
79369,TEXAS
79370,TEXAS
79371,TEXAS
79372,TEXAS
79373,TEXAS
79376,TEXAS
79377,TEXAS
79378,TEXAS
79379,TEXAS
79380,TEXAS
79381,TEXAS
79382,TEXAS
79383,TEXAS
79401,TEXAS
79402,TEXAS
79403,TEXAS
79404,TEXAS
79406,TEXAS
79407,TEXAS
79408,TEXAS
79409,TEXAS
79410,TEXAS
79411,TEXAS
79412,TEXAS
79413,TEXAS
79414,TEXAS
79415,TEXAS
79416,TEXAS
79423,TEXAS
79424,TEXAS
79430,TEXAS
79452,TEXAS
79453,TEXAS
79457,TEXAS
79464,TEXAS
79490,TEXAS
79491,TEXAS
79493,TEXAS
79499,TEXAS
79501,TEXAS
79502,TEXAS
79503,TEXAS
79504,TEXAS
79505,TEXAS
79506,TEXAS
79508,TEXAS
79510,TEXAS
79511,TEXAS
79512,TEXAS
79516,TEXAS
79517,TEXAS
79518,TEXAS
79519,TEXAS
79520,TEXAS
79521,TEXAS
79525,TEXAS
79526,TEXAS
79527,TEXAS
79528,TEXAS
79529,TEXAS
79530,TEXAS
79532,TEXAS
79533,TEXAS
79534,TEXAS
79535,TEXAS
79536,TEXAS
79537,TEXAS
79538,TEXAS
79539,TEXAS
79540,TEXAS
79541,TEXAS
79543,TEXAS
79544,TEXAS
79545,TEXAS
79546,TEXAS
79547,TEXAS
79548,TEXAS
79549,TEXAS
79550,TEXAS
79553,TEXAS
79556,TEXAS
79560,TEXAS
79561,TEXAS
79562,TEXAS
79563,TEXAS
79565,TEXAS
79566,TEXAS
79567,TEXAS
79601,TEXAS
79602,TEXAS
79603,TEXAS
79604,TEXAS
79605,TEXAS
79606,TEXAS
79607,TEXAS
79608,TEXAS
79697,TEXAS
79698,TEXAS
79699,TEXAS
79701,TEXAS
79702,TEXAS
79703,TEXAS
79704,TEXAS
79705,TEXAS
79706,TEXAS
79707,TEXAS
79708,TEXAS
79710,TEXAS
79711,TEXAS
79712,TEXAS
79713,TEXAS
79714,TEXAS
79718,TEXAS
79719,TEXAS
79720,TEXAS
79721,TEXAS
79730,TEXAS
79731,TEXAS
79733,TEXAS
79734,TEXAS
79735,TEXAS
79738,TEXAS
79739,TEXAS
79740,TEXAS
79741,TEXAS
79742,TEXAS
79743,TEXAS
79744,TEXAS
79745,TEXAS
79748,TEXAS
79749,TEXAS
79752,TEXAS
79754,TEXAS
79755,TEXAS
79756,TEXAS
79758,TEXAS
79759,TEXAS
79760,TEXAS
79761,TEXAS
79762,TEXAS
79763,TEXAS
79764,TEXAS
79765,TEXAS
79766,TEXAS
79768,TEXAS
79769,TEXAS
79770,TEXAS
79772,TEXAS
79776,TEXAS
79777,TEXAS
79778,TEXAS
79780,TEXAS
79781,TEXAS
79782,TEXAS
79783,TEXAS
79785,TEXAS
79786,TEXAS
79788,TEXAS
79789,TEXAS
79821,AZ-NM
79830,TEXAS
79831,TEXAS
79832,TEXAS
79834,TEXAS
79835,TEXAS
79836,TEXAS
79837,TEXAS
79838,TEXAS
79839,TEXAS
79842,TEXAS
79843,TEXAS
79845,TEXAS
79846,TEXAS
79847,TEXAS
79848,TEXAS
79849,TEXAS
79851,TEXAS
79852,TEXAS
79853,TEXAS
79854,TEXAS
79855,TEXAS
79901,TEXAS
79902,TEXAS
79903,TEXAS
79904,TEXAS
79905,TEXAS
79906,TEXAS
79907,TEXAS
79908,TEXAS
79910,TEXAS
79911,TEXAS
79912,TEXAS
79913,TEXAS
79914,TEXAS
79915,TEXAS
79916,TEXAS
79917,TEXAS
79918,TEXAS
79920,TEXAS
79922,TEXAS
79923,TEXAS
79924,TEXAS
79925,TEXAS
79926,TEXAS
79927,TEXAS
79928,TEXAS
79929,TEXAS
79930,TEXAS
79931,TEXAS
79932,TEXAS
79934,TEXAS
79935,TEXAS
79936,TEXAS
79937,TEXAS
79938,TEXAS
79940,TEXAS
79941,TEXAS
79942,TEXAS
79943,TEXAS
79944,TEXAS
79945,TEXAS
79946,TEXAS
79947,TEXAS
79948,TEXAS
79949,TEXAS
79950,TEXAS
79951,TEXAS
79952,TEXAS
79953,TEXAS
79954,TEXAS
79955,TEXAS
79958,TEXAS
79960,TEXAS
79961,TEXAS
79968,TEXAS
79976,TEXAS
79978,TEXAS
79980,TEXAS
79995,TEXAS
79996,TEXAS
79997,TEXAS
79998,TEXAS
79999,TEXAS
80001,CO-WY
80002,CO-WY
80003,CO-WY
80004,CO-WY
80005,CO-WY
80006,CO-WY
80007,CO-WY
80010,CO-WY
80011,CO-WY
80012,CO-WY
80013,CO-WY
80014,CO-WY
80015,CO-WY
80016,CO-WY
80017,CO-WY
80018,CO-WY
80019,CO-WY
80020,CO-WY
80021,CO-WY
80022,CO-WY
80023,CO-WY
80024,CO-WY
80025,CO-WY
80026,CO-WY
80027,CO-WY
80030,CO-WY
80031,CO-WY
80033,CO-WY
80034,CO-WY
80035,CO-WY
80036,CO-WY
80037,CO-WY
80038,CO-WY
80040,CO-WY
80041,CO-WY
80042,CO-WY
80044,CO-WY
80045,CO-WY
80046,CO-WY
80047,CO-WY
80101,CO-WY
80102,CO-WY
80103,CO-WY
80104,CO-WY
80105,CO-WY
80106,CO-WY
80107,CO-WY
80108,CO-WY
80109,CO-WY
80110,CO-WY
80111,CO-WY
80112,CO-WY
80113,CO-WY
80116,CO-WY
80117,CO-WY
80118,CO-WY
80120,CO-WY
80121,CO-WY
80122,CO-WY
80123,CO-WY
80124,CO-WY
80125,CO-WY
80126,CO-WY
80127,CO-WY
80128,CO-WY
80129,CO-WY
80130,CO-WY
80131,CO-WY
80132,CO-WY
80133,CO-WY
80134,CO-WY
80135,CO-WY
80136,CO-WY
80137,CO-WY
80138,CO-WY
80150,CO-WY
80151,CO-WY
80155,CO-WY
80160,CO-WY
80161,CO-WY
80162,CO-WY
80163,CO-WY
80165,CO-WY
80166,CO-WY
80201,CO-WY
80202,CO-WY
80203,CO-WY
80204,CO-WY
80205,CO-WY
80206,CO-WY
80207,CO-WY
80208,CO-WY
80209,CO-WY
80210,CO-WY
80211,CO-WY
80212,CO-WY
80214,CO-WY
80215,CO-WY
80216,CO-WY
80217,CO-WY
80218,CO-WY
80219,CO-WY
80220,CO-WY
80221,CO-WY
80222,CO-WY
80223,CO-WY
80224,CO-WY
80225,CO-WY
80226,CO-WY
80227,CO-WY
80228,CO-WY
80229,CO-WY
80230,CO-WY
80231,CO-WY
80232,CO-WY
80233,CO-WY
80234,CO-WY
80235,CO-WY
80236,CO-WY
80237,CO-WY
80238,CO-WY
80239,CO-WY
80241,CO-WY
80243,CO-WY
80246,CO-WY
80247,CO-WY
80248,CO-WY
80249,CO-WY
80250,CO-WY
80256,CO-WY
80257,CO-WY
80259,CO-WY
80260,CO-WY
80261,CO-WY
80263,CO-WY
80264,CO-WY
80265,CO-WY
80266,CO-WY
80273,CO-WY
80274,CO-WY
80290,CO-WY
80293,CO-WY
80294,CO-WY
80299,CO-WY
80301,CO-WY
80302,CO-WY
80303,CO-WY
80304,CO-WY
80305,CO-WY
80306,CO-WY
80307,CO-WY
80308,CO-WY
80309,CO-WY
80310,CO-WY
80314,CO-WY
80401,CO-WY
80402,CO-WY
80403,CO-WY
80419,CO-WY
80420,CO-WY
80421,CO-WY
80422,CO-WY
80423,CO-WY
80424,CO-WY
80425,CO-WY
80426,CO-WY
80427,CO-WY
80428,CO-WY
80429,CO-WY
80430,CO-WY
80432,CO-WY
80433,CO-WY
80434,CO-WY
80435,CO-WY
80436,CO-WY
80437,CO-WY
80438,CO-WY
80439,CO-WY
80440,CO-WY
80442,CO-WY
80443,CO-WY
80444,CO-WY
80446,CO-WY
80447,CO-WY
80448,CO-WY
80449,CO-WY
80451,CO-WY
80452,CO-WY
80453,CO-WY
80454,CO-WY
80455,CO-WY
80456,CO-WY
80457,CO-WY
80459,CO-WY
80461,CO-WY
80463,CO-WY
80465,CO-WY
80466,CO-WY
80467,CO-WY
80468,CO-WY
80469,CO-WY
80470,CO-WY
80471,CO-WY
80473,CO-WY
80474,CO-WY
80475,CO-WY
80476,CO-WY
80477,CO-WY
80478,CO-WY
80479,CO-WY
80480,CO-WY
80481,CO-WY
80482,CO-WY
80483,CO-WY
80487,CO-WY
80488,CO-WY
80497,CO-WY
80498,CO-WY
80501,CO-WY
80502,CO-WY
80503,CO-WY
80504,CO-WY
80510,CO-WY
80511,CO-WY
80512,CO-WY
80513,CO-WY
80514,CO-WY
80515,CO-WY
80516,CO-WY
80517,CO-WY
80520,CO-WY
80521,CO-WY
80522,CO-WY
80523,CO-WY
80524,CO-WY
80525,CO-WY
80526,CO-WY
80527,CO-WY
80528,CO-WY
80530,CO-WY
80532,CO-WY
80533,CO-WY
80534,CO-WY
80535,CO-WY
80536,CO-WY
80537,CO-WY
80538,CO-WY
80539,CO-WY
80540,CO-WY
80541,CO-WY
80542,CO-WY
80543,CO-WY
80544,CO-WY
80545,CO-WY
80546,CO-WY
80547,CO-WY
80549,CO-WY
80550,CO-WY
80551,CO-WY
80553,CO-WY
80601,CO-WY
80602,CO-WY
80603,CO-WY
80610,CO-WY
80611,CO-WY
80612,CO-WY
80614,CO-WY
80615,CO-WY
80620,CO-WY
80621,CO-WY
80622,CO-WY
80623,CO-WY
80624,CO-WY
80631,CO-WY
80632,CO-WY
80633,CO-WY
80634,CO-WY
80638,CO-WY
80639,CO-WY
80640,CO-WY
80642,CO-WY
80643,CO-WY
80644,CO-WY
80645,CO-WY
80646,CO-WY
80648,CO-WY
80649,CO-WY
80650,CO-WY
80651,CO-WY
80652,CO-WY
80653,CO-WY
80654,CO-WY
80701,CO-WY
80705,CO-WY
80720,CO-WY
80721,CO-WY
80722,CO-WY
80723,CO-WY
80726,CO-WY
80727,CO-WY
80728,CO-WY
80729,CO-WY
80731,CO-WY
80732,CO-WY
80733,CO-WY
80734,CO-WY
80735,CO-WY
80736,CO-WY
80737,CO-WY
80740,CO-WY
80741,CO-WY
80742,CO-WY
80743,CO-WY
80744,CO-WY
80745,CO-WY
80746,CO-WY
80747,CO-WY
80749,CO-WY
80750,CO-WY
80751,CO-WY
80754,CO-WY
80755,CO-WY
80757,CO-WY
80758,CO-WY
80759,CO-WY
80801,CO-WY
80802,CO-WY
80804,CO-WY
80805,CO-WY
80807,CO-WY
80808,CO-WY
80809,CO-WY
80810,CO-WY
80812,CO-WY
80813,CO-WY
80814,CO-WY
80815,CO-WY
80816,CO-WY
80817,CO-WY
80818,CO-WY
80819,CO-WY
80820,CO-WY
80821,CO-WY
80822,CO-WY
80823,CO-WY
80824,CO-WY
80825,CO-WY
80826,CO-WY
80827,CO-WY
80828,CO-WY
80829,CO-WY
80830,CO-WY
80831,CO-WY
80832,CO-WY
80833,CO-WY
80834,CO-WY
80835,CO-WY
80836,CO-WY
80840,CO-WY
80841,CO-WY
80860,CO-WY
80861,CO-WY
80862,CO-WY
80863,CO-WY
80864,CO-WY
80866,CO-WY
80901,CO-WY
80902,CO-WY
80903,CO-WY
80904,CO-WY
80905,CO-WY
80906,CO-WY
80907,CO-WY
80908,CO-WY
80909,CO-WY
80910,CO-WY
80911,CO-WY
80912,CO-WY
80913,CO-WY
80914,CO-WY
80915,CO-WY
80916,CO-WY
80917,CO-WY
80918,CO-WY
80919,CO-WY
80920,CO-WY
80921,CO-WY
80922,CO-WY
80923,CO-WY
80924,CO-WY
80925,CO-WY
80926,CO-WY
80927,CO-WY
80928,CO-WY
80929,CO-WY
80930,CO-WY
80931,CO-WY
80932,CO-WY
80933,CO-WY
80934,CO-WY
80935,CO-WY
80936,CO-WY
80937,CO-WY
80938,CO-WY
80939,CO-WY
80941,CO-WY
80942,CO-WY
80946,CO-WY
80947,CO-WY
80949,CO-WY
80950,CO-WY
80951,CO-WY
80960,CO-WY
80962,CO-WY
80970,CO-WY
80977,CO-WY
80995,CO-WY
80997,CO-WY
81001,CO-WY
81002,CO-WY
81003,CO-WY
81004,CO-WY
81005,CO-WY
81006,CO-WY
81007,CO-WY
81008,CO-WY
81009,CO-WY
81010,CO-WY
81011,CO-WY
81012,CO-WY
81019,CO-WY
81020,CO-WY
81021,CO-WY
81022,CO-WY
81023,CO-WY
81024,CO-WY
81025,CO-WY
81027,CO-WY
81029,CO-WY
81030,CO-WY
81033,CO-WY
81034,CO-WY
81036,CO-WY
81038,CO-WY
81039,CO-WY
81040,CO-WY
81041,CO-WY
81043,CO-WY
81044,CO-WY
81045,CO-WY
81046,CO-WY
81047,CO-WY
81049,CO-WY
81050,CO-WY
81052,CO-WY
81054,CO-WY
81055,CO-WY
81057,CO-WY
81058,CO-WY
81059,CO-WY
81062,CO-WY
81063,CO-WY
81064,CO-WY
81067,CO-WY
81069,CO-WY
81071,CO-WY
81073,CO-WY
81076,CO-WY
81077,CO-WY
81081,CO-WY
81082,CO-WY
81084,CO-WY
81087,CO-WY
81089,CO-WY
81090,CO-WY
81091,CO-WY
81092,CO-WY
81101,CO-WY
81102,CO-WY
81120,CO-WY
81121,CO-WY
81122,CO-WY
81123,CO-WY
81124,CO-WY
81125,CO-WY
81126,CO-WY
81128,CO-WY
81129,CO-WY
81130,CO-WY
81131,CO-WY
81132,CO-WY
81133,CO-WY
81135,CO-WY
81136,CO-WY
81137,CO-WY
81138,CO-WY
81140,CO-WY
81141,CO-WY
81143,CO-WY
81144,CO-WY
81146,CO-WY
81147,CO-WY
81148,CO-WY
81149,CO-WY
81151,CO-WY
81152,CO-WY
81154,CO-WY
81155,CO-WY
81157,CO-WY
81201,CO-WY
81210,CO-WY
81211,CO-WY
81212,CO-WY
81215,CO-WY
81220,CO-WY
81221,CO-WY
81222,CO-WY
81223,CO-WY
81224,CO-WY
81225,CO-WY
81226,CO-WY
81227,CO-WY
81228,CO-WY
81230,CO-WY
81231,CO-WY
81232,CO-WY
81233,CO-WY
81235,CO-WY
81236,CO-WY
81237,CO-WY
81239,CO-WY
81240,CO-WY
81241,CO-WY
81242,CO-WY
81243,CO-WY
81244,CO-WY
81248,CO-WY
81251,CO-WY
81252,CO-WY
81253,CO-WY
81290,CO-WY
81301,CO-WY
81302,CO-WY
81303,CO-WY
81320,CO-WY
81321,CO-WY
81323,CO-WY
81324,CO-WY
81325,CO-WY
81326,CO-WY
81327,CO-WY
81328,CO-WY
81329,CO-WY
81330,CO-WY
81331,CO-WY
81332,CO-WY
81334,CO-WY
81335,CO-WY
81401,CO-WY
81402,CO-WY
81403,CO-WY
81410,CO-WY
81411,CO-WY
81413,CO-WY
81414,CO-WY
81415,CO-WY
81416,CO-WY
81418,CO-WY
81419,CO-WY
81420,CO-WY
81422,CO-WY
81423,CO-WY
81424,CO-WY
81425,CO-WY
81426,CO-WY
81427,CO-WY
81428,CO-WY
81429,CO-WY
81430,CO-WY
81431,CO-WY
81432,CO-WY
81433,CO-WY
81434,CO-WY
81435,CO-WY
81501,CO-WY
81502,CO-WY
81503,CO-WY
81504,CO-WY
81505,CO-WY
81506,CO-WY
81507,CO-WY
81520,CO-WY
81521,CO-WY
81522,CO-WY
81523,CO-WY
81524,CO-WY
81525,CO-WY
81526,CO-WY
81527,CO-WY
81601,CO-WY
81602,CO-WY
81610,CO-WY
81611,CO-WY
81612,CO-WY
81615,CO-WY
81620,CO-WY
81621,CO-WY
81623,CO-WY
81624,CO-WY
81625,CO-WY
81626,CO-WY
81630,CO-WY
81631,CO-WY
81632,CO-WY
81633,CO-WY
81635,CO-WY
81636,CO-WY
81637,CO-WY
81638,CO-WY
81639,CO-WY
81640,CO-WY
81641,CO-WY
81642,CO-WY
81643,CO-WY
81645,CO-WY
81646,CO-WY
81647,CO-WY
81648,CO-WY
81649,CO-WY
81650,CO-WY
81652,CO-WY
81653,CO-WY
81654,CO-WY
81655,CO-WY
81656,CO-WY
81657,CO-WY
81658,CO-WY
82001,CO-WY
82002,CO-WY
82003,CO-WY
82005,CO-WY
82006,CO-WY
82007,CO-WY
82009,CO-WY
82010,CO-WY
82050,CO-WY
82051,CO-WY
82052,CO-WY
82053,CO-WY
82054,CO-WY
82055,CO-WY
82058,CO-WY
82059,CO-WY
82060,CO-WY
82061,CO-WY
82063,CO-WY
82070,CO-WY
82071,CO-WY
82072,CO-WY
82073,CO-WY
82081,CO-WY
82082,CO-WY
82083,CO-WY
82084,CO-WY
82190,CO-WY
82201,CO-WY
82210,CO-WY
82212,CO-WY
82213,CO-WY
82214,CO-WY
82215,CO-WY
82217,CO-WY
82218,CO-WY
82219,CO-WY
82221,CO-WY
82222,CO-WY
82223,CO-WY
82224,CO-WY
82225,CO-WY
82227,CO-WY
82229,CO-WY
82240,CO-WY
82242,CO-WY
82243,CO-WY
82244,CO-WY
82301,CO-WY
82310,CO-WY
82321,CO-WY
82322,CO-WY
82323,CO-WY
82324,CO-WY
82325,CO-WY
82327,CO-WY
82329,CO-WY
82331,CO-WY
82332,CO-WY
82334,CO-WY
82335,CO-WY
82336,CO-WY
82401,CO-WY
82410,CO-WY
82411,CO-WY
82412,CO-WY
82414,CO-WY
82420,CO-WY
82421,CO-WY
82422,CO-WY
82423,CO-WY
82426,CO-WY
82428,CO-WY
82430,CO-WY
82431,CO-WY
82432,CO-WY
82433,CO-WY
82434,CO-WY
82435,CO-WY
82440,CO-WY
82441,CO-WY
82442,CO-WY
82443,CO-WY
82450,CO-WY
82501,CO-WY
82510,CO-WY
82512,CO-WY
82513,CO-WY
82514,CO-WY
82515,CO-WY
82516,CO-WY
82520,CO-WY
82523,CO-WY
82524,CO-WY
82601,CO-WY
82602,CO-WY
82604,CO-WY
82605,CO-WY
82609,CO-WY
82615,CO-WY
82620,CO-WY
82630,CO-WY
82633,CO-WY
82635,CO-WY
82636,CO-WY
82637,CO-WY
82638,CO-WY
82639,CO-WY
82640,CO-WY
82642,CO-WY
82643,CO-WY
82644,CO-WY
82646,CO-WY
82648,CO-WY
82649,CO-WY
82701,CO-WY
82710,CO-WY
82711,CO-WY
82712,CO-WY
82714,CO-WY
82715,CO-WY
82716,CO-WY
82717,CO-WY
82718,CO-WY
82720,CO-WY
82721,CO-WY
82723,CO-WY
82725,CO-WY
82727,CO-WY
82729,CO-WY
82730,CO-WY
82731,CO-WY
82732,CO-WY
82801,CO-WY
82831,CO-WY
82832,CO-WY
82833,CO-WY
82834,CO-WY
82835,CO-WY
82836,CO-WY
82837,CO-WY
82838,CO-WY
82839,CO-WY
82840,CO-WY
82842,CO-WY
82844,CO-WY
82845,CO-WY
82901,CO-WY
82902,CO-WY
82922,CO-WY
82923,CO-WY
82925,CO-WY
82929,CO-WY
82930,CO-WY
82931,CO-WY
82932,CO-WY
82933,CO-WY
82934,CO-WY
82935,CO-WY
82936,CO-WY
82937,CO-WY
82938,CO-WY
82939,CO-WY
82941,CO-WY
82942,CO-WY
82943,CO-WY
82944,CO-WY
82945,CO-WY
83001,CO-WY
83002,CO-WY
83011,CO-WY
83012,CO-WY
83013,CO-WY
83014,CO-WY
83025,CO-WY
83101,CO-WY
83110,CO-WY
83111,CO-WY
83112,CO-WY
83113,CO-WY
83114,CO-WY
83115,CO-WY
83116,CO-WY
83118,CO-WY
83119,CO-WY
83120,CO-WY
83121,CO-WY
83122,CO-WY
83123,CO-WY
83124,CO-WY
83126,CO-WY
83127,CO-WY
83128,CO-WY
83201,ID-MT-OR
83202,ID-MT-OR
83203,ID-MT-OR
83204,ID-MT-OR
83205,ID-MT-OR
83206,ID-MT-OR
83209,ID-MT-OR
83210,ID-MT-OR
83211,ID-MT-OR
83212,ID-MT-OR
83213,ID-MT-OR
83214,ID-MT-OR
83215,ID-MT-OR
83217,ID-MT-OR
83218,ID-MT-OR
83220,ID-MT-OR
83221,ID-MT-OR
83223,ID-MT-OR
83226,ID-MT-OR
83227,ID-MT-OR
83228,ID-MT-OR
83229,ID-MT-OR
83232,ID-MT-OR
83233,ID-MT-OR
83234,ID-MT-OR
83235,ID-MT-OR
83236,ID-MT-OR
83237,ID-MT-OR
83238,ID-MT-OR
83239,ID-MT-OR
83241,ID-MT-OR
83243,ID-MT-OR
83244,ID-MT-OR
83245,ID-MT-OR
83246,ID-MT-OR
83250,ID-MT-OR
83251,ID-MT-OR
83252,ID-MT-OR
83253,ID-MT-OR
83254,ID-MT-OR
83255,ID-MT-OR
83256,ID-MT-OR
83261,ID-MT-OR
83262,ID-MT-OR
83263,ID-MT-OR
83271,ID-MT-OR
83272,ID-MT-OR
83274,ID-MT-OR
83276,ID-MT-OR
83277,ID-MT-OR
83278,ID-MT-OR
83281,ID-MT-OR
83283,ID-MT-OR
83285,ID-MT-OR
83286,ID-MT-OR
83287,ID-MT-OR
83301,ID-MT-OR
83302,ID-MT-OR
83303,ID-MT-OR
83311,ID-MT-OR
83312,ID-MT-OR
83313,ID-MT-OR
83314,ID-MT-OR
83316,ID-MT-OR
83318,ID-MT-OR
83320,ID-MT-OR
83321,ID-MT-OR
83322,ID-MT-OR
83323,ID-MT-OR
83324,ID-MT-OR
83325,ID-MT-OR
83327,ID-MT-OR
83328,ID-MT-OR
83330,ID-MT-OR
83332,ID-MT-OR
83333,ID-MT-OR
83334,ID-MT-OR
83335,ID-MT-OR
83336,ID-MT-OR
83337,ID-MT-OR
83338,ID-MT-OR
83340,ID-MT-OR
83341,ID-MT-OR
83342,ID-MT-OR
83343,ID-MT-OR
83344,ID-MT-OR
83346,ID-MT-OR
83347,ID-MT-OR
83348,ID-MT-OR
83349,ID-MT-OR
83350,ID-MT-OR
83352,ID-MT-OR
83353,ID-MT-OR
83354,ID-MT-OR
83355,ID-MT-OR
83401,ID-MT-OR
83402,ID-MT-OR
83403,ID-MT-OR
83404,ID-MT-OR
83405,ID-MT-OR
83406,ID-MT-OR
83414,ID-MT-OR
83415,ID-MT-OR
83420,ID-MT-OR
83421,ID-MT-OR
83422,ID-MT-OR
83423,ID-MT-OR
83424,ID-MT-OR
83425,ID-MT-OR
83427,ID-MT-OR
83428,ID-MT-OR
83429,ID-MT-OR
83431,ID-MT-OR
83433,ID-MT-OR
83434,ID-MT-OR
83435,ID-MT-OR
83436,ID-MT-OR
83438,ID-MT-OR
83440,ID-MT-OR
83441,ID-MT-OR
83442,ID-MT-OR
83443,ID-MT-OR
83444,ID-MT-OR
83445,ID-MT-OR
83446,ID-MT-OR
83448,ID-MT-OR
83449,ID-MT-OR
83450,ID-MT-OR
83451,ID-MT-OR
83452,ID-MT-OR
83454,ID-MT-OR
83455,ID-MT-OR
83460,ID-MT-OR
83462,ID-MT-OR
83463,ID-MT-OR
83464,ID-MT-OR
83465,ID-MT-OR
83466,ID-MT-OR
83467,ID-MT-OR
83468,ID-MT-OR
83469,ID-MT-OR
83501,ID-MT-OR
83520,ID-MT-OR
83522,ID-MT-OR
83523,ID-MT-OR
83524,ID-MT-OR
83525,ID-MT-OR
83526,ID-MT-OR
83530,ID-MT-OR
83531,ID-MT-OR
83533,ID-MT-OR
83535,ID-MT-OR
83536,ID-MT-OR
83537,ID-MT-OR
83539,ID-MT-OR
83540,ID-MT-OR
83541,ID-MT-OR
83542,ID-MT-OR
83543,ID-MT-OR
83544,ID-MT-OR
83545,ID-MT-OR
83546,ID-MT-OR
83547,ID-MT-OR
83548,ID-MT-OR
83549,ID-MT-OR
83552,ID-MT-OR
83553,ID-MT-OR
83554,ID-MT-OR
83555,ID-MT-OR
83602,ID-MT-OR
83604,ID-MT-OR
83605,ID-MT-OR
83606,ID-MT-OR
83607,ID-MT-OR
83610,ID-MT-OR
83611,ID-MT-OR
83612,ID-MT-OR
83615,ID-MT-OR
83616,ID-MT-OR
83617,ID-MT-OR
83619,ID-MT-OR
83622,ID-MT-OR
83623,ID-MT-OR
83624,ID-MT-OR
83626,ID-MT-OR
83627,ID-MT-OR
83628,ID-MT-OR
83629,ID-MT-OR
83630,ID-MT-OR
83631,ID-MT-OR
83632,ID-MT-OR
83633,ID-MT-OR
83634,ID-MT-OR
83635,ID-MT-OR
83636,ID-MT-OR
83637,ID-MT-OR
83638,ID-MT-OR
83639,ID-MT-OR
83641,ID-MT-OR
83642,ID-MT-OR
83643,ID-MT-OR
83644,ID-MT-OR
83645,ID-MT-OR
83646,ID-MT-OR
83647,ID-MT-OR
83648,ID-MT-OR
83650,ID-MT-OR
83651,ID-MT-OR
83652,ID-MT-OR
83653,ID-MT-OR
83654,ID-MT-OR
83655,ID-MT-OR
83656,ID-MT-OR
83657,ID-MT-OR
83660,ID-MT-OR
83661,ID-MT-OR
83666,ID-MT-OR
83669,ID-MT-OR
83670,ID-MT-OR
83671,ID-MT-OR
83672,ID-MT-OR
83676,ID-MT-OR
83677,ID-MT-OR
83680,ID-MT-OR
83686,ID-MT-OR
83687,ID-MT-OR
83701,ID-MT-OR
83702,ID-MT-OR
83703,ID-MT-OR
83704,ID-MT-OR
83705,ID-MT-OR
83706,ID-MT-OR
83707,ID-MT-OR
83708,ID-MT-OR
83709,ID-MT-OR
83711,ID-MT-OR
83712,ID-MT-OR
83713,ID-MT-OR
83714,ID-MT-OR
83715,ID-MT-OR
83716,ID-MT-OR
83717,ID-MT-OR
83719,ID-MT-OR
83720,ID-MT-OR
83722,ID-MT-OR
83724,ID-MT-OR
83725,ID-MT-OR
83726,ID-MT-OR
83728,ID-MT-OR
83729,ID-MT-OR
83732,ID-MT-OR
83735,ID-MT-OR
83756,ID-MT-OR
83799,ID-MT-OR
83801,ID-MT-OR
83802,ID-MT-OR
83803,ID-MT-OR
83804,ID-MT-OR
83805,ID-MT-OR
83806,ID-MT-OR
83808,ID-MT-OR
83809,ID-MT-OR
83810,ID-MT-OR
83811,ID-MT-OR
83812,ID-MT-OR
83813,ID-MT-OR
83814,ID-MT-OR
83815,ID-MT-OR
83816,ID-MT-OR
83821,ID-MT-OR
83822,ID-MT-OR
83823,ID-MT-OR
83824,WASHINGTON
83825,ID-MT-OR
83826,ID-MT-OR
83827,ID-MT-OR
83830,ID-MT-OR
83832,ID-MT-OR
83833,ID-MT-OR
83834,ID-MT-OR
83835,ID-MT-OR
83836,ID-MT-OR
83837,ID-MT-OR
83839,ID-MT-OR
83840,ID-MT-OR
83841,ID-MT-OR
83842,ID-MT-OR
83843,ID-MT-OR
83844,ID-MT-OR
83845,ID-MT-OR
83846,ID-MT-OR
83847,ID-MT-OR
83848,ID-MT-OR
83849,ID-MT-OR
83850,ID-MT-OR
83851,ID-MT-OR
83852,ID-MT-OR
83853,ID-MT-OR
83854,ID-MT-OR
83855,ID-MT-OR
83856,ID-MT-OR
83857,ID-MT-OR
83858,ID-MT-OR
83860,ID-MT-OR
83861,ID-MT-OR
83864,ID-MT-OR
83865,ID-MT-OR
83866,ID-MT-OR
83867,ID-MT-OR
83868,ID-MT-OR
83869,ID-MT-OR
83870,WASHINGTON
83871,ID-MT-OR
83872,ID-MT-OR
83873,ID-MT-OR
83874,ID-MT-OR
83876,ID-MT-OR
83877,ID-MT-OR
84001,NV-UT
84002,NV-UT
84003,NV-UT
84004,NV-UT
84005,NV-UT
84006,NV-UT
84007,NV-UT
84008,NV-UT
84009,NV-UT
84010,NV-UT
84011,NV-UT
84013,NV-UT
84014,NV-UT
84015,NV-UT
84016,NV-UT
84017,NV-UT
84018,NV-UT
84020,NV-UT
84021,NV-UT
84022,NV-UT
84023,NV-UT
84024,NV-UT
84025,NV-UT
84026,NV-UT
84027,NV-UT
84028,NV-UT
84029,NV-UT
84031,NV-UT
84032,NV-UT
84033,NV-UT
84034,NV-UT
84035,NV-UT
84036,NV-UT
84037,NV-UT
84038,NV-UT
84039,NV-UT
84040,NV-UT
84041,NV-UT
84042,NV-UT
84043,NV-UT
84044,NV-UT
84045,NV-UT
84046,NV-UT
84047,NV-UT
84048,NV-UT
84049,NV-UT
84050,NV-UT
84051,NV-UT
84052,NV-UT
84053,NV-UT
84054,NV-UT
84055,NV-UT
84056,NV-UT
84057,NV-UT
84058,NV-UT
84059,NV-UT
84060,NV-UT
84061,NV-UT
84062,NV-UT
84063,NV-UT
84064,NV-UT
84065,NV-UT
84066,NV-UT
84067,NV-UT
84068,NV-UT
84069,NV-UT
84070,NV-UT
84071,NV-UT
84072,NV-UT
84073,NV-UT
84074,NV-UT
84075,NV-UT
84076,NV-UT
84078,NV-UT
84079,NV-UT
84080,NV-UT
84081,NV-UT
84082,NV-UT
84083,NV-UT
84084,NV-UT
84085,NV-UT
84086,NV-UT
84087,NV-UT
84088,NV-UT
84089,NV-UT
84090,NV-UT
84091,NV-UT
84092,NV-UT
84093,NV-UT
84094,NV-UT
84095,NV-UT
84096,NV-UT
84097,NV-UT
84098,NV-UT
84101,NV-UT
84102,NV-UT
84103,NV-UT
84104,NV-UT
84105,NV-UT
84106,NV-UT
84107,NV-UT
84108,NV-UT
84109,NV-UT
84110,NV-UT
84111,NV-UT
84112,NV-UT
84113,NV-UT
84114,NV-UT
84115,NV-UT
84116,NV-UT
84117,NV-UT
84118,NV-UT
84119,NV-UT
84120,NV-UT
84121,NV-UT
84122,NV-UT
84123,NV-UT
84124,NV-UT
84125,NV-UT
84126,NV-UT
84127,NV-UT
84128,NV-UT
84129,NV-UT
84130,NV-UT
84131,NV-UT
84132,NV-UT
84133,NV-UT
84134,NV-UT
84138,NV-UT
84139,NV-UT
84143,NV-UT
84145,NV-UT
84147,NV-UT
84148,NV-UT
84150,NV-UT
84151,NV-UT
84152,NV-UT
84157,NV-UT
84158,NV-UT
84165,NV-UT
84170,NV-UT
84171,NV-UT
84180,NV-UT
84190,NV-UT
84199,NV-UT
84201,NV-UT
84244,NV-UT
84301,NV-UT
84302,NV-UT
84304,NV-UT
84305,NV-UT
84306,NV-UT
84307,NV-UT
84308,NV-UT
84309,NV-UT
84310,NV-UT
84311,NV-UT
84312,NV-UT
84313,NV-UT
84314,NV-UT
84315,NV-UT
84316,NV-UT
84317,NV-UT
84318,NV-UT
84319,NV-UT
84320,NV-UT
84321,NV-UT
84322,NV-UT
84323,NV-UT
84324,NV-UT
84325,NV-UT
84326,NV-UT
84327,NV-UT
84328,NV-UT
84329,NV-UT
84330,NV-UT
84331,NV-UT
84332,NV-UT
84333,NV-UT
84334,NV-UT
84335,NV-UT
84336,NV-UT
84337,NV-UT
84338,NV-UT
84339,NV-UT
84340,NV-UT
84341,NV-UT
84401,NV-UT
84402,NV-UT
84403,NV-UT
84404,NV-UT
84405,NV-UT
84408,NV-UT
84409,NV-UT
84412,NV-UT
84414,NV-UT
84415,NV-UT
84501,NV-UT
84510,NV-UT
84511,NV-UT
84512,NV-UT
84513,NV-UT
84515,NV-UT
84516,NV-UT
84518,NV-UT
84520,NV-UT
84521,NV-UT
84522,NV-UT
84523,NV-UT
84525,NV-UT
84526,NV-UT
84528,NV-UT
84529,NV-UT
84530,NV-UT
84531,NV-UT
84532,NV-UT
84533,NV-UT
84534,NV-UT
84535,NV-UT
84536,NV-UT
84537,NV-UT
84539,NV-UT
84540,NV-UT
84542,NV-UT
84601,NV-UT
84602,NV-UT
84603,NV-UT
84604,NV-UT
84605,NV-UT
84606,NV-UT
84620,NV-UT
84621,NV-UT
84622,NV-UT
84623,NV-UT
84624,NV-UT
84626,NV-UT
84627,NV-UT
84628,NV-UT
84629,NV-UT
84630,NV-UT
84631,NV-UT
84632,NV-UT
84633,NV-UT
84634,NV-UT
84635,NV-UT
84636,NV-UT
84637,NV-UT
84638,NV-UT
84639,NV-UT
84640,NV-UT
84642,NV-UT
84643,NV-UT
84644,NV-UT
84645,NV-UT
84646,NV-UT
84647,NV-UT
84648,NV-UT
84649,NV-UT
84651,NV-UT
84652,NV-UT
84653,NV-UT
84654,NV-UT
84655,NV-UT
84656,NV-UT
84657,NV-UT
84660,NV-UT
84662,NV-UT
84663,NV-UT
84664,NV-UT
84665,NV-UT
84667,NV-UT
84701,NV-UT
84710,NV-UT
84711,NV-UT
84712,NV-UT
84713,NV-UT
84714,NV-UT
84715,NV-UT
84716,NV-UT
84718,NV-UT
84719,NV-UT
84720,NV-UT
84721,NV-UT
84722,NV-UT
84723,NV-UT
84724,NV-UT
84725,NV-UT
84726,NV-UT
84728,NV-UT
84729,NV-UT
84730,NV-UT
84731,NV-UT
84732,NV-UT
84733,NV-UT
84734,NV-UT
84735,NV-UT
84736,NV-UT
84737,NV-UT
84738,NV-UT
84739,NV-UT
84740,NV-UT
84741,NV-UT
84742,NV-UT
84743,NV-UT
84744,NV-UT
84745,NV-UT
84746,NV-UT
84747,NV-UT
84749,NV-UT
84750,NV-UT
84751,NV-UT
84752,NV-UT
84753,NV-UT
84754,NV-UT
84755,NV-UT
84756,NV-UT
84757,NV-UT
84758,NV-UT
84759,NV-UT
84760,NV-UT
84761,NV-UT
84762,NV-UT
84763,NV-UT
84764,NV-UT
84765,NV-UT
84766,NV-UT
84767,NV-UT
84770,NV-UT
84771,NV-UT
84772,NV-UT
84773,NV-UT
84774,NV-UT
84775,NV-UT
84776,NV-UT
84779,NV-UT
84780,NV-UT
84781,NV-UT
84782,NV-UT
84783,NV-UT
84784,NV-UT
84790,NV-UT
84791,NV-UT
85001,AZ-NM
85002,AZ-NM
85003,AZ-NM
85004,AZ-NM
85005,AZ-NM
85006,AZ-NM
85007,AZ-NM
85008,AZ-NM
85009,AZ-NM
85010,AZ-NM
85011,AZ-NM
85012,AZ-NM
85013,AZ-NM
85014,AZ-NM
85015,AZ-NM
85016,AZ-NM
85017,AZ-NM
85018,AZ-NM
85019,AZ-NM
85020,AZ-NM
85021,AZ-NM
85022,AZ-NM
85023,AZ-NM
85024,AZ-NM
85026,AZ-NM
85027,AZ-NM
85028,AZ-NM
85029,AZ-NM
85030,AZ-NM
85031,AZ-NM
85032,AZ-NM
85033,AZ-NM
85034,AZ-NM
85035,AZ-NM
85036,AZ-NM
85037,AZ-NM
85038,AZ-NM
85040,AZ-NM
85041,AZ-NM
85042,AZ-NM
85043,AZ-NM
85044,AZ-NM
85045,AZ-NM
85046,AZ-NM
85048,AZ-NM
85050,AZ-NM
85051,AZ-NM
85053,AZ-NM
85054,AZ-NM
85060,AZ-NM
85061,AZ-NM
85062,AZ-NM
85063,AZ-NM
85064,AZ-NM
85066,AZ-NM
85067,AZ-NM
85068,AZ-NM
85069,AZ-NM
85070,AZ-NM
85071,AZ-NM
85072,AZ-NM
85074,AZ-NM
85076,AZ-NM
85078,AZ-NM
85079,AZ-NM
85080,AZ-NM
85082,AZ-NM
85083,AZ-NM
85085,AZ-NM
85086,AZ-NM
85087,AZ-NM
85117,AZ-NM
85118,AZ-NM
85119,AZ-NM
85120,AZ-NM
85121,AZ-NM
85122,AZ-NM
85123,AZ-NM
85127,AZ-NM
85128,AZ-NM
85130,AZ-NM
85131,AZ-NM
85132,AZ-NM
85135,AZ-NM
85137,AZ-NM
85138,AZ-NM
85139,AZ-NM
85140,AZ-NM
85141,AZ-NM
85142,AZ-NM
85143,AZ-NM
85144,AZ-NM
85145,AZ-NM
85147,AZ-NM
85172,AZ-NM
85173,AZ-NM
85178,AZ-NM
85190,AZ-NM
85191,AZ-NM
85192,AZ-NM
85193,AZ-NM
85194,AZ-NM
85201,AZ-NM
85202,AZ-NM
85203,AZ-NM
85204,AZ-NM
85205,AZ-NM
85206,AZ-NM
85207,AZ-NM
85208,AZ-NM
85209,AZ-NM
85210,AZ-NM
85211,AZ-NM
85212,AZ-NM
85213,AZ-NM
85214,AZ-NM
85215,AZ-NM
85216,AZ-NM
85224,AZ-NM
85225,AZ-NM
85226,AZ-NM
85233,AZ-NM
85234,AZ-NM
85236,AZ-NM
85244,AZ-NM
85246,AZ-NM
85248,AZ-NM
85249,AZ-NM
85250,AZ-NM
85251,AZ-NM
85252,AZ-NM
85253,AZ-NM
85254,AZ-NM
85255,AZ-NM
85256,AZ-NM
85257,AZ-NM
85258,AZ-NM
85259,AZ-NM
85260,AZ-NM
85261,AZ-NM
85262,AZ-NM
85263,AZ-NM
85264,AZ-NM
85266,AZ-NM
85267,AZ-NM
85268,AZ-NM
85269,AZ-NM
85271,AZ-NM
85274,AZ-NM
85275,AZ-NM
85277,AZ-NM
85280,AZ-NM
85281,AZ-NM
85282,AZ-NM
85283,AZ-NM
85284,AZ-NM
85285,AZ-NM
85286,AZ-NM
85287,AZ-NM
85288,AZ-NM
85295,AZ-NM
85296,AZ-NM
85297,AZ-NM
85298,AZ-NM
85299,AZ-NM
85301,AZ-NM
85302,AZ-NM
85303,AZ-NM
85304,AZ-NM
85305,AZ-NM
85306,AZ-NM
85307,AZ-NM
85308,AZ-NM
85309,AZ-NM
85310,AZ-NM
85311,AZ-NM
85312,AZ-NM
85318,AZ-NM
85320,AZ-NM
85321,AZ-NM
85322,AZ-NM
85323,AZ-NM
85324,AZ-NM
85325,AZ-NM
85326,AZ-NM
85327,AZ-NM
85328,AZ-NM
85329,AZ-NM
85331,AZ-NM
85332,AZ-NM
85333,AZ-NM
85334,AZ-NM
85335,AZ-NM
85336,AZ-NM
85337,AZ-NM
85338,AZ-NM
85339,AZ-NM
85340,AZ-NM
85341,AZ-NM
85342,AZ-NM
85343,AZ-NM
85344,AZ-NM
85345,AZ-NM
85346,AZ-NM
85347,AZ-NM
85348,AZ-NM
85349,AZ-NM
85350,AZ-NM
85351,AZ-NM
85352,AZ-NM
85353,AZ-NM
85354,AZ-NM
85355,AZ-NM
85356,AZ-NM
85357,AZ-NM
85358,AZ-NM
85359,AZ-NM
85360,AZ-NM
85361,AZ-NM
85362,AZ-NM
85363,AZ-NM
85364,AZ-NM
85365,AZ-NM
85366,AZ-NM
85367,AZ-NM
85369,AZ-NM
85371,AZ-NM
85372,AZ-NM
85373,AZ-NM
85374,AZ-NM
85375,AZ-NM
85376,AZ-NM
85377,AZ-NM
85378,AZ-NM
85379,AZ-NM
85380,AZ-NM
85381,AZ-NM
85382,AZ-NM
85383,AZ-NM
85385,AZ-NM
85387,AZ-NM
85388,AZ-NM
85390,AZ-NM
85392,AZ-NM
85395,AZ-NM
85396,AZ-NM
85501,AZ-NM
85502,AZ-NM
85530,AZ-NM
85531,AZ-NM
85532,AZ-NM
85533,AZ-NM
85534,AZ-NM
85535,AZ-NM
85536,AZ-NM
85539,AZ-NM
85540,AZ-NM
85541,AZ-NM
85542,AZ-NM
85543,AZ-NM
85544,AZ-NM
85545,AZ-NM
85546,AZ-NM
85547,AZ-NM
85548,AZ-NM
85550,AZ-NM
85551,AZ-NM
85552,AZ-NM
85553,AZ-NM
85554,AZ-NM
85601,AZ-NM
85602,AZ-NM
85603,AZ-NM
85605,AZ-NM
85606,AZ-NM
85607,AZ-NM
85608,AZ-NM
85609,AZ-NM
85610,AZ-NM
85611,AZ-NM
85613,AZ-NM
85614,AZ-NM
85615,AZ-NM
85616,AZ-NM
85617,AZ-NM
85618,AZ-NM
85619,AZ-NM
85620,AZ-NM
85621,AZ-NM
85622,AZ-NM
85623,AZ-NM
85624,AZ-NM
85625,AZ-NM
85626,AZ-NM
85627,AZ-NM
85628,AZ-NM
85629,AZ-NM
85630,AZ-NM
85631,AZ-NM
85632,AZ-NM
85633,AZ-NM
85634,AZ-NM
85635,AZ-NM
85636,AZ-NM
85637,AZ-NM
85638,AZ-NM
85639,AZ-NM
85640,AZ-NM
85641,AZ-NM
85643,AZ-NM
85644,AZ-NM
85645,AZ-NM
85646,AZ-NM
85648,AZ-NM
85650,AZ-NM
85652,AZ-NM
85653,AZ-NM
85654,AZ-NM
85655,AZ-NM
85658,AZ-NM
85670,AZ-NM
85701,AZ-NM
85702,AZ-NM
85703,AZ-NM
85704,AZ-NM
85705,AZ-NM
85706,AZ-NM
85707,AZ-NM
85708,AZ-NM
85709,AZ-NM
85710,AZ-NM
85711,AZ-NM
85712,AZ-NM
85713,AZ-NM
85714,AZ-NM
85715,AZ-NM
85716,AZ-NM
85717,AZ-NM
85718,AZ-NM
85719,AZ-NM
85721,AZ-NM
85723,AZ-NM
85724,AZ-NM
85725,AZ-NM
85726,AZ-NM
85728,AZ-NM
85730,AZ-NM
85731,AZ-NM
85732,AZ-NM
85733,AZ-NM
85734,AZ-NM
85735,AZ-NM
85736,AZ-NM
85737,AZ-NM
85738,AZ-NM
85739,AZ-NM
85740,AZ-NM
85741,AZ-NM
85742,AZ-NM
85743,AZ-NM
85744,AZ-NM
85745,AZ-NM
85746,AZ-NM
85747,AZ-NM
85748,AZ-NM
85749,AZ-NM
85750,AZ-NM
85751,AZ-NM
85752,AZ-NM
85754,AZ-NM
85755,AZ-NM
85756,AZ-NM
85757,AZ-NM
85775,AZ-NM
85901,AZ-NM
85902,AZ-NM
85911,AZ-NM
85912,AZ-NM
85920,AZ-NM
85922,AZ-NM
85923,AZ-NM
85924,AZ-NM
85925,AZ-NM
85926,AZ-NM
85927,AZ-NM
85928,AZ-NM
85929,AZ-NM
85930,AZ-NM
85931,AZ-NM
85932,AZ-NM
85933,AZ-NM
85934,AZ-NM
85935,AZ-NM
85936,AZ-NM
85937,AZ-NM
85938,AZ-NM
85939,AZ-NM
85940,AZ-NM
85941,AZ-NM
85942,AZ-NM
86001,AZ-NM
86002,AZ-NM
86003,AZ-NM
86004,AZ-NM
86005,AZ-NM
86011,AZ-NM
86015,AZ-NM
86016,AZ-NM
86017,AZ-NM
86018,AZ-NM
86020,AZ-NM
86021,AZ-NM
86022,AZ-NM
86023,AZ-NM
86024,AZ-NM
86025,AZ-NM
86028,AZ-NM
86029,AZ-NM
86030,AZ-NM
86031,AZ-NM
86032,AZ-NM
86033,AZ-NM
86034,AZ-NM
86035,AZ-NM
86036,AZ-NM
86038,AZ-NM
86039,AZ-NM
86040,AZ-NM
86042,AZ-NM
86043,AZ-NM
86044,AZ-NM
86045,AZ-NM
86046,AZ-NM
86047,AZ-NM
86052,AZ-NM
86053,AZ-NM
86054,AZ-NM
86301,AZ-NM
86302,AZ-NM
86303,AZ-NM
86304,AZ-NM
86305,AZ-NM
86312,AZ-NM
86313,AZ-NM
86314,AZ-NM
86315,AZ-NM
86320,AZ-NM
86321,AZ-NM
86322,AZ-NM
86323,AZ-NM
86324,AZ-NM
86325,AZ-NM
86326,AZ-NM
86327,AZ-NM
86329,AZ-NM
86331,AZ-NM
86332,AZ-NM
86333,AZ-NM
86334,AZ-NM
86335,AZ-NM
86336,AZ-NM
86337,AZ-NM
86338,AZ-NM
86339,AZ-NM
86340,AZ-NM
86341,AZ-NM
86342,AZ-NM
86343,AZ-NM
86351,AZ-NM
86401,AZ-NM
86402,AZ-NM
86403,AZ-NM
86404,AZ-NM
86405,AZ-NM
86406,AZ-NM
86409,AZ-NM
86411,AZ-NM
86412,AZ-NM
86413,AZ-NM
86426,AZ-NM
86427,AZ-NM
86429,AZ-NM
86430,AZ-NM
86431,AZ-NM
86432,AZ-NM
86433,AZ-NM
86434,AZ-NM
86435,AZ-NM
86436,AZ-NM
86437,AZ-NM
86438,AZ-NM
86439,AZ-NM
86440,AZ-NM
86441,AZ-NM
86442,AZ-NM
86443,AZ-NM
86444,AZ-NM
86445,AZ-NM
86446,AZ-NM
86502,AZ-NM
86503,AZ-NM
86504,AZ-NM
86505,AZ-NM
86506,AZ-NM
86507,AZ-NM
86508,AZ-NM
86510,AZ-NM
86511,AZ-NM
86512,AZ-NM
86514,AZ-NM
86515,AZ-NM
86520,AZ-NM
86535,AZ-NM
86538,AZ-NM
86540,AZ-NM
86544,AZ-NM
86545,AZ-NM
86547,AZ-NM
86556,AZ-NM
87001,AZ-NM
87002,AZ-NM
87004,AZ-NM
87005,AZ-NM
87006,AZ-NM
87007,AZ-NM
87008,AZ-NM
87009,AZ-NM
87010,AZ-NM
87011,AZ-NM
87012,AZ-NM
87013,AZ-NM
87014,AZ-NM
87015,AZ-NM
87016,AZ-NM
87017,AZ-NM
87018,AZ-NM
87020,AZ-NM
87021,AZ-NM
87022,AZ-NM
87023,AZ-NM
87024,AZ-NM
87025,AZ-NM
87026,AZ-NM
87027,AZ-NM
87028,AZ-NM
87029,AZ-NM
87031,AZ-NM
87032,AZ-NM
87034,AZ-NM
87035,AZ-NM
87036,AZ-NM
87037,AZ-NM
87038,AZ-NM
87040,AZ-NM
87041,AZ-NM
87042,AZ-NM
87043,AZ-NM
87044,AZ-NM
87045,AZ-NM
87046,AZ-NM
87047,AZ-NM
87048,AZ-NM
87049,AZ-NM
87051,AZ-NM
87052,AZ-NM
87053,AZ-NM
87056,AZ-NM
87059,AZ-NM
87060,AZ-NM
87061,AZ-NM
87062,AZ-NM
87063,AZ-NM
87064,AZ-NM
87068,AZ-NM
87070,AZ-NM
87072,AZ-NM
87083,AZ-NM
87101,AZ-NM
87102,AZ-NM
87103,AZ-NM
87104,AZ-NM
87105,AZ-NM
87106,AZ-NM
87107,AZ-NM
87108,AZ-NM
87109,AZ-NM
87110,AZ-NM
87111,AZ-NM
87112,AZ-NM
87113,AZ-NM
87114,AZ-NM
87115,AZ-NM
87116,AZ-NM
87117,AZ-NM
87119,AZ-NM
87120,AZ-NM
87121,AZ-NM
87122,AZ-NM
87123,AZ-NM
87124,AZ-NM
87125,AZ-NM
87131,AZ-NM
87144,AZ-NM
87151,AZ-NM
87153,AZ-NM
87154,AZ-NM
87158,AZ-NM
87174,AZ-NM
87176,AZ-NM
87181,AZ-NM
87184,AZ-NM
87185,AZ-NM
87187,AZ-NM
87190,AZ-NM
87191,AZ-NM
87192,AZ-NM
87193,AZ-NM
87194,AZ-NM
87195,AZ-NM
87196,AZ-NM
87197,AZ-NM
87198,AZ-NM
87199,AZ-NM
87301,AZ-NM
87302,AZ-NM
87305,AZ-NM
87310,AZ-NM
87311,AZ-NM
87312,AZ-NM
87313,AZ-NM
87315,AZ-NM
87316,AZ-NM
87317,AZ-NM
87319,AZ-NM
87320,AZ-NM
87321,AZ-NM
87322,AZ-NM
87323,AZ-NM
87325,AZ-NM
87326,AZ-NM
87327,AZ-NM
87328,AZ-NM
87347,AZ-NM
87357,AZ-NM
87364,AZ-NM
87365,AZ-NM
87375,AZ-NM
87401,AZ-NM
87402,AZ-NM
87410,AZ-NM
87412,AZ-NM
87413,AZ-NM
87415,AZ-NM
87416,AZ-NM
87417,AZ-NM
87418,AZ-NM
87419,AZ-NM
87420,AZ-NM
87421,AZ-NM
87455,AZ-NM
87461,AZ-NM
87499,AZ-NM
87501,AZ-NM
87502,AZ-NM
87503,AZ-NM
87504,AZ-NM
87505,AZ-NM
87506,AZ-NM
87507,AZ-NM
87508,AZ-NM
87509,AZ-NM
87510,AZ-NM
87511,AZ-NM
87512,AZ-NM
87513,AZ-NM
87514,AZ-NM
87515,AZ-NM
87516,AZ-NM
87517,AZ-NM
87518,AZ-NM
87519,AZ-NM
87520,AZ-NM
87521,AZ-NM
87522,AZ-NM
87523,AZ-NM
87524,AZ-NM
87525,AZ-NM
87527,AZ-NM
87528,AZ-NM
87529,AZ-NM
87530,AZ-NM
87531,AZ-NM
87532,AZ-NM
87533,AZ-NM
87535,AZ-NM
87537,AZ-NM
87538,AZ-NM
87539,AZ-NM
87540,AZ-NM
87543,AZ-NM
87544,AZ-NM
87545,AZ-NM
87547,AZ-NM
87548,AZ-NM
87549,AZ-NM
87551,AZ-NM
87552,AZ-NM
87553,AZ-NM
87554,AZ-NM
87556,AZ-NM
87557,AZ-NM
87558,AZ-NM
87560,AZ-NM
87562,AZ-NM
87564,AZ-NM
87565,AZ-NM
87566,AZ-NM
87567,AZ-NM
87569,AZ-NM
87571,AZ-NM
87573,AZ-NM
87574,AZ-NM
87575,AZ-NM
87576,AZ-NM
87577,AZ-NM
87578,AZ-NM
87579,AZ-NM
87580,AZ-NM
87581,AZ-NM
87582,AZ-NM
87583,AZ-NM
87592,AZ-NM
87594,AZ-NM
87654,AZ-NM
87701,AZ-NM
87710,AZ-NM
87711,AZ-NM
87712,AZ-NM
87713,AZ-NM
87714,AZ-NM
87715,AZ-NM
87718,AZ-NM
87722,AZ-NM
87723,AZ-NM
87724,AZ-NM
87728,AZ-NM
87729,AZ-NM
87730,AZ-NM
87731,AZ-NM
87732,AZ-NM
87733,AZ-NM
87734,AZ-NM
87735,AZ-NM
87736,AZ-NM
87740,AZ-NM
87742,AZ-NM
87743,AZ-NM
87745,AZ-NM
87746,AZ-NM
87747,AZ-NM
87749,AZ-NM
87750,AZ-NM
87752,AZ-NM
87753,AZ-NM
87801,AZ-NM
87820,AZ-NM
87821,AZ-NM
87823,AZ-NM
87824,AZ-NM
87825,AZ-NM
87827,AZ-NM
87828,AZ-NM
87829,AZ-NM
87830,AZ-NM
87831,AZ-NM
87832,AZ-NM
87901,AZ-NM
87930,AZ-NM
87931,AZ-NM
87933,AZ-NM
87935,AZ-NM
87936,AZ-NM
87937,AZ-NM
87939,AZ-NM
87940,AZ-NM
87941,AZ-NM
87942,AZ-NM
87943,AZ-NM
88001,AZ-NM
88002,AZ-NM
88003,AZ-NM
88004,AZ-NM
88005,AZ-NM
88006,AZ-NM
88007,AZ-NM
88008,AZ-NM
88009,AZ-NM
88011,AZ-NM
88012,AZ-NM
88013,AZ-NM
88020,AZ-NM
88021,AZ-NM
88022,AZ-NM
88023,AZ-NM
88024,AZ-NM
88025,AZ-NM
88026,AZ-NM
88027,AZ-NM
88028,AZ-NM
88029,AZ-NM
88030,AZ-NM
88031,AZ-NM
88032,AZ-NM
88033,AZ-NM
88034,AZ-NM
88036,AZ-NM
88038,AZ-NM
88039,AZ-NM
88040,AZ-NM
88041,AZ-NM
88042,AZ-NM
88043,AZ-NM
88044,AZ-NM
88045,AZ-NM
88046,AZ-NM
88047,AZ-NM
88048,AZ-NM
88049,AZ-NM
88051,AZ-NM
88052,AZ-NM
88053,AZ-NM
88054,AZ-NM
88055,AZ-NM
88056,AZ-NM
88058,AZ-NM
88061,AZ-NM
88062,AZ-NM
88063,AZ-NM
88065,AZ-NM
88072,AZ-NM
88081,AZ-NM
88101,AZ-NM
88102,AZ-NM
88103,AZ-NM
88112,AZ-NM
88113,AZ-NM
88114,AZ-NM
88115,AZ-NM
88116,AZ-NM
88118,AZ-NM
88119,AZ-NM
88120,AZ-NM
88121,AZ-NM
88122,AZ-NM
88123,AZ-NM
88124,AZ-NM
88125,AZ-NM
88126,AZ-NM
88130,AZ-NM
88132,AZ-NM
88133,AZ-NM
88134,AZ-NM
88135,AZ-NM
88136,AZ-NM
88201,AZ-NM
88202,AZ-NM
88203,AZ-NM
88210,AZ-NM
88211,AZ-NM
88213,AZ-NM
88220,AZ-NM
88221,AZ-NM
88230,AZ-NM
88231,AZ-NM
88232,AZ-NM
88240,AZ-NM
88241,AZ-NM
88242,AZ-NM
88244,AZ-NM
88250,AZ-NM
88252,AZ-NM
88253,AZ-NM
88254,AZ-NM
88255,AZ-NM
88256,AZ-NM
88260,AZ-NM
88262,AZ-NM
88263,AZ-NM
88264,AZ-NM
88265,AZ-NM
88267,AZ-NM
88268,AZ-NM
88301,AZ-NM
88310,AZ-NM
88311,AZ-NM
88312,AZ-NM
88314,AZ-NM
88316,AZ-NM
88317,AZ-NM
88318,AZ-NM
88321,AZ-NM
88323,AZ-NM
88324,AZ-NM
88325,AZ-NM
88330,AZ-NM
88336,AZ-NM
88337,AZ-NM
88338,AZ-NM
88339,AZ-NM
88340,AZ-NM
88341,AZ-NM
88342,AZ-NM
88343,AZ-NM
88344,AZ-NM
88345,AZ-NM
88346,AZ-NM
88347,AZ-NM
88348,AZ-NM
88349,AZ-NM
88350,AZ-NM
88351,AZ-NM
88352,AZ-NM
88353,AZ-NM
88354,AZ-NM
88355,AZ-NM
88401,AZ-NM
88410,AZ-NM
88411,AZ-NM
88414,AZ-NM
88415,AZ-NM
88416,AZ-NM
88417,AZ-NM
88418,AZ-NM
88419,AZ-NM
88421,AZ-NM
88422,AZ-NM
88424,AZ-NM
88426,AZ-NM
88427,AZ-NM
88430,AZ-NM
88431,AZ-NM
88433,AZ-NM
88434,AZ-NM
88435,AZ-NM
88436,AZ-NM
88439,AZ-NM
88510,TEXAS
88511,TEXAS
88512,TEXAS
88513,TEXAS
88514,TEXAS
88515,TEXAS
88517,TEXAS
88518,TEXAS
88519,TEXAS
88520,TEXAS
88521,TEXAS
88523,TEXAS
88524,TEXAS
88525,TEXAS
88526,TEXAS
88527,TEXAS
88528,TEXAS
88529,TEXAS
88530,TEXAS
88531,TEXAS
88532,TEXAS
88533,TEXAS
88534,TEXAS
88535,TEXAS
88536,TEXAS
88538,TEXAS
88539,TEXAS
88540,TEXAS
88541,TEXAS
88542,TEXAS
88543,TEXAS
88544,TEXAS
88545,TEXAS
88546,TEXAS
88547,TEXAS
88548,TEXAS
88549,TEXAS
88550,TEXAS
88553,TEXAS
88554,TEXAS
88555,TEXAS
88556,TEXAS
88557,TEXAS
88558,TEXAS
88559,TEXAS
88560,TEXAS
88561,TEXAS
88562,TEXAS
88563,TEXAS
88565,TEXAS
88566,TEXAS
88567,TEXAS
88568,TEXAS
88569,TEXAS
88570,TEXAS
88571,TEXAS
88572,TEXAS
88573,TEXAS
88574,TEXAS
88575,TEXAS
88576,TEXAS
88577,TEXAS
88578,TEXAS
88579,TEXAS
88580,TEXAS
88581,TEXAS
88582,TEXAS
88583,TEXAS
88584,TEXAS
88585,TEXAS
88586,TEXAS
88587,TEXAS
88588,TEXAS
88589,TEXAS
88590,TEXAS
88595,TEXAS
88888,HEADQUARTERS
89001,NV-UT
89002,NV-UT
89003,NV-UT
89004,NV-UT
89005,NV-UT
89006,NV-UT
89007,NV-UT
89008,NV-UT
89009,NV-UT
89010,NV-UT
89011,NV-UT
89012,NV-UT
89013,NV-UT
89014,NV-UT
89015,NV-UT
89016,NV-UT
89017,NV-UT
89018,NV-UT
89019,NV-UT
89020,NV-UT
89021,NV-UT
89022,NV-UT
89023,NV-UT
89024,NV-UT
89025,NV-UT
89027,NV-UT
89028,NV-UT
89029,NV-UT
89030,NV-UT
89031,NV-UT
89032,NV-UT
89033,NV-UT
89034,NV-UT
89036,NV-UT
89037,NV-UT
89039,NV-UT
89040,NV-UT
89041,NV-UT
89042,NV-UT
89043,NV-UT
89044,NV-UT
89045,NV-UT
89046,NV-UT
89047,NV-UT
89048,NV-UT
89049,NV-UT
89052,NV-UT
89053,NV-UT
89054,NV-UT
89060,NV-UT
89061,NV-UT
89070,NV-UT
89074,NV-UT
89077,NV-UT
89081,NV-UT
89084,NV-UT
89085,NV-UT
89086,NV-UT
89087,NV-UT
89101,NV-UT
89102,NV-UT
89103,NV-UT
89104,NV-UT
89105,NV-UT
89106,NV-UT
89107,NV-UT
89108,NV-UT
89109,NV-UT
89110,NV-UT
89111,NV-UT
89112,NV-UT
89113,NV-UT
89114,NV-UT
89115,NV-UT
89116,NV-UT
89117,NV-UT
89118,NV-UT
89119,NV-UT
89120,NV-UT
89121,NV-UT
89122,NV-UT
89123,NV-UT
89124,NV-UT
89125,NV-UT
89126,NV-UT
89127,NV-UT
89128,NV-UT
89129,NV-UT
89130,NV-UT
89131,NV-UT
89132,NV-UT
89133,NV-UT
89134,NV-UT
89135,NV-UT
89136,NV-UT
89137,NV-UT
89138,NV-UT
89139,NV-UT
89140,NV-UT
89141,NV-UT
89142,NV-UT
89143,NV-UT
89144,NV-UT
89145,NV-UT
89146,NV-UT
89147,NV-UT
89148,NV-UT
89149,NV-UT
89150,NV-UT
89151,NV-UT
89152,NV-UT
89153,NV-UT
89154,NV-UT
89155,NV-UT
89156,NV-UT
89157,NV-UT
89158,NV-UT
89160,NV-UT
89161,NV-UT
89162,NV-UT
89163,NV-UT
89165,NV-UT
89166,NV-UT
89169,NV-UT
89170,NV-UT
89173,NV-UT
89177,NV-UT
89178,NV-UT
89179,NV-UT
89180,NV-UT
89183,NV-UT
89191,NV-UT
89193,NV-UT
89195,NV-UT
89199,NV-UT
89301,NV-UT
89310,NV-UT
89311,NV-UT
89314,NV-UT
89315,NV-UT
89316,NV-UT
89317,NV-UT
89318,NV-UT
89319,NV-UT
89402,NV-UT
89403,NV-UT
89404,NV-UT
89406,NV-UT
89407,NV-UT
89408,NV-UT
89409,NV-UT
89410,NV-UT
89411,NV-UT
89412,NV-UT
89413,NV-UT
89414,NV-UT
89415,NV-UT
89418,NV-UT
89419,NV-UT
89420,NV-UT
89421,NV-UT
89422,NV-UT
89423,NV-UT
89424,NV-UT
89425,NV-UT
89426,NV-UT
89427,NV-UT
89428,NV-UT
89429,NV-UT
89430,NV-UT
89431,NV-UT
89432,NV-UT
89433,NV-UT
89434,NV-UT
89435,NV-UT
89436,NV-UT
89437,NV-UT
89438,NV-UT
89439,NV-UT
89440,NV-UT
89441,NV-UT
89442,NV-UT
89444,NV-UT
89445,NV-UT
89446,NV-UT
89447,NV-UT
89448,NV-UT
89449,NV-UT
89450,NV-UT
89451,NV-UT
89460,NV-UT
89496,NV-UT
89501,NV-UT
89502,NV-UT
89503,NV-UT
89504,NV-UT
89505,NV-UT
89506,NV-UT
89507,NV-UT
89508,NV-UT
89509,NV-UT
89510,NV-UT
89511,NV-UT
89512,NV-UT
89513,NV-UT
89515,NV-UT
89519,NV-UT
89520,NV-UT
89521,NV-UT
89523,NV-UT
89533,NV-UT
89557,NV-UT
89570,NV-UT
89595,NV-UT
89599,NV-UT
89701,NV-UT
89702,NV-UT
89703,NV-UT
89704,NV-UT
89705,NV-UT
89706,NV-UT
89711,NV-UT
89712,NV-UT
89713,NV-UT
89714,NV-UT
89721,NV-UT
89801,NV-UT
89803,NV-UT
89815,NV-UT
89820,NV-UT
89821,NV-UT
89822,NV-UT
89823,NV-UT
89825,NV-UT
89826,NV-UT
89828,NV-UT
89830,NV-UT
89831,NV-UT
89832,NV-UT
89833,NV-UT
89834,NV-UT
89835,NV-UT
89883,NV-UT
90001,CALIFORNIA
90002,CALIFORNIA
90003,CALIFORNIA
90004,CALIFORNIA
90005,CALIFORNIA
90006,CALIFORNIA
90007,CALIFORNIA
90008,CALIFORNIA
90009,CALIFORNIA
90010,CALIFORNIA
90011,CALIFORNIA
90012,CALIFORNIA
90013,CALIFORNIA
90014,CALIFORNIA
90015,CALIFORNIA
90016,CALIFORNIA
90017,CALIFORNIA
90018,CALIFORNIA
90019,CALIFORNIA
90020,CALIFORNIA
90021,CALIFORNIA
90022,CALIFORNIA
90023,CALIFORNIA
90024,CALIFORNIA
90025,CALIFORNIA
90026,CALIFORNIA
90027,CALIFORNIA
90028,CALIFORNIA
90029,CALIFORNIA
90030,CALIFORNIA
90031,CALIFORNIA
90032,CALIFORNIA
90033,CALIFORNIA
90034,CALIFORNIA
90035,CALIFORNIA
90036,CALIFORNIA
90037,CALIFORNIA
90038,CALIFORNIA
90039,CALIFORNIA
90040,CALIFORNIA
90041,CALIFORNIA
90042,CALIFORNIA
90043,CALIFORNIA
90044,CALIFORNIA
90045,CALIFORNIA
90046,CALIFORNIA
90047,CALIFORNIA
90048,CALIFORNIA
90049,CALIFORNIA
90050,CALIFORNIA
90051,CALIFORNIA
90052,CALIFORNIA
90053,CALIFORNIA
90054,CALIFORNIA
90055,CALIFORNIA
90056,CALIFORNIA
90057,CALIFORNIA
90058,CALIFORNIA
90059,CALIFORNIA
90060,CALIFORNIA
90061,CALIFORNIA
90062,CALIFORNIA
90063,CALIFORNIA
90064,CALIFORNIA
90065,CALIFORNIA
90066,CALIFORNIA
90067,CALIFORNIA
90068,CALIFORNIA
90069,CALIFORNIA
90070,CALIFORNIA
90071,CALIFORNIA
90072,CALIFORNIA
90073,CALIFORNIA
90074,CALIFORNIA
90075,CALIFORNIA
90076,CALIFORNIA
90077,CALIFORNIA
90078,CALIFORNIA
90079,CALIFORNIA
90080,CALIFORNIA
90081,CALIFORNIA
90082,CALIFORNIA
90083,CALIFORNIA
90084,CALIFORNIA
90086,CALIFORNIA
90087,CALIFORNIA
90088,CALIFORNIA
90089,CALIFORNIA
90091,CALIFORNIA
90093,CALIFORNIA
90094,CALIFORNIA
90095,CALIFORNIA
90096,CALIFORNIA
90099,CALIFORNIA
90134,CALIFORNIA
90140,CALIFORNIA
90189,CALIFORNIA
90201,CALIFORNIA
90202,CALIFORNIA
90205,CALIFORNIA
90209,CALIFORNIA
90210,CALIFORNIA
90211,CALIFORNIA
90212,CALIFORNIA
90213,CALIFORNIA
90220,CALIFORNIA
90221,CALIFORNIA
90222,CALIFORNIA
90223,CALIFORNIA
90224,CALIFORNIA
90230,CALIFORNIA
90231,CALIFORNIA
90232,CALIFORNIA
90239,CALIFORNIA
90240,CALIFORNIA
90241,CALIFORNIA
90242,CALIFORNIA
90245,CALIFORNIA
90247,CALIFORNIA
90248,CALIFORNIA
90249,CALIFORNIA
90250,CALIFORNIA
90251,CALIFORNIA
90254,CALIFORNIA
90255,CALIFORNIA
90260,CALIFORNIA
90262,CALIFORNIA
90263,CALIFORNIA
90264,CALIFORNIA
90265,CALIFORNIA
90266,CALIFORNIA
90267,CALIFORNIA
90270,CALIFORNIA
90272,CALIFORNIA
90274,CALIFORNIA
90275,CALIFORNIA
90277,CALIFORNIA
90278,CALIFORNIA
90280,CALIFORNIA
90290,CALIFORNIA
90291,CALIFORNIA
90292,CALIFORNIA
90293,CALIFORNIA
90294,CALIFORNIA
90295,CALIFORNIA
90296,CALIFORNIA
90301,CALIFORNIA
90302,CALIFORNIA
90303,CALIFORNIA
90304,CALIFORNIA
90305,CALIFORNIA
90306,CALIFORNIA
90307,CALIFORNIA
90308,CALIFORNIA
90309,CALIFORNIA
90310,CALIFORNIA
90311,CALIFORNIA
90312,CALIFORNIA
90401,CALIFORNIA
90402,CALIFORNIA
90403,CALIFORNIA
90404,CALIFORNIA
90405,CALIFORNIA
90406,CALIFORNIA
90407,CALIFORNIA
90408,CALIFORNIA
90409,CALIFORNIA
90410,CALIFORNIA
90411,CALIFORNIA
90501,CALIFORNIA
90502,CALIFORNIA
90503,CALIFORNIA
90504,CALIFORNIA
90505,CALIFORNIA
90506,CALIFORNIA
90507,CALIFORNIA
90508,CALIFORNIA
90509,CALIFORNIA
90510,CALIFORNIA
90601,CALIFORNIA
90602,CALIFORNIA
90603,CALIFORNIA
90604,CALIFORNIA
90605,CALIFORNIA
90606,CALIFORNIA
90607,CALIFORNIA
90608,CALIFORNIA
90609,CALIFORNIA
90610,CALIFORNIA
90620,CALIFORNIA
90621,CALIFORNIA
90622,CALIFORNIA
90623,CALIFORNIA
90624,CALIFORNIA
90630,CALIFORNIA
90631,CALIFORNIA
90632,CALIFORNIA
90633,CALIFORNIA
90637,CALIFORNIA
90638,CALIFORNIA
90639,CALIFORNIA
90640,CALIFORNIA
90650,CALIFORNIA
90651,CALIFORNIA
90652,CALIFORNIA
90660,CALIFORNIA
90661,CALIFORNIA
90662,CALIFORNIA
90670,CALIFORNIA
90671,CALIFORNIA
90680,CALIFORNIA
90701,CALIFORNIA
90702,CALIFORNIA
90703,CALIFORNIA
90704,CALIFORNIA
90706,CALIFORNIA
90707,CALIFORNIA
90710,CALIFORNIA
90711,CALIFORNIA
90712,CALIFORNIA
90713,CALIFORNIA
90714,CALIFORNIA
90715,CALIFORNIA
90716,CALIFORNIA
90717,CALIFORNIA
90720,CALIFORNIA
90721,CALIFORNIA
90723,CALIFORNIA
90731,CALIFORNIA
90732,CALIFORNIA
90733,CALIFORNIA
90734,CALIFORNIA
90740,CALIFORNIA
90742,CALIFORNIA
90743,CALIFORNIA
90744,CALIFORNIA
90745,CALIFORNIA
90746,CALIFORNIA
90747,CALIFORNIA
90748,CALIFORNIA
90749,CALIFORNIA
90755,CALIFORNIA
90801,CALIFORNIA
90802,CALIFORNIA
90803,CALIFORNIA
90804,CALIFORNIA
90805,CALIFORNIA
90806,CALIFORNIA
90807,CALIFORNIA
90808,CALIFORNIA
90809,CALIFORNIA
90810,CALIFORNIA
90813,CALIFORNIA
90814,CALIFORNIA
90815,CALIFORNIA
90822,CALIFORNIA
90831,CALIFORNIA
90832,CALIFORNIA
90833,CALIFORNIA
90840,CALIFORNIA
90842,CALIFORNIA
90844,CALIFORNIA
90846,CALIFORNIA
90847,CALIFORNIA
90848,CALIFORNIA
90853,CALIFORNIA
90895,CALIFORNIA
91001,CALIFORNIA
91003,CALIFORNIA
91006,CALIFORNIA
91007,CALIFORNIA
91008,CALIFORNIA
91009,CALIFORNIA
91010,CALIFORNIA
91011,CALIFORNIA
91012,CALIFORNIA
91016,CALIFORNIA
91017,CALIFORNIA
91020,CALIFORNIA
91021,CALIFORNIA
91023,CALIFORNIA
91024,CALIFORNIA
91025,CALIFORNIA
91030,CALIFORNIA
91031,CALIFORNIA
91040,CALIFORNIA
91041,CALIFORNIA
91042,CALIFORNIA
91043,CALIFORNIA
91046,CALIFORNIA
91066,CALIFORNIA
91077,CALIFORNIA
91101,CALIFORNIA
91102,CALIFORNIA
91103,CALIFORNIA
91104,CALIFORNIA
91105,CALIFORNIA
91106,CALIFORNIA
91107,CALIFORNIA
91108,CALIFORNIA
91109,CALIFORNIA
91110,CALIFORNIA
91114,CALIFORNIA
91115,CALIFORNIA
91116,CALIFORNIA
91117,CALIFORNIA
91118,CALIFORNIA
91121,CALIFORNIA
91123,CALIFORNIA
91124,CALIFORNIA
91125,CALIFORNIA
91126,CALIFORNIA
91129,CALIFORNIA
91182,CALIFORNIA
91184,CALIFORNIA
91185,CALIFORNIA
91188,CALIFORNIA
91189,CALIFORNIA
91199,CALIFORNIA
91201,CALIFORNIA
91202,CALIFORNIA
91203,CALIFORNIA
91204,CALIFORNIA
91205,CALIFORNIA
91206,CALIFORNIA
91207,CALIFORNIA
91208,CALIFORNIA
91209,CALIFORNIA
91210,CALIFORNIA
91214,CALIFORNIA
91221,CALIFORNIA
91222,CALIFORNIA
91224,CALIFORNIA
91225,CALIFORNIA
91226,CALIFORNIA
91301,CALIFORNIA
91302,CALIFORNIA
91303,CALIFORNIA
91304,CALIFORNIA
91305,CALIFORNIA
91306,CALIFORNIA
91307,CALIFORNIA
91308,CALIFORNIA
91309,CALIFORNIA
91310,CALIFORNIA
91311,CALIFORNIA
91313,CALIFORNIA
91316,CALIFORNIA
91319,CALIFORNIA
91320,CALIFORNIA
91321,CALIFORNIA
91322,CALIFORNIA
91324,CALIFORNIA
91325,CALIFORNIA
91326,CALIFORNIA
91327,CALIFORNIA
91328,CALIFORNIA
91330,CALIFORNIA
91331,CALIFORNIA
91333,CALIFORNIA
91334,CALIFORNIA
91335,CALIFORNIA
91337,CALIFORNIA
91340,CALIFORNIA
91341,CALIFORNIA
91342,CALIFORNIA
91343,CALIFORNIA
91344,CALIFORNIA
91345,CALIFORNIA
91346,CALIFORNIA
91350,CALIFORNIA
91351,CALIFORNIA
91352,CALIFORNIA
91353,CALIFORNIA
91354,CALIFORNIA
91355,CALIFORNIA
91356,CALIFORNIA
91357,CALIFORNIA
91358,CALIFORNIA
91359,CALIFORNIA
91360,CALIFORNIA
91361,CALIFORNIA
91362,CALIFORNIA
91364,CALIFORNIA
91365,CALIFORNIA
91367,CALIFORNIA
91371,CALIFORNIA
91372,CALIFORNIA
91376,CALIFORNIA
91377,CALIFORNIA
91380,CALIFORNIA
91381,CALIFORNIA
91382,CALIFORNIA
91383,CALIFORNIA
91384,CALIFORNIA
91385,CALIFORNIA
91386,CALIFORNIA
91387,CALIFORNIA
91390,CALIFORNIA
91392,CALIFORNIA
91393,CALIFORNIA
91394,CALIFORNIA
91395,CALIFORNIA
91396,CALIFORNIA
91401,CALIFORNIA
91402,CALIFORNIA
91403,CALIFORNIA
91404,CALIFORNIA
91405,CALIFORNIA
91406,CALIFORNIA
91407,CALIFORNIA
91408,CALIFORNIA
91409,CALIFORNIA
91410,CALIFORNIA
91411,CALIFORNIA
91412,CALIFORNIA
91413,CALIFORNIA
91416,CALIFORNIA
91423,CALIFORNIA
91426,CALIFORNIA
91436,CALIFORNIA
91470,CALIFORNIA
91482,CALIFORNIA
91499,CALIFORNIA
91501,CALIFORNIA
91502,CALIFORNIA
91503,CALIFORNIA
91504,CALIFORNIA
91505,CALIFORNIA
91506,CALIFORNIA
91507,CALIFORNIA
91508,CALIFORNIA
91510,CALIFORNIA
91521,CALIFORNIA
91522,CALIFORNIA
91523,CALIFORNIA
91601,CALIFORNIA
91602,CALIFORNIA
91603,CALIFORNIA
91604,CALIFORNIA
91605,CALIFORNIA
91606,CALIFORNIA
91607,CALIFORNIA
91608,CALIFORNIA
91609,CALIFORNIA
91610,CALIFORNIA
91614,CALIFORNIA
91615,CALIFORNIA
91616,CALIFORNIA
91617,CALIFORNIA
91618,CALIFORNIA
91701,CALIFORNIA
91702,CALIFORNIA
91706,CALIFORNIA
91708,CALIFORNIA
91709,CALIFORNIA
91710,CALIFORNIA
91711,CALIFORNIA
91714,CALIFORNIA
91715,CALIFORNIA
91716,CALIFORNIA
91722,CALIFORNIA
91723,CALIFORNIA
91724,CALIFORNIA
91729,CALIFORNIA
91730,CALIFORNIA
91731,CALIFORNIA
91732,CALIFORNIA
91733,CALIFORNIA
91734,CALIFORNIA
91735,CALIFORNIA
91737,CALIFORNIA
91739,CALIFORNIA
91740,CALIFORNIA
91741,CALIFORNIA
91743,CALIFORNIA
91744,CALIFORNIA
91745,CALIFORNIA
91746,CALIFORNIA
91747,CALIFORNIA
91748,CALIFORNIA
91749,CALIFORNIA
91750,CALIFORNIA
91752,CALIFORNIA
91754,CALIFORNIA
91755,CALIFORNIA
91756,CALIFORNIA
91758,CALIFORNIA
91759,CALIFORNIA
91761,CALIFORNIA
91762,CALIFORNIA
91763,CALIFORNIA
91764,CALIFORNIA
91765,CALIFORNIA
91766,CALIFORNIA
91767,CALIFORNIA
91768,CALIFORNIA
91769,CALIFORNIA
91770,CALIFORNIA
91771,CALIFORNIA
91772,CALIFORNIA
91773,CALIFORNIA
91775,CALIFORNIA
91776,CALIFORNIA
91778,CALIFORNIA
91780,CALIFORNIA
91784,CALIFORNIA
91785,CALIFORNIA
91786,CALIFORNIA
91788,CALIFORNIA
91789,CALIFORNIA
91790,CALIFORNIA
91791,CALIFORNIA
91792,CALIFORNIA
91793,CALIFORNIA
91801,CALIFORNIA
91802,CALIFORNIA
91803,CALIFORNIA
91804,CALIFORNIA
91896,CALIFORNIA
91899,CALIFORNIA
91901,CALIFORNIA
91902,CALIFORNIA
91903,CALIFORNIA
91905,CALIFORNIA
91906,CALIFORNIA
91908,CALIFORNIA
91909,CALIFORNIA
91910,CALIFORNIA
91911,CALIFORNIA
91912,CALIFORNIA
91913,CALIFORNIA
91914,CALIFORNIA
91915,CALIFORNIA
91916,CALIFORNIA
91917,CALIFORNIA
91921,CALIFORNIA
91931,CALIFORNIA
91932,CALIFORNIA
91933,CALIFORNIA
91934,CALIFORNIA
91935,CALIFORNIA
91941,CALIFORNIA
91942,CALIFORNIA
91943,CALIFORNIA
91944,CALIFORNIA
91945,CALIFORNIA
91946,CALIFORNIA
91948,CALIFORNIA
91950,CALIFORNIA
91951,CALIFORNIA
91962,CALIFORNIA
91963,CALIFORNIA
91976,CALIFORNIA
91977,CALIFORNIA
91978,CALIFORNIA
91979,CALIFORNIA
91980,CALIFORNIA
91987,CALIFORNIA
92003,CALIFORNIA
92004,CALIFORNIA
92007,CALIFORNIA
92008,CALIFORNIA
92009,CALIFORNIA
92010,CALIFORNIA
92011,CALIFORNIA
92013,CALIFORNIA
92014,CALIFORNIA
92018,CALIFORNIA
92019,CALIFORNIA
92020,CALIFORNIA
92021,CALIFORNIA
92022,CALIFORNIA
92023,CALIFORNIA
92024,CALIFORNIA
92025,CALIFORNIA
92026,CALIFORNIA
92027,CALIFORNIA
92028,CALIFORNIA
92029,CALIFORNIA
92030,CALIFORNIA
92033,CALIFORNIA
92036,CALIFORNIA
92037,CALIFORNIA
92038,CALIFORNIA
92039,CALIFORNIA
92040,CALIFORNIA
92046,CALIFORNIA
92049,CALIFORNIA
92051,CALIFORNIA
92052,CALIFORNIA
92054,CALIFORNIA
92055,CALIFORNIA
92056,CALIFORNIA
92057,CALIFORNIA
92058,CALIFORNIA
92059,CALIFORNIA
92060,CALIFORNIA
92061,CALIFORNIA
92064,CALIFORNIA
92065,CALIFORNIA
92066,CALIFORNIA
92067,CALIFORNIA
92068,CALIFORNIA
92069,CALIFORNIA
92070,CALIFORNIA
92071,CALIFORNIA
92072,CALIFORNIA
92074,CALIFORNIA
92075,CALIFORNIA
92078,CALIFORNIA
92079,CALIFORNIA
92081,CALIFORNIA
92082,CALIFORNIA
92083,CALIFORNIA
92084,CALIFORNIA
92085,CALIFORNIA
92086,CALIFORNIA
92088,CALIFORNIA
92091,CALIFORNIA
92092,CALIFORNIA
92093,CALIFORNIA
92096,CALIFORNIA
92101,CALIFORNIA
92102,CALIFORNIA
92103,CALIFORNIA
92104,CALIFORNIA
92105,CALIFORNIA
92106,CALIFORNIA
92107,CALIFORNIA
92108,CALIFORNIA
92109,CALIFORNIA
92110,CALIFORNIA
92111,CALIFORNIA
92112,CALIFORNIA
92113,CALIFORNIA
92114,CALIFORNIA
92115,CALIFORNIA
92116,CALIFORNIA
92117,CALIFORNIA
92118,CALIFORNIA
92119,CALIFORNIA
92120,CALIFORNIA
92121,CALIFORNIA
92122,CALIFORNIA
92123,CALIFORNIA
92124,CALIFORNIA
92126,CALIFORNIA
92127,CALIFORNIA
92128,CALIFORNIA
92129,CALIFORNIA
92130,CALIFORNIA
92131,CALIFORNIA
92132,CALIFORNIA
92134,CALIFORNIA
92135,CALIFORNIA
92136,CALIFORNIA
92137,CALIFORNIA
92138,CALIFORNIA
92139,CALIFORNIA
92140,CALIFORNIA
92142,CALIFORNIA
92143,CALIFORNIA
92145,CALIFORNIA
92147,CALIFORNIA
92149,CALIFORNIA
92150,CALIFORNIA
92152,CALIFORNIA
92153,CALIFORNIA
92154,CALIFORNIA
92155,CALIFORNIA
92158,CALIFORNIA
92159,CALIFORNIA
92160,CALIFORNIA
92161,CALIFORNIA
92163,CALIFORNIA
92165,CALIFORNIA
92166,CALIFORNIA
92167,CALIFORNIA
92168,CALIFORNIA
92169,CALIFORNIA
92170,CALIFORNIA
92171,CALIFORNIA
92172,CALIFORNIA
92173,CALIFORNIA
92174,CALIFORNIA
92175,CALIFORNIA
92176,CALIFORNIA
92177,CALIFORNIA
92178,CALIFORNIA
92179,CALIFORNIA
92182,CALIFORNIA
92186,CALIFORNIA
92187,CALIFORNIA
92191,CALIFORNIA
92192,CALIFORNIA
92193,CALIFORNIA
92195,CALIFORNIA
92196,CALIFORNIA
92197,CALIFORNIA
92198,CALIFORNIA
92199,CALIFORNIA
92201,CALIFORNIA
92202,CALIFORNIA
92203,CALIFORNIA
92210,CALIFORNIA
92211,CALIFORNIA
92220,CALIFORNIA
92222,CALIFORNIA
92223,CALIFORNIA
92225,CALIFORNIA
92226,CALIFORNIA
92227,CALIFORNIA
92230,CALIFORNIA
92231,CALIFORNIA
92232,CALIFORNIA
92233,CALIFORNIA
92234,CALIFORNIA
92235,CALIFORNIA
92236,CALIFORNIA
92239,CALIFORNIA
92240,CALIFORNIA
92241,CALIFORNIA
92242,CALIFORNIA
92243,CALIFORNIA
92244,CALIFORNIA
92247,CALIFORNIA
92248,CALIFORNIA
92249,CALIFORNIA
92250,CALIFORNIA
92251,CALIFORNIA
92252,CALIFORNIA
92253,CALIFORNIA
92254,CALIFORNIA
92255,CALIFORNIA
92256,CALIFORNIA
92257,CALIFORNIA
92258,CALIFORNIA
92259,CALIFORNIA
92260,CALIFORNIA
92261,CALIFORNIA
92262,CALIFORNIA
92263,CALIFORNIA
92264,CALIFORNIA
92266,CALIFORNIA
92267,CALIFORNIA
92268,CALIFORNIA
92270,CALIFORNIA
92273,CALIFORNIA
92274,CALIFORNIA
92275,CALIFORNIA
92276,CALIFORNIA
92277,CALIFORNIA
92278,CALIFORNIA
92280,CALIFORNIA
92281,CALIFORNIA
92282,CALIFORNIA
92283,CALIFORNIA
92284,CALIFORNIA
92285,CALIFORNIA
92286,CALIFORNIA
92301,CALIFORNIA
92304,CALIFORNIA
92305,CALIFORNIA
92307,CALIFORNIA
92308,CALIFORNIA
92309,CALIFORNIA
92310,CALIFORNIA
92311,CALIFORNIA
92312,CALIFORNIA
92313,CALIFORNIA
92314,CALIFORNIA
92315,CALIFORNIA
92316,CALIFORNIA
92317,CALIFORNIA
92318,CALIFORNIA
92320,CALIFORNIA
92321,CALIFORNIA
92322,CALIFORNIA
92323,CALIFORNIA
92324,CALIFORNIA
92325,CALIFORNIA
92327,CALIFORNIA
92328,CALIFORNIA
92329,CALIFORNIA
92331,CALIFORNIA
92332,CALIFORNIA
92333,CALIFORNIA
92334,CALIFORNIA
92335,CALIFORNIA
92336,CALIFORNIA
92337,CALIFORNIA
92338,CALIFORNIA
92339,CALIFORNIA
92340,CALIFORNIA
92341,CALIFORNIA
92342,CALIFORNIA
92344,CALIFORNIA
92345,CALIFORNIA
92346,CALIFORNIA
92347,CALIFORNIA
92350,CALIFORNIA
92352,CALIFORNIA
92354,CALIFORNIA
92356,CALIFORNIA
92357,CALIFORNIA
92358,CALIFORNIA
92359,CALIFORNIA
92363,CALIFORNIA
92364,CALIFORNIA
92365,CALIFORNIA
92366,CALIFORNIA
92368,CALIFORNIA
92369,CALIFORNIA
92371,CALIFORNIA
92372,CALIFORNIA
92373,CALIFORNIA
92374,CALIFORNIA
92375,CALIFORNIA
92376,CALIFORNIA
92377,CALIFORNIA
92378,CALIFORNIA
92382,CALIFORNIA
92384,CALIFORNIA
92385,CALIFORNIA
92386,CALIFORNIA
92389,CALIFORNIA
92391,CALIFORNIA
92392,CALIFORNIA
92393,CALIFORNIA
92394,CALIFORNIA
92395,CALIFORNIA
92397,CALIFORNIA
92398,CALIFORNIA
92399,CALIFORNIA
92401,CALIFORNIA
92402,CALIFORNIA
92403,CALIFORNIA
92404,CALIFORNIA
92405,CALIFORNIA
92406,CALIFORNIA
92407,CALIFORNIA
92408,CALIFORNIA
92410,CALIFORNIA
92411,CALIFORNIA
92413,CALIFORNIA
92415,CALIFORNIA
92418,CALIFORNIA
92423,CALIFORNIA
92427,CALIFORNIA
92501,CALIFORNIA
92502,CALIFORNIA
92503,CALIFORNIA
92504,CALIFORNIA
92505,CALIFORNIA
92506,CALIFORNIA
92507,CALIFORNIA
92508,CALIFORNIA
92509,CALIFORNIA
92513,CALIFORNIA
92514,CALIFORNIA
92516,CALIFORNIA
92517,CALIFORNIA
92518,CALIFORNIA
92519,CALIFORNIA
92521,CALIFORNIA
92522,CALIFORNIA
92530,CALIFORNIA
92531,CALIFORNIA
92532,CALIFORNIA
92536,CALIFORNIA
92539,CALIFORNIA
92543,CALIFORNIA
92544,CALIFORNIA
92545,CALIFORNIA
92546,CALIFORNIA
92548,CALIFORNIA
92549,CALIFORNIA
92551,CALIFORNIA
92552,CALIFORNIA
92553,CALIFORNIA
92554,CALIFORNIA
92555,CALIFORNIA
92556,CALIFORNIA
92557,CALIFORNIA
92561,CALIFORNIA
92562,CALIFORNIA
92563,CALIFORNIA
92564,CALIFORNIA
92567,CALIFORNIA
92570,CALIFORNIA
92571,CALIFORNIA
92572,CALIFORNIA
92581,CALIFORNIA
92582,CALIFORNIA
92583,CALIFORNIA
92584,CALIFORNIA
92585,CALIFORNIA
92586,CALIFORNIA
92587,CALIFORNIA
92589,CALIFORNIA
92590,CALIFORNIA
92591,CALIFORNIA
92592,CALIFORNIA
92593,CALIFORNIA
92595,CALIFORNIA
92596,CALIFORNIA
92599,CALIFORNIA
92602,CALIFORNIA
92603,CALIFORNIA
92604,CALIFORNIA
92605,CALIFORNIA
92606,CALIFORNIA
92607,CALIFORNIA
92609,CALIFORNIA
92610,CALIFORNIA
92612,CALIFORNIA
92614,CALIFORNIA
92615,CALIFORNIA
92616,CALIFORNIA
92617,CALIFORNIA
92618,CALIFORNIA
92619,CALIFORNIA
92620,CALIFORNIA
92623,CALIFORNIA
92624,CALIFORNIA
92625,CALIFORNIA
92626,CALIFORNIA
92627,CALIFORNIA
92628,CALIFORNIA
92629,CALIFORNIA
92630,CALIFORNIA
92637,CALIFORNIA
92646,CALIFORNIA
92647,CALIFORNIA
92648,CALIFORNIA
92649,CALIFORNIA
92650,CALIFORNIA
92651,CALIFORNIA
92652,CALIFORNIA
92653,CALIFORNIA
92654,CALIFORNIA
92655,CALIFORNIA
92656,CALIFORNIA
92657,CALIFORNIA
92658,CALIFORNIA
92659,CALIFORNIA
92660,CALIFORNIA
92661,CALIFORNIA
92662,CALIFORNIA
92663,CALIFORNIA
92672,CALIFORNIA
92673,CALIFORNIA
92674,CALIFORNIA
92675,CALIFORNIA
92676,CALIFORNIA
92677,CALIFORNIA
92678,CALIFORNIA
92679,CALIFORNIA
92683,CALIFORNIA
92684,CALIFORNIA
92685,CALIFORNIA
92688,CALIFORNIA
92690,CALIFORNIA
92691,CALIFORNIA
92692,CALIFORNIA
92693,CALIFORNIA
92694,CALIFORNIA
92697,CALIFORNIA
92698,CALIFORNIA
92701,CALIFORNIA
92702,CALIFORNIA
92703,CALIFORNIA
92704,CALIFORNIA
92705,CALIFORNIA
92706,CALIFORNIA
92707,CALIFORNIA
92708,CALIFORNIA
92711,CALIFORNIA
92728,CALIFORNIA
92735,CALIFORNIA
92780,CALIFORNIA
92781,CALIFORNIA
92782,CALIFORNIA
92799,CALIFORNIA
92801,CALIFORNIA
92802,CALIFORNIA
92803,CALIFORNIA
92804,CALIFORNIA
92805,CALIFORNIA
92806,CALIFORNIA
92807,CALIFORNIA
92808,CALIFORNIA
92809,CALIFORNIA
92811,CALIFORNIA
92812,CALIFORNIA
92814,CALIFORNIA
92815,CALIFORNIA
92816,CALIFORNIA
92817,CALIFORNIA
92821,CALIFORNIA
92822,CALIFORNIA
92823,CALIFORNIA
92831,CALIFORNIA
92832,CALIFORNIA
92833,CALIFORNIA
92834,CALIFORNIA
92835,CALIFORNIA
92836,CALIFORNIA
92837,CALIFORNIA
92838,CALIFORNIA
92840,CALIFORNIA
92841,CALIFORNIA
92842,CALIFORNIA
92843,CALIFORNIA
92844,CALIFORNIA
92845,CALIFORNIA
92846,CALIFORNIA
92856,CALIFORNIA
92857,CALIFORNIA
92859,CALIFORNIA
92860,CALIFORNIA
92861,CALIFORNIA
92862,CALIFORNIA
92863,CALIFORNIA
92864,CALIFORNIA
92865,CALIFORNIA
92866,CALIFORNIA
92867,CALIFORNIA
92868,CALIFORNIA
92869,CALIFORNIA
92870,CALIFORNIA
92871,CALIFORNIA
92877,CALIFORNIA
92878,CALIFORNIA
92879,CALIFORNIA
92880,CALIFORNIA
92881,CALIFORNIA
92882,CALIFORNIA
92883,CALIFORNIA
92885,CALIFORNIA
92886,CALIFORNIA
92887,CALIFORNIA
92899,CALIFORNIA
93001,CALIFORNIA
93002,CALIFORNIA
93003,CALIFORNIA
93004,CALIFORNIA
93005,CALIFORNIA
93006,CALIFORNIA
93007,CALIFORNIA
93009,CALIFORNIA
93010,CALIFORNIA
93011,CALIFORNIA
93012,CALIFORNIA
93013,CALIFORNIA
93014,CALIFORNIA
93015,CALIFORNIA
93016,CALIFORNIA
93020,CALIFORNIA
93021,CALIFORNIA
93022,CALIFORNIA
93023,CALIFORNIA
93024,CALIFORNIA
93030,CALIFORNIA
93031,CALIFORNIA
93032,CALIFORNIA
93033,CALIFORNIA
93034,CALIFORNIA
93035,CALIFORNIA
93036,CALIFORNIA
93040,CALIFORNIA
93041,CALIFORNIA
93042,CALIFORNIA
93043,CALIFORNIA
93044,CALIFORNIA
93060,CALIFORNIA
93061,CALIFORNIA
93062,CALIFORNIA
93063,CALIFORNIA
93064,CALIFORNIA
93065,CALIFORNIA
93066,CALIFORNIA
93067,CALIFORNIA
93094,CALIFORNIA
93099,CALIFORNIA
93101,CALIFORNIA
93102,CALIFORNIA
93103,CALIFORNIA
93105,CALIFORNIA
93106,CALIFORNIA
93107,CALIFORNIA
93108,CALIFORNIA
93109,CALIFORNIA
93110,CALIFORNIA
93111,CALIFORNIA
93116,CALIFORNIA
93117,CALIFORNIA
93118,CALIFORNIA
93120,CALIFORNIA
93121,CALIFORNIA
93130,CALIFORNIA
93140,CALIFORNIA
93150,CALIFORNIA
93160,CALIFORNIA
93190,CALIFORNIA
93199,CALIFORNIA
93201,CALIFORNIA
93202,CALIFORNIA
93203,CALIFORNIA
93204,CALIFORNIA
93205,CALIFORNIA
93206,CALIFORNIA
93207,CALIFORNIA
93208,CALIFORNIA
93210,CALIFORNIA
93212,CALIFORNIA
93215,CALIFORNIA
93216,CALIFORNIA
93218,CALIFORNIA
93219,CALIFORNIA
93220,CALIFORNIA
93221,CALIFORNIA
93222,CALIFORNIA
93223,CALIFORNIA
93224,CALIFORNIA
93225,CALIFORNIA
93226,CALIFORNIA
93227,CALIFORNIA
93230,CALIFORNIA
93232,CALIFORNIA
93234,CALIFORNIA
93235,CALIFORNIA
93237,CALIFORNIA
93238,CALIFORNIA
93239,CALIFORNIA
93240,CALIFORNIA
93241,CALIFORNIA
93242,CALIFORNIA
93243,CALIFORNIA
93244,CALIFORNIA
93245,CALIFORNIA
93246,CALIFORNIA
93247,CALIFORNIA
93249,CALIFORNIA
93250,CALIFORNIA
93251,CALIFORNIA
93252,CALIFORNIA
93254,CALIFORNIA
93255,CALIFORNIA
93256,CALIFORNIA
93257,CALIFORNIA
93258,CALIFORNIA
93260,CALIFORNIA
93261,CALIFORNIA
93262,CALIFORNIA
93263,CALIFORNIA
93265,CALIFORNIA
93266,CALIFORNIA
93267,CALIFORNIA
93268,CALIFORNIA
93270,CALIFORNIA
93271,CALIFORNIA
93272,CALIFORNIA
93274,CALIFORNIA
93275,CALIFORNIA
93276,CALIFORNIA
93277,CALIFORNIA
93278,CALIFORNIA
93279,CALIFORNIA
93280,CALIFORNIA
93282,CALIFORNIA
93283,CALIFORNIA
93285,CALIFORNIA
93286,CALIFORNIA
93287,CALIFORNIA
93290,CALIFORNIA
93291,CALIFORNIA
93292,CALIFORNIA
93301,CALIFORNIA
93302,CALIFORNIA
93303,CALIFORNIA
93304,CALIFORNIA
93305,CALIFORNIA
93306,CALIFORNIA
93307,CALIFORNIA
93308,CALIFORNIA
93309,CALIFORNIA
93311,CALIFORNIA
93312,CALIFORNIA
93313,CALIFORNIA
93314,CALIFORNIA
93380,CALIFORNIA
93383,CALIFORNIA
93384,CALIFORNIA
93385,CALIFORNIA
93386,CALIFORNIA
93387,CALIFORNIA
93388,CALIFORNIA
93389,CALIFORNIA
93390,CALIFORNIA
93401,CALIFORNIA
93402,CALIFORNIA
93403,CALIFORNIA
93405,CALIFORNIA
93406,CALIFORNIA
93407,CALIFORNIA
93408,CALIFORNIA
93409,CALIFORNIA
93410,CALIFORNIA
93412,CALIFORNIA
93420,CALIFORNIA
93421,CALIFORNIA
93422,CALIFORNIA
93423,CALIFORNIA
93424,CALIFORNIA
93426,CALIFORNIA
93427,CALIFORNIA
93428,CALIFORNIA
93429,CALIFORNIA
93430,CALIFORNIA
93432,CALIFORNIA
93433,CALIFORNIA
93434,CALIFORNIA
93435,CALIFORNIA
93436,CALIFORNIA
93437,CALIFORNIA
93438,CALIFORNIA
93440,CALIFORNIA
93441,CALIFORNIA
93442,CALIFORNIA
93443,CALIFORNIA
93444,CALIFORNIA
93445,CALIFORNIA
93446,CALIFORNIA
93447,CALIFORNIA
93448,CALIFORNIA
93449,CALIFORNIA
93450,CALIFORNIA
93451,CALIFORNIA
93452,CALIFORNIA
93453,CALIFORNIA
93454,CALIFORNIA
93455,CALIFORNIA
93456,CALIFORNIA
93457,CALIFORNIA
93458,CALIFORNIA
93460,CALIFORNIA
93461,CALIFORNIA
93463,CALIFORNIA
93464,CALIFORNIA
93465,CALIFORNIA
93475,CALIFORNIA
93483,CALIFORNIA
93501,CALIFORNIA
93502,CALIFORNIA
93504,CALIFORNIA
93505,CALIFORNIA
93510,CALIFORNIA
93512,CALIFORNIA
93513,CALIFORNIA
93514,CALIFORNIA
93515,CALIFORNIA
93516,CALIFORNIA
93517,CALIFORNIA
93518,CALIFORNIA
93519,CALIFORNIA
93522,CALIFORNIA
93523,CALIFORNIA
93524,CALIFORNIA
93526,CALIFORNIA
93527,CALIFORNIA
93528,CALIFORNIA
93529,CALIFORNIA
93530,CALIFORNIA
93531,CALIFORNIA
93532,CALIFORNIA
93534,CALIFORNIA
93535,CALIFORNIA
93536,CALIFORNIA
93539,CALIFORNIA
93541,CALIFORNIA
93542,CALIFORNIA
93543,CALIFORNIA
93544,CALIFORNIA
93545,CALIFORNIA
93546,CALIFORNIA
93549,CALIFORNIA
93550,CALIFORNIA
93551,CALIFORNIA
93552,CALIFORNIA
93553,CALIFORNIA
93554,CALIFORNIA
93555,CALIFORNIA
93556,CALIFORNIA
93558,CALIFORNIA
93560,CALIFORNIA
93561,CALIFORNIA
93562,CALIFORNIA
93563,CALIFORNIA
93581,CALIFORNIA
93584,CALIFORNIA
93586,CALIFORNIA
93590,CALIFORNIA
93591,CALIFORNIA
93592,CALIFORNIA
93596,CALIFORNIA
93599,CALIFORNIA
93601,CALIFORNIA
93602,CALIFORNIA
93603,CALIFORNIA
93604,CALIFORNIA
93605,CALIFORNIA
93606,CALIFORNIA
93607,CALIFORNIA
93608,CALIFORNIA
93609,CALIFORNIA
93610,CALIFORNIA
93611,CALIFORNIA
93612,CALIFORNIA
93613,CALIFORNIA
93614,CALIFORNIA
93615,CALIFORNIA
93616,CALIFORNIA
93618,CALIFORNIA
93619,CALIFORNIA
93620,CALIFORNIA
93621,CALIFORNIA
93622,CALIFORNIA
93623,CALIFORNIA
93624,CALIFORNIA
93625,CALIFORNIA
93626,CALIFORNIA
93627,CALIFORNIA
93628,CALIFORNIA
93630,CALIFORNIA
93631,CALIFORNIA
93633,CALIFORNIA
93634,CALIFORNIA
93635,CALIFORNIA
93636,CALIFORNIA
93637,CALIFORNIA
93638,CALIFORNIA
93639,CALIFORNIA
93640,CALIFORNIA
93641,CALIFORNIA
93642,CALIFORNIA
93643,CALIFORNIA
93644,CALIFORNIA
93645,CALIFORNIA
93646,CALIFORNIA
93647,CALIFORNIA
93648,CALIFORNIA
93649,CALIFORNIA
93650,CALIFORNIA
93651,CALIFORNIA
93652,CALIFORNIA
93653,CALIFORNIA
93654,CALIFORNIA
93656,CALIFORNIA
93657,CALIFORNIA
93660,CALIFORNIA
93661,CALIFORNIA
93662,CALIFORNIA
93664,CALIFORNIA
93665,CALIFORNIA
93666,CALIFORNIA
93667,CALIFORNIA
93668,CALIFORNIA
93669,CALIFORNIA
93670,CALIFORNIA
93673,CALIFORNIA
93675,CALIFORNIA
93701,CALIFORNIA
93702,CALIFORNIA
93703,CALIFORNIA
93704,CALIFORNIA
93705,CALIFORNIA
93706,CALIFORNIA
93707,CALIFORNIA
93708,CALIFORNIA
93709,CALIFORNIA
93710,CALIFORNIA
93711,CALIFORNIA
93712,CALIFORNIA
93714,CALIFORNIA
93715,CALIFORNIA
93716,CALIFORNIA
93717,CALIFORNIA
93718,CALIFORNIA
93720,CALIFORNIA
93721,CALIFORNIA
93722,CALIFORNIA
93723,CALIFORNIA
93724,CALIFORNIA
93725,CALIFORNIA
93726,CALIFORNIA
93727,CALIFORNIA
93728,CALIFORNIA
93729,CALIFORNIA
93730,CALIFORNIA
93737,CALIFORNIA
93740,CALIFORNIA
93741,CALIFORNIA
93744,CALIFORNIA
93745,CALIFORNIA
93747,CALIFORNIA
93750,CALIFORNIA
93755,CALIFORNIA
93760,CALIFORNIA
93761,CALIFORNIA
93764,CALIFORNIA
93765,CALIFORNIA
93771,CALIFORNIA
93772,CALIFORNIA
93773,CALIFORNIA
93774,CALIFORNIA
93775,CALIFORNIA
93776,CALIFORNIA
93777,CALIFORNIA
93778,CALIFORNIA
93779,CALIFORNIA
93786,CALIFORNIA
93790,CALIFORNIA
93791,CALIFORNIA
93792,CALIFORNIA
93793,CALIFORNIA
93794,CALIFORNIA
93844,CALIFORNIA
93888,CALIFORNIA
93901,CALIFORNIA
93902,CALIFORNIA
93905,CALIFORNIA
93906,CALIFORNIA
93907,CALIFORNIA
93908,CALIFORNIA
93912,CALIFORNIA
93915,CALIFORNIA
93920,CALIFORNIA
93921,CALIFORNIA
93922,CALIFORNIA
93923,CALIFORNIA
93924,CALIFORNIA
93925,CALIFORNIA
93926,CALIFORNIA
93927,CALIFORNIA
93928,CALIFORNIA
93930,CALIFORNIA
93932,CALIFORNIA
93933,CALIFORNIA
93940,CALIFORNIA
93942,CALIFORNIA
93943,CALIFORNIA
93944,CALIFORNIA
93950,CALIFORNIA
93953,CALIFORNIA
93954,CALIFORNIA
93955,CALIFORNIA
93960,CALIFORNIA
93962,CALIFORNIA
94002,CALIFORNIA
94005,CALIFORNIA
94010,CALIFORNIA
94011,CALIFORNIA
94014,CALIFORNIA
94015,CALIFORNIA
94016,CALIFORNIA
94017,CALIFORNIA
94018,CALIFORNIA
94019,CALIFORNIA
94020,CALIFORNIA
94021,CALIFORNIA
94022,CALIFORNIA
94023,CALIFORNIA
94024,CALIFORNIA
94025,CALIFORNIA
94026,CALIFORNIA
94027,CALIFORNIA
94028,CALIFORNIA
94030,CALIFORNIA
94035,CALIFORNIA
94037,CALIFORNIA
94038,CALIFORNIA
94039,CALIFORNIA
94040,CALIFORNIA
94041,CALIFORNIA
94042,CALIFORNIA
94043,CALIFORNIA
94044,CALIFORNIA
94060,CALIFORNIA
94061,CALIFORNIA
94062,CALIFORNIA
94063,CALIFORNIA
94064,CALIFORNIA
94065,CALIFORNIA
94066,CALIFORNIA
94070,CALIFORNIA
94074,CALIFORNIA
94080,CALIFORNIA
94083,CALIFORNIA
94085,CALIFORNIA
94086,CALIFORNIA
94087,CALIFORNIA
94088,CALIFORNIA
94089,CALIFORNIA
94102,CALIFORNIA
94103,CALIFORNIA
94104,CALIFORNIA
94105,CALIFORNIA
94107,CALIFORNIA
94108,CALIFORNIA
94109,CALIFORNIA
94110,CALIFORNIA
94111,CALIFORNIA
94112,CALIFORNIA
94114,CALIFORNIA
94115,CALIFORNIA
94116,CALIFORNIA
94117,CALIFORNIA
94118,CALIFORNIA
94119,CALIFORNIA
94120,CALIFORNIA
94121,CALIFORNIA
94122,CALIFORNIA
94123,CALIFORNIA
94124,CALIFORNIA
94125,CALIFORNIA
94126,CALIFORNIA
94127,CALIFORNIA
94128,CALIFORNIA
94129,CALIFORNIA
94130,CALIFORNIA
94131,CALIFORNIA
94132,CALIFORNIA
94133,CALIFORNIA
94134,CALIFORNIA
94137,CALIFORNIA
94139,CALIFORNIA
94140,CALIFORNIA
94141,CALIFORNIA
94142,CALIFORNIA
94143,CALIFORNIA
94144,CALIFORNIA
94145,CALIFORNIA
94146,CALIFORNIA
94147,CALIFORNIA
94151,CALIFORNIA
94158,CALIFORNIA
94159,CALIFORNIA
94160,CALIFORNIA
94161,CALIFORNIA
94163,CALIFORNIA
94164,CALIFORNIA
94172,CALIFORNIA
94177,CALIFORNIA
94188,CALIFORNIA
94203,CALIFORNIA
94204,CALIFORNIA
94205,CALIFORNIA
94206,CALIFORNIA
94209,CALIFORNIA
94229,CALIFORNIA
94230,CALIFORNIA
94232,CALIFORNIA
94235,CALIFORNIA
94236,CALIFORNIA
94237,CALIFORNIA
94239,CALIFORNIA
94240,CALIFORNIA
94244,CALIFORNIA
94247,CALIFORNIA
94248,CALIFORNIA
94249,CALIFORNIA
94250,CALIFORNIA
94252,CALIFORNIA
94254,CALIFORNIA
94256,CALIFORNIA
94257,CALIFORNIA
94258,CALIFORNIA
94259,CALIFORNIA
94261,CALIFORNIA
94262,CALIFORNIA
94263,CALIFORNIA
94267,CALIFORNIA
94268,CALIFORNIA
94269,CALIFORNIA
94271,CALIFORNIA
94273,CALIFORNIA
94274,CALIFORNIA
94277,CALIFORNIA
94278,CALIFORNIA
94279,CALIFORNIA
94280,CALIFORNIA
94283,CALIFORNIA
94284,CALIFORNIA
94285,CALIFORNIA
94287,CALIFORNIA
94288,CALIFORNIA
94289,CALIFORNIA
94290,CALIFORNIA
94293,CALIFORNIA
94294,CALIFORNIA
94295,CALIFORNIA
94296,CALIFORNIA
94297,CALIFORNIA
94298,CALIFORNIA
94299,CALIFORNIA
94301,CALIFORNIA
94302,CALIFORNIA
94303,CALIFORNIA
94304,CALIFORNIA
94305,CALIFORNIA
94306,CALIFORNIA
94309,CALIFORNIA
94401,CALIFORNIA
94402,CALIFORNIA
94403,CALIFORNIA
94404,CALIFORNIA
94497,CALIFORNIA
94501,CALIFORNIA
94502,CALIFORNIA
94503,CALIFORNIA
94505,CALIFORNIA
94506,CALIFORNIA
94507,CALIFORNIA
94508,CALIFORNIA
94509,CALIFORNIA
94510,CALIFORNIA
94511,CALIFORNIA
94512,CALIFORNIA
94513,CALIFORNIA
94514,CALIFORNIA
94515,CALIFORNIA
94516,CALIFORNIA
94517,CALIFORNIA
94518,CALIFORNIA
94519,CALIFORNIA
94520,CALIFORNIA
94521,CALIFORNIA
94522,CALIFORNIA
94523,CALIFORNIA
94524,CALIFORNIA
94525,CALIFORNIA
94526,CALIFORNIA
94527,CALIFORNIA
94528,CALIFORNIA
94529,CALIFORNIA
94530,CALIFORNIA
94531,CALIFORNIA
94533,CALIFORNIA
94534,CALIFORNIA
94535,CALIFORNIA
94536,CALIFORNIA
94537,CALIFORNIA
94538,CALIFORNIA
94539,CALIFORNIA
94540,CALIFORNIA
94541,CALIFORNIA
94542,CALIFORNIA
94543,CALIFORNIA
94544,CALIFORNIA
94545,CALIFORNIA
94546,CALIFORNIA
94547,CALIFORNIA
94548,CALIFORNIA
94549,CALIFORNIA
94550,CALIFORNIA
94551,CALIFORNIA
94552,CALIFORNIA
94553,CALIFORNIA
94555,CALIFORNIA
94556,CALIFORNIA
94557,CALIFORNIA
94558,CALIFORNIA
94559,CALIFORNIA
94560,CALIFORNIA
94561,CALIFORNIA
94562,CALIFORNIA
94563,CALIFORNIA
94564,CALIFORNIA
94565,CALIFORNIA
94566,CALIFORNIA
94567,CALIFORNIA
94568,CALIFORNIA
94569,CALIFORNIA
94570,CALIFORNIA
94571,CALIFORNIA
94572,CALIFORNIA
94573,CALIFORNIA
94574,CALIFORNIA
94575,CALIFORNIA
94576,CALIFORNIA
94577,CALIFORNIA
94578,CALIFORNIA
94579,CALIFORNIA
94580,CALIFORNIA
94581,CALIFORNIA
94582,CALIFORNIA
94583,CALIFORNIA
94585,CALIFORNIA
94586,CALIFORNIA
94587,CALIFORNIA
94588,CALIFORNIA
94589,CALIFORNIA
94590,CALIFORNIA
94591,CALIFORNIA
94592,CALIFORNIA
94595,CALIFORNIA
94596,CALIFORNIA
94597,CALIFORNIA
94598,CALIFORNIA
94599,CALIFORNIA
94601,CALIFORNIA
94602,CALIFORNIA
94603,CALIFORNIA
94604,CALIFORNIA
94605,CALIFORNIA
94606,CALIFORNIA
94607,CALIFORNIA
94608,CALIFORNIA
94609,CALIFORNIA
94610,CALIFORNIA
94611,CALIFORNIA
94612,CALIFORNIA
94613,CALIFORNIA
94614,CALIFORNIA
94615,CALIFORNIA
94617,CALIFORNIA
94618,CALIFORNIA
94619,CALIFORNIA
94620,CALIFORNIA
94621,CALIFORNIA
94622,CALIFORNIA
94623,CALIFORNIA
94624,CALIFORNIA
94649,CALIFORNIA
94659,CALIFORNIA
94660,CALIFORNIA
94661,CALIFORNIA
94662,CALIFORNIA
94666,CALIFORNIA
94701,CALIFORNIA
94702,CALIFORNIA
94703,CALIFORNIA
94704,CALIFORNIA
94705,CALIFORNIA
94706,CALIFORNIA
94707,CALIFORNIA
94708,CALIFORNIA
94709,CALIFORNIA
94710,CALIFORNIA
94712,CALIFORNIA
94720,CALIFORNIA
94801,CALIFORNIA
94802,CALIFORNIA
94803,CALIFORNIA
94804,CALIFORNIA
94805,CALIFORNIA
94806,CALIFORNIA
94807,CALIFORNIA
94808,CALIFORNIA
94820,CALIFORNIA
94850,CALIFORNIA
94901,CALIFORNIA
94903,CALIFORNIA
94904,CALIFORNIA
94912,CALIFORNIA
94913,CALIFORNIA
94914,CALIFORNIA
94915,CALIFORNIA
94920,CALIFORNIA
94922,CALIFORNIA
94923,CALIFORNIA
94924,CALIFORNIA
94925,CALIFORNIA
94926,CALIFORNIA
94927,CALIFORNIA
94928,CALIFORNIA
94929,CALIFORNIA
94930,CALIFORNIA
94931,CALIFORNIA
94933,CALIFORNIA
94937,CALIFORNIA
94938,CALIFORNIA
94939,CALIFORNIA
94940,CALIFORNIA
94941,CALIFORNIA
94942,CALIFORNIA
94945,CALIFORNIA
94946,CALIFORNIA
94947,CALIFORNIA
94948,CALIFORNIA
94949,CALIFORNIA
94950,CALIFORNIA
94951,CALIFORNIA
94952,CALIFORNIA
94953,CALIFORNIA
94954,CALIFORNIA
94955,CALIFORNIA
94956,CALIFORNIA
94957,CALIFORNIA
94960,CALIFORNIA
94963,CALIFORNIA
94964,CALIFORNIA
94965,CALIFORNIA
94966,CALIFORNIA
94970,CALIFORNIA
94971,CALIFORNIA
94972,CALIFORNIA
94973,CALIFORNIA
94974,CALIFORNIA
94975,CALIFORNIA
94976,CALIFORNIA
94977,CALIFORNIA
94978,CALIFORNIA
94979,CALIFORNIA
94998,CALIFORNIA
94999,CALIFORNIA
95001,CALIFORNIA
95002,CALIFORNIA
95003,CALIFORNIA
95004,CALIFORNIA
95005,CALIFORNIA
95006,CALIFORNIA
95007,CALIFORNIA
95008,CALIFORNIA
95009,CALIFORNIA
95010,CALIFORNIA
95011,CALIFORNIA
95012,CALIFORNIA
95013,CALIFORNIA
95014,CALIFORNIA
95015,CALIFORNIA
95017,CALIFORNIA
95018,CALIFORNIA
95019,CALIFORNIA
95020,CALIFORNIA
95021,CALIFORNIA
95023,CALIFORNIA
95024,CALIFORNIA
95025,CALIFORNIA
95026,CALIFORNIA
95030,CALIFORNIA
95031,CALIFORNIA
95032,CALIFORNIA
95033,CALIFORNIA
95035,CALIFORNIA
95036,CALIFORNIA
95037,CALIFORNIA
95038,CALIFORNIA
95039,CALIFORNIA
95041,CALIFORNIA
95042,CALIFORNIA
95043,CALIFORNIA
95044,CALIFORNIA
95045,CALIFORNIA
95046,CALIFORNIA
95050,CALIFORNIA
95051,CALIFORNIA
95052,CALIFORNIA
95053,CALIFORNIA
95054,CALIFORNIA
95055,CALIFORNIA
95056,CALIFORNIA
95060,CALIFORNIA
95061,CALIFORNIA
95062,CALIFORNIA
95063,CALIFORNIA
95064,CALIFORNIA
95065,CALIFORNIA
95066,CALIFORNIA
95067,CALIFORNIA
95070,CALIFORNIA
95071,CALIFORNIA
95073,CALIFORNIA
95075,CALIFORNIA
95076,CALIFORNIA
95077,CALIFORNIA
95101,CALIFORNIA
95103,CALIFORNIA
95106,CALIFORNIA
95108,CALIFORNIA
95109,CALIFORNIA
95110,CALIFORNIA
95111,CALIFORNIA
95112,CALIFORNIA
95113,CALIFORNIA
95115,CALIFORNIA
95116,CALIFORNIA
95117,CALIFORNIA
95118,CALIFORNIA
95119,CALIFORNIA
95120,CALIFORNIA
95121,CALIFORNIA
95122,CALIFORNIA
95123,CALIFORNIA
95124,CALIFORNIA
95125,CALIFORNIA
95126,CALIFORNIA
95127,CALIFORNIA
95128,CALIFORNIA
95129,CALIFORNIA
95130,CALIFORNIA
95131,CALIFORNIA
95132,CALIFORNIA
95133,CALIFORNIA
95134,CALIFORNIA
95135,CALIFORNIA
95136,CALIFORNIA
95138,CALIFORNIA
95139,CALIFORNIA
95140,CALIFORNIA
95141,CALIFORNIA
95148,CALIFORNIA
95150,CALIFORNIA
95151,CALIFORNIA
95152,CALIFORNIA
95153,CALIFORNIA
95154,CALIFORNIA
95155,CALIFORNIA
95156,CALIFORNIA
95157,CALIFORNIA
95158,CALIFORNIA
95159,CALIFORNIA
95160,CALIFORNIA
95161,CALIFORNIA
95164,CALIFORNIA
95170,CALIFORNIA
95172,CALIFORNIA
95173,CALIFORNIA
95190,CALIFORNIA
95191,CALIFORNIA
95192,CALIFORNIA
95193,CALIFORNIA
95194,CALIFORNIA
95196,CALIFORNIA
95201,CALIFORNIA
95202,CALIFORNIA
95203,CALIFORNIA
95204,CALIFORNIA
95205,CALIFORNIA
95206,CALIFORNIA
95207,CALIFORNIA
95208,CALIFORNIA
95209,CALIFORNIA
95210,CALIFORNIA
95211,CALIFORNIA
95212,CALIFORNIA
95213,CALIFORNIA
95215,CALIFORNIA
95219,CALIFORNIA
95220,CALIFORNIA
95221,CALIFORNIA
95222,CALIFORNIA
95223,CALIFORNIA
95224,CALIFORNIA
95225,CALIFORNIA
95226,CALIFORNIA
95227,CALIFORNIA
95228,CALIFORNIA
95229,CALIFORNIA
95230,CALIFORNIA
95231,CALIFORNIA
95232,CALIFORNIA
95233,CALIFORNIA
95234,CALIFORNIA
95236,CALIFORNIA
95237,CALIFORNIA
95240,CALIFORNIA
95241,CALIFORNIA
95242,CALIFORNIA
95245,CALIFORNIA
95246,CALIFORNIA
95247,CALIFORNIA
95248,CALIFORNIA
95249,CALIFORNIA
95251,CALIFORNIA
95252,CALIFORNIA
95253,CALIFORNIA
95254,CALIFORNIA
95255,CALIFORNIA
95257,CALIFORNIA
95258,CALIFORNIA
95267,CALIFORNIA
95269,CALIFORNIA
95296,CALIFORNIA
95297,CALIFORNIA
95301,CALIFORNIA
95303,CALIFORNIA
95304,CALIFORNIA
95305,CALIFORNIA
95306,CALIFORNIA
95307,CALIFORNIA
95309,CALIFORNIA
95310,CALIFORNIA
95311,CALIFORNIA
95312,CALIFORNIA
95313,CALIFORNIA
95315,CALIFORNIA
95316,CALIFORNIA
95317,CALIFORNIA
95318,CALIFORNIA
95319,CALIFORNIA
95320,CALIFORNIA
95321,CALIFORNIA
95322,CALIFORNIA
95323,CALIFORNIA
95324,CALIFORNIA
95325,CALIFORNIA
95326,CALIFORNIA
95327,CALIFORNIA
95328,CALIFORNIA
95329,CALIFORNIA
95330,CALIFORNIA
95333,CALIFORNIA
95334,CALIFORNIA
95335,CALIFORNIA
95336,CALIFORNIA
95337,CALIFORNIA
95338,CALIFORNIA
95340,CALIFORNIA
95341,CALIFORNIA
95343,CALIFORNIA
95344,CALIFORNIA
95345,CALIFORNIA
95346,CALIFORNIA
95347,CALIFORNIA
95348,CALIFORNIA
95350,CALIFORNIA
95351,CALIFORNIA
95352,CALIFORNIA
95353,CALIFORNIA
95354,CALIFORNIA
95355,CALIFORNIA
95356,CALIFORNIA
95357,CALIFORNIA
95358,CALIFORNIA
95360,CALIFORNIA
95361,CALIFORNIA
95363,CALIFORNIA
95364,CALIFORNIA
95365,CALIFORNIA
95366,CALIFORNIA
95367,CALIFORNIA
95368,CALIFORNIA
95369,CALIFORNIA
95370,CALIFORNIA
95372,CALIFORNIA
95373,CALIFORNIA
95374,CALIFORNIA
95375,CALIFORNIA
95376,CALIFORNIA
95377,CALIFORNIA
95378,CALIFORNIA
95379,CALIFORNIA
95380,CALIFORNIA
95381,CALIFORNIA
95382,CALIFORNIA
95383,CALIFORNIA
95385,CALIFORNIA
95386,CALIFORNIA
95387,CALIFORNIA
95388,CALIFORNIA
95389,CALIFORNIA
95391,CALIFORNIA
95397,CALIFORNIA
95401,CALIFORNIA
95402,CALIFORNIA
95403,CALIFORNIA
95404,CALIFORNIA
95405,CALIFORNIA
95406,CALIFORNIA
95407,CALIFORNIA
95409,CALIFORNIA
95410,CALIFORNIA
95412,CALIFORNIA
95415,CALIFORNIA
95416,CALIFORNIA
95417,CALIFORNIA
95418,CALIFORNIA
95419,CALIFORNIA
95420,CALIFORNIA
95421,CALIFORNIA
95422,CALIFORNIA
95423,CALIFORNIA
95424,CALIFORNIA
95425,CALIFORNIA
95426,CALIFORNIA
95427,CALIFORNIA
95428,CALIFORNIA
95429,CALIFORNIA
95430,CALIFORNIA
95431,CALIFORNIA
95432,CALIFORNIA
95433,CALIFORNIA
95435,CALIFORNIA
95436,CALIFORNIA
95437,CALIFORNIA
95439,CALIFORNIA
95441,CALIFORNIA
95442,CALIFORNIA
95443,CALIFORNIA
95444,CALIFORNIA
95445,CALIFORNIA
95446,CALIFORNIA
95448,CALIFORNIA
95449,CALIFORNIA
95450,CALIFORNIA
95451,CALIFORNIA
95452,CALIFORNIA
95453,CALIFORNIA
95454,CALIFORNIA
95456,CALIFORNIA
95457,CALIFORNIA
95458,CALIFORNIA
95459,CALIFORNIA
95460,CALIFORNIA
95461,CALIFORNIA
95462,CALIFORNIA
95463,CALIFORNIA
95464,CALIFORNIA
95465,CALIFORNIA
95466,CALIFORNIA
95467,CALIFORNIA
95468,CALIFORNIA
95469,CALIFORNIA
95470,CALIFORNIA
95471,CALIFORNIA
95472,CALIFORNIA
95473,CALIFORNIA
95476,CALIFORNIA
95480,CALIFORNIA
95481,CALIFORNIA
95482,CALIFORNIA
95485,CALIFORNIA
95486,CALIFORNIA
95487,CALIFORNIA
95488,CALIFORNIA
95490,CALIFORNIA
95492,CALIFORNIA
95493,CALIFORNIA
95494,CALIFORNIA
95497,CALIFORNIA
95501,CALIFORNIA
95502,CALIFORNIA
95503,CALIFORNIA
95511,CALIFORNIA
95514,CALIFORNIA
95518,CALIFORNIA
95519,CALIFORNIA
95521,CALIFORNIA
95524,CALIFORNIA
95525,CALIFORNIA
95526,CALIFORNIA
95527,CALIFORNIA
95528,CALIFORNIA
95531,CALIFORNIA
95532,CALIFORNIA
95534,CALIFORNIA
95536,CALIFORNIA
95537,CALIFORNIA
95538,CALIFORNIA
95540,CALIFORNIA
95542,CALIFORNIA
95543,CALIFORNIA
95545,CALIFORNIA
95546,CALIFORNIA
95547,CALIFORNIA
95548,CALIFORNIA
95549,CALIFORNIA
95550,CALIFORNIA
95551,CALIFORNIA
95552,CALIFORNIA
95553,CALIFORNIA
95554,CALIFORNIA
95555,CALIFORNIA
95556,CALIFORNIA
95558,CALIFORNIA
95559,CALIFORNIA
95560,CALIFORNIA
95562,CALIFORNIA
95563,CALIFORNIA
95564,CALIFORNIA
95565,CALIFORNIA
95567,CALIFORNIA
95568,CALIFORNIA
95569,CALIFORNIA
95570,CALIFORNIA
95571,CALIFORNIA
95573,CALIFORNIA
95585,CALIFORNIA
95587,CALIFORNIA
95589,CALIFORNIA
95595,CALIFORNIA
95601,CALIFORNIA
95602,CALIFORNIA
95603,CALIFORNIA
95604,CALIFORNIA
95605,CALIFORNIA
95606,CALIFORNIA
95607,CALIFORNIA
95608,CALIFORNIA
95609,CALIFORNIA
95610,CALIFORNIA
95611,CALIFORNIA
95612,CALIFORNIA
95613,CALIFORNIA
95614,CALIFORNIA
95615,CALIFORNIA
95616,CALIFORNIA
95617,CALIFORNIA
95618,CALIFORNIA
95619,CALIFORNIA
95620,CALIFORNIA
95621,CALIFORNIA
95623,CALIFORNIA
95624,CALIFORNIA
95625,CALIFORNIA
95626,CALIFORNIA
95627,CALIFORNIA
95628,CALIFORNIA
95629,CALIFORNIA
95630,CALIFORNIA
95631,CALIFORNIA
95632,CALIFORNIA
95633,CALIFORNIA
95634,CALIFORNIA
95635,CALIFORNIA
95636,CALIFORNIA
95637,CALIFORNIA
95638,CALIFORNIA
95639,CALIFORNIA
95640,CALIFORNIA
95641,CALIFORNIA
95642,CALIFORNIA
95644,CALIFORNIA
95645,CALIFORNIA
95646,CALIFORNIA
95648,CALIFORNIA
95650,CALIFORNIA
95651,CALIFORNIA
95652,CALIFORNIA
95653,CALIFORNIA
95654,CALIFORNIA
95655,CALIFORNIA
95656,CALIFORNIA
95658,CALIFORNIA
95659,CALIFORNIA
95660,CALIFORNIA
95661,CALIFORNIA
95662,CALIFORNIA
95663,CALIFORNIA
95664,CALIFORNIA
95665,CALIFORNIA
95666,CALIFORNIA
95667,CALIFORNIA
95668,CALIFORNIA
95669,CALIFORNIA
95670,CALIFORNIA
95671,CALIFORNIA
95672,CALIFORNIA
95673,CALIFORNIA
95674,CALIFORNIA
95675,CALIFORNIA
95676,CALIFORNIA
95677,CALIFORNIA
95678,CALIFORNIA
95679,CALIFORNIA
95680,CALIFORNIA
95681,CALIFORNIA
95682,CALIFORNIA
95683,CALIFORNIA
95684,CALIFORNIA
95685,CALIFORNIA
95686,CALIFORNIA
95687,CALIFORNIA
95688,CALIFORNIA
95689,CALIFORNIA
95690,CALIFORNIA
95691,CALIFORNIA
95692,CALIFORNIA
95693,CALIFORNIA
95694,CALIFORNIA
95695,CALIFORNIA
95696,CALIFORNIA
95697,CALIFORNIA
95698,CALIFORNIA
95699,CALIFORNIA
95701,CALIFORNIA
95703,CALIFORNIA
95709,CALIFORNIA
95712,CALIFORNIA
95713,CALIFORNIA
95714,CALIFORNIA
95715,CALIFORNIA
95717,CALIFORNIA
95720,CALIFORNIA
95721,CALIFORNIA
95722,CALIFORNIA
95724,CALIFORNIA
95726,CALIFORNIA
95728,CALIFORNIA
95735,CALIFORNIA
95736,CALIFORNIA
95741,CALIFORNIA
95742,CALIFORNIA
95746,CALIFORNIA
95747,CALIFORNIA
95757,CALIFORNIA
95758,CALIFORNIA
95759,CALIFORNIA
95762,CALIFORNIA
95763,CALIFORNIA
95765,CALIFORNIA
95776,CALIFORNIA
95798,CALIFORNIA
95799,CALIFORNIA
95811,CALIFORNIA
95812,CALIFORNIA
95813,CALIFORNIA
95814,CALIFORNIA
95815,CALIFORNIA
95816,CALIFORNIA
95817,CALIFORNIA
95818,CALIFORNIA
95819,CALIFORNIA
95820,CALIFORNIA
95821,CALIFORNIA
95822,CALIFORNIA
95823,CALIFORNIA
95824,CALIFORNIA
95825,CALIFORNIA
95826,CALIFORNIA
95827,CALIFORNIA
95828,CALIFORNIA
95829,CALIFORNIA
95830,CALIFORNIA
95831,CALIFORNIA
95832,CALIFORNIA
95833,CALIFORNIA
95834,CALIFORNIA
95835,CALIFORNIA
95836,CALIFORNIA
95837,CALIFORNIA
95838,CALIFORNIA
95840,CALIFORNIA
95841,CALIFORNIA
95842,CALIFORNIA
95843,CALIFORNIA
95851,CALIFORNIA
95852,CALIFORNIA
95853,CALIFORNIA
95860,CALIFORNIA
95864,CALIFORNIA
95865,CALIFORNIA
95866,CALIFORNIA
95867,CALIFORNIA
95894,CALIFORNIA
95899,CALIFORNIA
95901,CALIFORNIA
95903,CALIFORNIA
95910,CALIFORNIA
95912,CALIFORNIA
95913,CALIFORNIA
95914,CALIFORNIA
95915,CALIFORNIA
95916,CALIFORNIA
95917,CALIFORNIA
95918,CALIFORNIA
95919,CALIFORNIA
95920,CALIFORNIA
95922,CALIFORNIA
95923,CALIFORNIA
95924,CALIFORNIA
95925,CALIFORNIA
95926,CALIFORNIA
95927,CALIFORNIA
95928,CALIFORNIA
95929,CALIFORNIA
95930,CALIFORNIA
95932,CALIFORNIA
95934,CALIFORNIA
95935,CALIFORNIA
95936,CALIFORNIA
95937,CALIFORNIA
95938,CALIFORNIA
95939,CALIFORNIA
95940,CALIFORNIA
95941,CALIFORNIA
95942,CALIFORNIA
95943,CALIFORNIA
95944,CALIFORNIA
95945,CALIFORNIA
95946,CALIFORNIA
95947,CALIFORNIA
95948,CALIFORNIA
95949,CALIFORNIA
95950,CALIFORNIA
95951,CALIFORNIA
95953,CALIFORNIA
95954,CALIFORNIA
95955,CALIFORNIA
95956,CALIFORNIA
95957,CALIFORNIA
95958,CALIFORNIA
95959,CALIFORNIA
95960,CALIFORNIA
95961,CALIFORNIA
95962,CALIFORNIA
95963,CALIFORNIA
95965,CALIFORNIA
95966,CALIFORNIA
95967,CALIFORNIA
95968,CALIFORNIA
95969,CALIFORNIA
95970,CALIFORNIA
95971,CALIFORNIA
95972,CALIFORNIA
95973,CALIFORNIA
95974,CALIFORNIA
95975,CALIFORNIA
95976,CALIFORNIA
95977,CALIFORNIA
95978,CALIFORNIA
95979,CALIFORNIA
95980,CALIFORNIA
95981,CALIFORNIA
95982,CALIFORNIA
95983,CALIFORNIA
95984,CALIFORNIA
95986,CALIFORNIA
95987,CALIFORNIA
95988,CALIFORNIA
95991,CALIFORNIA
95992,CALIFORNIA
95993,CALIFORNIA
96001,CALIFORNIA
96002,CALIFORNIA
96003,CALIFORNIA
96006,CALIFORNIA
96007,CALIFORNIA
96008,CALIFORNIA
96009,CALIFORNIA
96010,CALIFORNIA
96011,CALIFORNIA
96013,CALIFORNIA
96014,CALIFORNIA
96015,CALIFORNIA
96016,CALIFORNIA
96017,CALIFORNIA
96019,CALIFORNIA
96020,CALIFORNIA
96021,CALIFORNIA
96022,CALIFORNIA
96023,CALIFORNIA
96024,CALIFORNIA
96025,CALIFORNIA
96027,CALIFORNIA
96028,CALIFORNIA
96029,CALIFORNIA
96031,CALIFORNIA
96032,CALIFORNIA
96033,CALIFORNIA
96034,CALIFORNIA
96035,CALIFORNIA
96037,CALIFORNIA
96038,CALIFORNIA
96039,CALIFORNIA
96040,CALIFORNIA
96041,CALIFORNIA
96044,CALIFORNIA
96046,CALIFORNIA
96047,CALIFORNIA
96048,CALIFORNIA
96049,CALIFORNIA
96050,CALIFORNIA
96051,CALIFORNIA
96052,CALIFORNIA
96054,CALIFORNIA
96055,CALIFORNIA
96056,CALIFORNIA
96057,CALIFORNIA
96058,CALIFORNIA
96059,CALIFORNIA
96061,CALIFORNIA
96062,CALIFORNIA
96063,CALIFORNIA
96064,CALIFORNIA
96065,CALIFORNIA
96067,CALIFORNIA
96068,CALIFORNIA
96069,CALIFORNIA
96070,CALIFORNIA
96071,CALIFORNIA
96073,CALIFORNIA
96074,CALIFORNIA
96075,CALIFORNIA
96076,CALIFORNIA
96078,CALIFORNIA
96079,CALIFORNIA
96080,CALIFORNIA
96084,CALIFORNIA
96085,CALIFORNIA
96086,CALIFORNIA
96087,CALIFORNIA
96088,CALIFORNIA
96089,CALIFORNIA
96090,CALIFORNIA
96091,CALIFORNIA
96092,CALIFORNIA
96093,CALIFORNIA
96094,CALIFORNIA
96095,CALIFORNIA
96096,CALIFORNIA
96097,CALIFORNIA
96099,CALIFORNIA
96101,CALIFORNIA
96103,CALIFORNIA
96104,CALIFORNIA
96105,CALIFORNIA
96106,CALIFORNIA
96107,NV-UT
96108,CALIFORNIA
96109,CALIFORNIA
96110,CALIFORNIA
96111,CALIFORNIA
96112,CALIFORNIA
96113,CALIFORNIA
96114,CALIFORNIA
96115,CALIFORNIA
96116,CALIFORNIA
96117,CALIFORNIA
96118,CALIFORNIA
96119,CALIFORNIA
96120,NV-UT
96121,CALIFORNIA
96122,CALIFORNIA
96123,CALIFORNIA
96124,CALIFORNIA
96125,CALIFORNIA
96126,CALIFORNIA
96127,CALIFORNIA
96128,CALIFORNIA
96129,CALIFORNIA
96130,CALIFORNIA
96132,CALIFORNIA
96133,NV-UT
96134,CALIFORNIA
96135,CALIFORNIA
96136,CALIFORNIA
96137,CALIFORNIA
96140,CALIFORNIA
96141,CALIFORNIA
96142,CALIFORNIA
96143,CALIFORNIA
96145,CALIFORNIA
96146,CALIFORNIA
96148,CALIFORNIA
96150,CALIFORNIA
96151,CALIFORNIA
96152,CALIFORNIA
96154,CALIFORNIA
96155,CALIFORNIA
96156,CALIFORNIA
96157,CALIFORNIA
96158,CALIFORNIA
96160,CALIFORNIA
96161,CALIFORNIA
96162,CALIFORNIA
96200,MILITARY POSTAL SERV
96201,MILITARY POSTAL SERV
96202,MILITARY POSTAL SERV
96204,MILITARY POSTAL SERV
96205,MILITARY POSTAL SERV
96206,MILITARY POSTAL SERV
96208,MILITARY POSTAL SERV
96209,MILITARY POSTAL SERV
96210,MILITARY POSTAL SERV
96212,MILITARY POSTAL SERV
96213,MILITARY POSTAL SERV
96214,MILITARY POSTAL SERV
96215,MILITARY POSTAL SERV
96218,MILITARY POSTAL SERV
96224,MILITARY POSTAL SERV
96251,MILITARY POSTAL SERV
96257,MILITARY POSTAL SERV
96260,MILITARY POSTAL SERV
96262,MILITARY POSTAL SERV
96264,MILITARY POSTAL SERV
96266,MILITARY POSTAL SERV
96269,MILITARY POSTAL SERV
96271,MILITARY POSTAL SERV
96273,MILITARY POSTAL SERV
96276,MILITARY POSTAL SERV
96278,MILITARY POSTAL SERV
96283,MILITARY POSTAL SERV
96284,MILITARY POSTAL SERV
96297,MILITARY POSTAL SERV
96301,MILITARY POSTAL SERV
96303,MILITARY POSTAL SERV
96306,MILITARY POSTAL SERV
96309,MILITARY POSTAL SERV
96310,MILITARY POSTAL SERV
96311,MILITARY POSTAL SERV
96315,MILITARY POSTAL SERV
96319,MILITARY POSTAL SERV
96321,MILITARY POSTAL SERV
96322,MILITARY POSTAL SERV
96326,MILITARY POSTAL SERV
96328,MILITARY POSTAL SERV
96331,MILITARY POSTAL SERV
96336,MILITARY POSTAL SERV
96337,MILITARY POSTAL SERV
96338,MILITARY POSTAL SERV
96339,MILITARY POSTAL SERV
96346,MILITARY POSTAL SERV
96347,MILITARY POSTAL SERV
96349,MILITARY POSTAL SERV
96350,MILITARY POSTAL SERV
96351,MILITARY POSTAL SERV
96362,MILITARY POSTAL SERV
96365,MILITARY POSTAL SERV
96367,MILITARY POSTAL SERV
96368,MILITARY POSTAL SERV
96370,MILITARY POSTAL SERV
96371,MILITARY POSTAL SERV
96374,MILITARY POSTAL SERV
96375,MILITARY POSTAL SERV
96376,MILITARY POSTAL SERV
96377,MILITARY POSTAL SERV
96379,MILITARY POSTAL SERV
96384,MILITARY POSTAL SERV
96386,MILITARY POSTAL SERV
96387,MILITARY POSTAL SERV
96388,MILITARY POSTAL SERV
96400,MILITARY POSTAL SERV
96401,MILITARY POSTAL SERV
96502,MILITARY POSTAL SERV
96503,MILITARY POSTAL SERV
96504,MILITARY POSTAL SERV
96505,MILITARY POSTAL SERV
96506,MILITARY POSTAL SERV
96507,MILITARY POSTAL SERV
96508,MILITARY POSTAL SERV
96509,MILITARY POSTAL SERV
96510,MILITARY POSTAL SERV
96511,MILITARY POSTAL SERV
96512,MILITARY POSTAL SERV
96515,MILITARY POSTAL SERV
96516,MILITARY POSTAL SERV
96517,MILITARY POSTAL SERV
96520,MILITARY POSTAL SERV
96521,MILITARY POSTAL SERV
96530,MILITARY POSTAL SERV
96531,MILITARY POSTAL SERV
96532,MILITARY POSTAL SERV
96534,MILITARY POSTAL SERV
96535,MILITARY POSTAL SERV
96537,MILITARY POSTAL SERV
96539,MILITARY POSTAL SERV
96540,MILITARY POSTAL SERV
96542,MILITARY POSTAL SERV
96543,MILITARY POSTAL SERV
96548,MILITARY POSTAL SERV
96549,MILITARY POSTAL SERV
96550,MILITARY POSTAL SERV
96551,MILITARY POSTAL SERV
96552,MILITARY POSTAL SERV
96553,MILITARY POSTAL SERV
96554,MILITARY POSTAL SERV
96555,MILITARY POSTAL SERV
96557,MILITARY POSTAL SERV
96562,MILITARY POSTAL SERV
96577,MILITARY POSTAL SERV
96578,MILITARY POSTAL SERV
96579,MILITARY POSTAL SERV
96595,MILITARY POSTAL SERV
96598,MILITARY POSTAL SERV
96599,MILITARY POSTAL SERV
96601,MILITARY POSTAL SERV
96602,MILITARY POSTAL SERV
96603,MILITARY POSTAL SERV
96604,MILITARY POSTAL SERV
96605,MILITARY POSTAL SERV
96607,MILITARY POSTAL SERV
96610,MILITARY POSTAL SERV
96611,MILITARY POSTAL SERV
96612,MILITARY POSTAL SERV
96613,MILITARY POSTAL SERV
96615,MILITARY POSTAL SERV
96616,MILITARY POSTAL SERV
96619,MILITARY POSTAL SERV
96620,MILITARY POSTAL SERV
96628,MILITARY POSTAL SERV
96629,MILITARY POSTAL SERV
96632,MILITARY POSTAL SERV
96633,MILITARY POSTAL SERV
96641,MILITARY POSTAL SERV
96642,MILITARY POSTAL SERV
96643,MILITARY POSTAL SERV
96644,MILITARY POSTAL SERV
96645,MILITARY POSTAL SERV
96649,MILITARY POSTAL SERV
96650,MILITARY POSTAL SERV
96657,MILITARY POSTAL SERV
96660,MILITARY POSTAL SERV
96661,MILITARY POSTAL SERV
96662,MILITARY POSTAL SERV
96663,MILITARY POSTAL SERV
96664,MILITARY POSTAL SERV
96665,MILITARY POSTAL SERV
96666,MILITARY POSTAL SERV
96667,MILITARY POSTAL SERV
96668,MILITARY POSTAL SERV
96669,MILITARY POSTAL SERV
96670,MILITARY POSTAL SERV
96671,MILITARY POSTAL SERV
96672,MILITARY POSTAL SERV
96673,MILITARY POSTAL SERV
96674,MILITARY POSTAL SERV
96675,MILITARY POSTAL SERV
96677,MILITARY POSTAL SERV
96678,MILITARY POSTAL SERV
96679,MILITARY POSTAL SERV
96681,MILITARY POSTAL SERV
96682,MILITARY POSTAL SERV
96683,MILITARY POSTAL SERV
96686,MILITARY POSTAL SERV
96691,MILITARY POSTAL SERV
96692,MILITARY POSTAL SERV
96693,MILITARY POSTAL SERV
96694,MILITARY POSTAL SERV
96695,MILITARY POSTAL SERV
96696,MILITARY POSTAL SERV
96698,MILITARY POSTAL SERV
96701,HAWAII
96703,HAWAII
96704,HAWAII
96705,HAWAII
96706,HAWAII
96707,HAWAII
96708,HAWAII
96709,HAWAII
96710,HAWAII
96712,HAWAII
96713,HAWAII
96714,HAWAII
96715,HAWAII
96716,HAWAII
96717,HAWAII
96718,HAWAII
96719,HAWAII
96720,HAWAII
96721,HAWAII
96722,HAWAII
96725,HAWAII
96726,HAWAII
96727,HAWAII
96728,HAWAII
96729,HAWAII
96730,HAWAII
96731,HAWAII
96732,HAWAII
96733,HAWAII
96734,HAWAII
96737,HAWAII
96738,HAWAII
96739,HAWAII
96740,HAWAII
96741,HAWAII
96742,HAWAII
96743,HAWAII
96744,HAWAII
96745,HAWAII
96746,HAWAII
96747,HAWAII
96748,HAWAII
96749,HAWAII
96750,HAWAII
96751,HAWAII
96752,HAWAII
96753,HAWAII
96754,HAWAII
96755,HAWAII
96756,HAWAII
96757,HAWAII
96759,HAWAII
96760,HAWAII
96761,HAWAII
96762,HAWAII
96763,HAWAII
96764,HAWAII
96765,HAWAII
96766,HAWAII
96767,HAWAII
96768,HAWAII
96769,HAWAII
96770,HAWAII
96771,HAWAII
96772,HAWAII
96773,HAWAII
96774,HAWAII
96776,HAWAII
96777,HAWAII
96778,HAWAII
96779,HAWAII
96780,HAWAII
96781,HAWAII
96782,HAWAII
96783,HAWAII
96784,HAWAII
96785,HAWAII
96786,HAWAII
96788,HAWAII
96789,HAWAII
96790,HAWAII
96791,HAWAII
96792,HAWAII
96793,HAWAII
96795,HAWAII
96796,HAWAII
96797,HAWAII
96799,HAWAII
96801,HAWAII
96802,HAWAII
96803,HAWAII
96804,HAWAII
96805,HAWAII
96806,HAWAII
96807,HAWAII
96808,HAWAII
96809,HAWAII
96810,HAWAII
96811,HAWAII
96812,HAWAII
96813,HAWAII
96814,HAWAII
96815,HAWAII
96816,HAWAII
96817,HAWAII
96818,HAWAII
96819,HAWAII
96820,HAWAII
96821,HAWAII
96822,HAWAII
96823,HAWAII
96824,HAWAII
96825,HAWAII
96826,HAWAII
96828,HAWAII
96830,HAWAII
96836,HAWAII
96837,HAWAII
96838,HAWAII
96839,HAWAII
96840,HAWAII
96841,HAWAII
96843,HAWAII
96844,HAWAII
96846,HAWAII
96847,HAWAII
96848,HAWAII
96849,HAWAII
96850,HAWAII
96853,HAWAII
96854,HAWAII
96857,HAWAII
96858,HAWAII
96859,HAWAII
96860,HAWAII
96861,HAWAII
96863,HAWAII
96898,HAWAII
96910,HAWAII
96912,HAWAII
96913,HAWAII
96915,HAWAII
96916,HAWAII
96917,HAWAII
96921,HAWAII
96923,HAWAII
96928,HAWAII
96929,HAWAII
96931,HAWAII
96932,HAWAII
96939,HAWAII
96940,HAWAII
96941,HAWAII
96942,HAWAII
96943,HAWAII
96944,HAWAII
96950,HAWAII
96951,HAWAII
96952,HAWAII
96960,HAWAII
96970,HAWAII
97001,ID-MT-OR
97002,ID-MT-OR
97003,ID-MT-OR
97004,ID-MT-OR
97005,ID-MT-OR
97006,ID-MT-OR
97007,ID-MT-OR
97008,ID-MT-OR
97009,ID-MT-OR
97010,ID-MT-OR
97011,ID-MT-OR
97013,ID-MT-OR
97014,ID-MT-OR
97015,ID-MT-OR
97016,ID-MT-OR
97017,ID-MT-OR
97018,ID-MT-OR
97019,ID-MT-OR
97020,ID-MT-OR
97021,ID-MT-OR
97022,ID-MT-OR
97023,ID-MT-OR
97024,ID-MT-OR
97026,ID-MT-OR
97027,ID-MT-OR
97028,ID-MT-OR
97029,ID-MT-OR
97030,ID-MT-OR
97031,ID-MT-OR
97032,ID-MT-OR
97033,ID-MT-OR
97034,ID-MT-OR
97035,ID-MT-OR
97036,ID-MT-OR
97037,ID-MT-OR
97038,ID-MT-OR
97039,ID-MT-OR
97040,ID-MT-OR
97041,ID-MT-OR
97042,ID-MT-OR
97044,ID-MT-OR
97045,ID-MT-OR
97048,ID-MT-OR
97049,ID-MT-OR
97050,ID-MT-OR
97051,ID-MT-OR
97053,ID-MT-OR
97054,ID-MT-OR
97055,ID-MT-OR
97056,ID-MT-OR
97057,ID-MT-OR
97058,ID-MT-OR
97060,ID-MT-OR
97062,ID-MT-OR
97063,ID-MT-OR
97064,ID-MT-OR
97065,ID-MT-OR
97067,ID-MT-OR
97068,ID-MT-OR
97070,ID-MT-OR
97071,ID-MT-OR
97075,ID-MT-OR
97076,ID-MT-OR
97077,ID-MT-OR
97078,ID-MT-OR
97079,ID-MT-OR
97080,ID-MT-OR
97086,ID-MT-OR
97089,ID-MT-OR
97101,ID-MT-OR
97102,ID-MT-OR
97103,ID-MT-OR
97106,ID-MT-OR
97107,ID-MT-OR
97108,ID-MT-OR
97109,ID-MT-OR
97110,ID-MT-OR
97111,ID-MT-OR
97112,ID-MT-OR
97113,ID-MT-OR
97114,ID-MT-OR
97115,ID-MT-OR
97116,ID-MT-OR
97117,ID-MT-OR
97118,ID-MT-OR
97119,ID-MT-OR
97121,ID-MT-OR
97122,ID-MT-OR
97123,ID-MT-OR
97124,ID-MT-OR
97125,ID-MT-OR
97127,ID-MT-OR
97128,ID-MT-OR
97129,ID-MT-OR
97130,ID-MT-OR
97131,ID-MT-OR
97132,ID-MT-OR
97133,ID-MT-OR
97134,ID-MT-OR
97135,ID-MT-OR
97136,ID-MT-OR
97137,ID-MT-OR
97138,ID-MT-OR
97140,ID-MT-OR
97141,ID-MT-OR
97143,ID-MT-OR
97144,ID-MT-OR
97145,ID-MT-OR
97146,ID-MT-OR
97147,ID-MT-OR
97148,ID-MT-OR
97149,ID-MT-OR
97201,ID-MT-OR
97202,ID-MT-OR
97203,ID-MT-OR
97204,ID-MT-OR
97205,ID-MT-OR
97206,ID-MT-OR
97207,ID-MT-OR
97208,ID-MT-OR
97209,ID-MT-OR
97210,ID-MT-OR
97211,ID-MT-OR
97212,ID-MT-OR
97213,ID-MT-OR
97214,ID-MT-OR
97215,ID-MT-OR
97216,ID-MT-OR
97217,ID-MT-OR
97218,ID-MT-OR
97219,ID-MT-OR
97220,ID-MT-OR
97221,ID-MT-OR
97222,ID-MT-OR
97223,ID-MT-OR
97224,ID-MT-OR
97225,ID-MT-OR
97227,ID-MT-OR
97228,ID-MT-OR
97229,ID-MT-OR
97230,ID-MT-OR
97231,ID-MT-OR
97232,ID-MT-OR
97233,ID-MT-OR
97236,ID-MT-OR
97238,ID-MT-OR
97239,ID-MT-OR
97240,ID-MT-OR
97242,ID-MT-OR
97250,ID-MT-OR
97251,ID-MT-OR
97252,ID-MT-OR
97253,ID-MT-OR
97254,ID-MT-OR
97256,ID-MT-OR
97266,ID-MT-OR
97267,ID-MT-OR
97268,ID-MT-OR
97269,ID-MT-OR
97280,ID-MT-OR
97281,ID-MT-OR
97282,ID-MT-OR
97283,ID-MT-OR
97286,ID-MT-OR
97290,ID-MT-OR
97291,ID-MT-OR
97292,ID-MT-OR
97293,ID-MT-OR
97294,ID-MT-OR
97296,ID-MT-OR
97298,ID-MT-OR
97301,ID-MT-OR
97302,ID-MT-OR
97303,ID-MT-OR
97304,ID-MT-OR
97305,ID-MT-OR
97306,ID-MT-OR
97307,ID-MT-OR
97308,ID-MT-OR
97309,ID-MT-OR
97310,ID-MT-OR
97311,ID-MT-OR
97312,ID-MT-OR
97314,ID-MT-OR
97317,ID-MT-OR
97321,ID-MT-OR
97322,ID-MT-OR
97324,ID-MT-OR
97325,ID-MT-OR
97326,ID-MT-OR
97327,ID-MT-OR
97329,ID-MT-OR
97330,ID-MT-OR
97331,ID-MT-OR
97333,ID-MT-OR
97335,ID-MT-OR
97336,ID-MT-OR
97338,ID-MT-OR
97339,ID-MT-OR
97341,ID-MT-OR
97342,ID-MT-OR
97343,ID-MT-OR
97344,ID-MT-OR
97345,ID-MT-OR
97346,ID-MT-OR
97347,ID-MT-OR
97348,ID-MT-OR
97350,ID-MT-OR
97351,ID-MT-OR
97352,ID-MT-OR
97355,ID-MT-OR
97357,ID-MT-OR
97358,ID-MT-OR
97360,ID-MT-OR
97361,ID-MT-OR
97362,ID-MT-OR
97364,ID-MT-OR
97365,ID-MT-OR
97366,ID-MT-OR
97367,ID-MT-OR
97368,ID-MT-OR
97369,ID-MT-OR
97370,ID-MT-OR
97371,ID-MT-OR
97373,ID-MT-OR
97374,ID-MT-OR
97375,ID-MT-OR
97376,ID-MT-OR
97377,ID-MT-OR
97378,ID-MT-OR
97380,ID-MT-OR
97381,ID-MT-OR
97383,ID-MT-OR
97384,ID-MT-OR
97385,ID-MT-OR
97386,ID-MT-OR
97388,ID-MT-OR
97389,ID-MT-OR
97390,ID-MT-OR
97391,ID-MT-OR
97392,ID-MT-OR
97394,ID-MT-OR
97396,ID-MT-OR
97401,ID-MT-OR
97402,ID-MT-OR
97403,ID-MT-OR
97404,ID-MT-OR
97405,ID-MT-OR
97406,ID-MT-OR
97407,ID-MT-OR
97408,ID-MT-OR
97409,ID-MT-OR
97410,ID-MT-OR
97411,ID-MT-OR
97412,ID-MT-OR
97413,ID-MT-OR
97414,ID-MT-OR
97415,ID-MT-OR
97416,ID-MT-OR
97417,ID-MT-OR
97419,ID-MT-OR
97420,ID-MT-OR
97423,ID-MT-OR
97424,ID-MT-OR
97426,ID-MT-OR
97429,ID-MT-OR
97430,ID-MT-OR
97431,ID-MT-OR
97432,ID-MT-OR
97434,ID-MT-OR
97435,ID-MT-OR
97436,ID-MT-OR
97437,ID-MT-OR
97438,ID-MT-OR
97439,ID-MT-OR
97440,ID-MT-OR
97441,ID-MT-OR
97442,ID-MT-OR
97443,ID-MT-OR
97444,ID-MT-OR
97446,ID-MT-OR
97447,ID-MT-OR
97448,ID-MT-OR
97449,ID-MT-OR
97450,ID-MT-OR
97451,ID-MT-OR
97452,ID-MT-OR
97453,ID-MT-OR
97454,ID-MT-OR
97455,ID-MT-OR
97456,ID-MT-OR
97457,ID-MT-OR
97458,ID-MT-OR
97459,ID-MT-OR
97461,ID-MT-OR
97462,ID-MT-OR
97463,ID-MT-OR
97464,ID-MT-OR
97465,ID-MT-OR
97466,ID-MT-OR
97467,ID-MT-OR
97469,ID-MT-OR
97470,ID-MT-OR
97471,ID-MT-OR
97473,ID-MT-OR
97475,ID-MT-OR
97476,ID-MT-OR
97477,ID-MT-OR
97478,ID-MT-OR
97479,ID-MT-OR
97480,ID-MT-OR
97481,ID-MT-OR
97484,ID-MT-OR
97486,ID-MT-OR
97487,ID-MT-OR
97488,ID-MT-OR
97489,ID-MT-OR
97490,ID-MT-OR
97491,ID-MT-OR
97492,ID-MT-OR
97493,ID-MT-OR
97494,ID-MT-OR
97495,ID-MT-OR
97496,ID-MT-OR
97497,ID-MT-OR
97498,ID-MT-OR
97499,ID-MT-OR
97501,ID-MT-OR
97502,ID-MT-OR
97503,ID-MT-OR
97504,ID-MT-OR
97520,ID-MT-OR
97522,ID-MT-OR
97523,ID-MT-OR
97524,ID-MT-OR
97525,ID-MT-OR
97526,ID-MT-OR
97527,ID-MT-OR
97528,ID-MT-OR
97530,ID-MT-OR
97531,ID-MT-OR
97532,ID-MT-OR
97533,ID-MT-OR
97534,ID-MT-OR
97535,ID-MT-OR
97536,ID-MT-OR
97537,ID-MT-OR
97538,ID-MT-OR
97539,ID-MT-OR
97540,ID-MT-OR
97541,ID-MT-OR
97543,ID-MT-OR
97544,ID-MT-OR
97601,ID-MT-OR
97602,ID-MT-OR
97603,ID-MT-OR
97604,ID-MT-OR
97620,ID-MT-OR
97621,ID-MT-OR
97622,ID-MT-OR
97623,ID-MT-OR
97624,ID-MT-OR
97625,ID-MT-OR
97626,ID-MT-OR
97627,ID-MT-OR
97630,ID-MT-OR
97632,ID-MT-OR
97633,ID-MT-OR
97634,ID-MT-OR
97635,ID-MT-OR
97636,ID-MT-OR
97637,ID-MT-OR
97638,ID-MT-OR
97639,ID-MT-OR
97640,ID-MT-OR
97641,ID-MT-OR
97701,ID-MT-OR
97702,ID-MT-OR
97703,ID-MT-OR
97707,ID-MT-OR
97708,ID-MT-OR
97709,ID-MT-OR
97710,ID-MT-OR
97711,ID-MT-OR
97712,ID-MT-OR
97720,ID-MT-OR
97721,ID-MT-OR
97722,ID-MT-OR
97730,ID-MT-OR
97731,ID-MT-OR
97732,ID-MT-OR
97733,ID-MT-OR
97734,ID-MT-OR
97735,ID-MT-OR
97736,ID-MT-OR
97737,ID-MT-OR
97738,ID-MT-OR
97739,ID-MT-OR
97741,ID-MT-OR
97750,ID-MT-OR
97751,ID-MT-OR
97752,ID-MT-OR
97753,ID-MT-OR
97754,ID-MT-OR
97756,ID-MT-OR
97758,ID-MT-OR
97759,ID-MT-OR
97760,ID-MT-OR
97761,ID-MT-OR
97801,ID-MT-OR
97810,ID-MT-OR
97812,ID-MT-OR
97813,ID-MT-OR
97814,ID-MT-OR
97817,ID-MT-OR
97818,ID-MT-OR
97819,ID-MT-OR
97820,ID-MT-OR
97823,ID-MT-OR
97824,ID-MT-OR
97825,ID-MT-OR
97826,ID-MT-OR
97827,ID-MT-OR
97828,ID-MT-OR
97830,ID-MT-OR
97833,ID-MT-OR
97834,ID-MT-OR
97835,ID-MT-OR
97836,ID-MT-OR
97837,ID-MT-OR
97838,ID-MT-OR
97839,ID-MT-OR
97840,ID-MT-OR
97841,ID-MT-OR
97842,ID-MT-OR
97843,ID-MT-OR
97844,ID-MT-OR
97845,ID-MT-OR
97846,ID-MT-OR
97848,ID-MT-OR
97850,ID-MT-OR
97856,ID-MT-OR
97857,ID-MT-OR
97859,ID-MT-OR
97861,ID-MT-OR
97862,ID-MT-OR
97864,ID-MT-OR
97865,ID-MT-OR
97867,ID-MT-OR
97868,ID-MT-OR
97869,ID-MT-OR
97870,ID-MT-OR
97873,ID-MT-OR
97874,ID-MT-OR
97875,ID-MT-OR
97876,ID-MT-OR
97877,ID-MT-OR
97880,ID-MT-OR
97882,ID-MT-OR
97883,ID-MT-OR
97884,ID-MT-OR
97885,ID-MT-OR
97886,ID-MT-OR
97901,ID-MT-OR
97902,ID-MT-OR
97903,ID-MT-OR
97904,ID-MT-OR
97905,ID-MT-OR
97906,ID-MT-OR
97907,ID-MT-OR
97908,ID-MT-OR
97909,ID-MT-OR
97910,ID-MT-OR
97911,ID-MT-OR
97913,ID-MT-OR
97914,ID-MT-OR
97917,ID-MT-OR
97918,ID-MT-OR
97920,ID-MT-OR
98001,WASHINGTON
98002,WASHINGTON
98003,WASHINGTON
98004,WASHINGTON
98005,WASHINGTON
98006,WASHINGTON
98007,WASHINGTON
98008,WASHINGTON
98009,WASHINGTON
98010,WASHINGTON
98011,WASHINGTON
98012,WASHINGTON
98013,WASHINGTON
98014,WASHINGTON
98015,WASHINGTON
98019,WASHINGTON
98020,WASHINGTON
98021,WASHINGTON
98022,WASHINGTON
98023,WASHINGTON
98024,WASHINGTON
98025,WASHINGTON
98026,WASHINGTON
98027,WASHINGTON
98028,WASHINGTON
98029,WASHINGTON
98030,WASHINGTON
98031,WASHINGTON
98032,WASHINGTON
98033,WASHINGTON
98034,WASHINGTON
98035,WASHINGTON
98036,WASHINGTON
98037,WASHINGTON
98038,WASHINGTON
98039,WASHINGTON
98040,WASHINGTON
98041,WASHINGTON
98042,WASHINGTON
98043,WASHINGTON
98045,WASHINGTON
98046,WASHINGTON
98047,WASHINGTON
98050,WASHINGTON
98051,WASHINGTON
98052,WASHINGTON
98053,WASHINGTON
98055,WASHINGTON
98056,WASHINGTON
98057,WASHINGTON
98058,WASHINGTON
98059,WASHINGTON
98061,WASHINGTON
98062,WASHINGTON
98063,WASHINGTON
98064,WASHINGTON
98065,WASHINGTON
98068,WASHINGTON
98070,WASHINGTON
98071,WASHINGTON
98072,WASHINGTON
98073,WASHINGTON
98074,WASHINGTON
98075,WASHINGTON
98077,WASHINGTON
98082,WASHINGTON
98083,WASHINGTON
98087,WASHINGTON
98089,WASHINGTON
98092,WASHINGTON
98093,WASHINGTON
98101,WASHINGTON
98102,WASHINGTON
98103,WASHINGTON
98104,WASHINGTON
98105,WASHINGTON
98106,WASHINGTON
98107,WASHINGTON
98108,WASHINGTON
98109,WASHINGTON
98110,WASHINGTON
98111,WASHINGTON
98112,WASHINGTON
98113,WASHINGTON
98114,WASHINGTON
98115,WASHINGTON
98116,WASHINGTON
98117,WASHINGTON
98118,WASHINGTON
98119,WASHINGTON
98121,WASHINGTON
98122,WASHINGTON
98124,WASHINGTON
98125,WASHINGTON
98126,WASHINGTON
98127,WASHINGTON
98129,WASHINGTON
98131,WASHINGTON
98133,WASHINGTON
98134,WASHINGTON
98136,WASHINGTON
98138,WASHINGTON
98139,WASHINGTON
98141,WASHINGTON
98144,WASHINGTON
98145,WASHINGTON
98146,WASHINGTON
98148,WASHINGTON
98154,WASHINGTON
98155,WASHINGTON
98158,WASHINGTON
98160,WASHINGTON
98161,WASHINGTON
98164,WASHINGTON
98165,WASHINGTON
98166,WASHINGTON
98168,WASHINGTON
98170,WASHINGTON
98174,WASHINGTON
98175,WASHINGTON
98177,WASHINGTON
98178,WASHINGTON
98181,WASHINGTON
98185,WASHINGTON
98188,WASHINGTON
98190,WASHINGTON
98191,WASHINGTON
98194,WASHINGTON
98195,WASHINGTON
98198,WASHINGTON
98199,WASHINGTON
98201,WASHINGTON
98203,WASHINGTON
98204,WASHINGTON
98206,WASHINGTON
98207,WASHINGTON
98208,WASHINGTON
98213,WASHINGTON
98220,WASHINGTON
98221,WASHINGTON
98222,WASHINGTON
98223,WASHINGTON
98224,WASHINGTON
98225,WASHINGTON
98226,WASHINGTON
98227,WASHINGTON
98228,WASHINGTON
98229,WASHINGTON
98230,WASHINGTON
98231,WASHINGTON
98232,WASHINGTON
98233,WASHINGTON
98235,WASHINGTON
98236,WASHINGTON
98237,WASHINGTON
98238,WASHINGTON
98239,WASHINGTON
98240,WASHINGTON
98241,WASHINGTON
98243,WASHINGTON
98244,WASHINGTON
98245,WASHINGTON
98247,WASHINGTON
98248,WASHINGTON
98249,WASHINGTON
98250,WASHINGTON
98251,WASHINGTON
98252,WASHINGTON
98253,WASHINGTON
98255,WASHINGTON
98256,WASHINGTON
98257,WASHINGTON
98258,WASHINGTON
98259,WASHINGTON
98260,WASHINGTON
98261,WASHINGTON
98262,WASHINGTON
98263,WASHINGTON
98264,WASHINGTON
98266,WASHINGTON
98267,WASHINGTON
98270,WASHINGTON
98271,WASHINGTON
98272,WASHINGTON
98273,WASHINGTON
98274,WASHINGTON
98275,WASHINGTON
98276,WASHINGTON
98277,WASHINGTON
98278,WASHINGTON
98279,WASHINGTON
98280,WASHINGTON
98281,WASHINGTON
98282,WASHINGTON
98283,WASHINGTON
98284,WASHINGTON
98286,WASHINGTON
98287,WASHINGTON
98288,WASHINGTON
98290,WASHINGTON
98291,WASHINGTON
98292,WASHINGTON
98293,WASHINGTON
98294,WASHINGTON
98295,WASHINGTON
98296,WASHINGTON
98297,WASHINGTON
98303,WASHINGTON
98304,WASHINGTON
98305,WASHINGTON
98310,WASHINGTON
98311,WASHINGTON
98312,WASHINGTON
98314,WASHINGTON
98315,WASHINGTON
98320,WASHINGTON
98321,WASHINGTON
98322,WASHINGTON
98323,WASHINGTON
98324,WASHINGTON
98325,WASHINGTON
98326,WASHINGTON
98327,WASHINGTON
98328,WASHINGTON
98329,WASHINGTON
98330,WASHINGTON
98331,WASHINGTON
98332,WASHINGTON
98333,WASHINGTON
98335,WASHINGTON
98336,WASHINGTON
98337,WASHINGTON
98338,WASHINGTON
98339,WASHINGTON
98340,WASHINGTON
98342,WASHINGTON
98343,WASHINGTON
98344,WASHINGTON
98345,WASHINGTON
98346,WASHINGTON
98348,WASHINGTON
98349,WASHINGTON
98350,WASHINGTON
98351,WASHINGTON
98352,WASHINGTON
98353,WASHINGTON
98354,WASHINGTON
98355,WASHINGTON
98356,WASHINGTON
98357,WASHINGTON
98358,WASHINGTON
98359,WASHINGTON
98360,WASHINGTON
98361,WASHINGTON
98362,WASHINGTON
98363,WASHINGTON
98364,WASHINGTON
98365,WASHINGTON
98366,WASHINGTON
98367,WASHINGTON
98368,WASHINGTON
98370,WASHINGTON
98371,WASHINGTON
98372,WASHINGTON
98373,WASHINGTON
98374,WASHINGTON
98375,WASHINGTON
98376,WASHINGTON
98377,WASHINGTON
98378,WASHINGTON
98380,WASHINGTON
98381,WASHINGTON
98382,WASHINGTON
98383,WASHINGTON
98384,WASHINGTON
98385,WASHINGTON
98386,WASHINGTON
98387,WASHINGTON
98388,WASHINGTON
98390,WASHINGTON
98391,WASHINGTON
98392,WASHINGTON
98393,WASHINGTON
98394,WASHINGTON
98395,WASHINGTON
98396,WASHINGTON
98397,WASHINGTON
98398,WASHINGTON
98401,WASHINGTON
98402,WASHINGTON
98403,WASHINGTON
98404,WASHINGTON
98405,WASHINGTON
98406,WASHINGTON
98407,WASHINGTON
98408,WASHINGTON
98409,WASHINGTON
98411,WASHINGTON
98412,WASHINGTON
98413,WASHINGTON
98415,WASHINGTON
98416,WASHINGTON
98417,WASHINGTON
98418,WASHINGTON
98419,WASHINGTON
98421,WASHINGTON
98422,WASHINGTON
98424,WASHINGTON
98430,WASHINGTON
98431,WASHINGTON
98433,WASHINGTON
98438,WASHINGTON
98439,WASHINGTON
98443,WASHINGTON
98444,WASHINGTON
98445,WASHINGTON
98446,WASHINGTON
98447,WASHINGTON
98448,WASHINGTON
98464,WASHINGTON
98465,WASHINGTON
98466,WASHINGTON
98467,WASHINGTON
98471,WASHINGTON
98481,WASHINGTON
98490,WASHINGTON
98493,WASHINGTON
98496,WASHINGTON
98497,WASHINGTON
98498,WASHINGTON
98499,WASHINGTON
98501,WASHINGTON
98502,WASHINGTON
98503,WASHINGTON
98504,WASHINGTON
98505,WASHINGTON
98506,WASHINGTON
98507,WASHINGTON
98508,WASHINGTON
98509,WASHINGTON
98511,WASHINGTON
98512,WASHINGTON
98513,WASHINGTON
98516,WASHINGTON
98520,WASHINGTON
98522,WASHINGTON
98524,WASHINGTON
98526,WASHINGTON
98527,WASHINGTON
98528,WASHINGTON
98530,WASHINGTON
98531,WASHINGTON
98532,WASHINGTON
98533,WASHINGTON
98535,WASHINGTON
98536,WASHINGTON
98537,WASHINGTON
98538,WASHINGTON
98539,WASHINGTON
98540,WASHINGTON
98541,WASHINGTON
98542,WASHINGTON
98544,WASHINGTON
98546,WASHINGTON
98547,WASHINGTON
98548,WASHINGTON
98550,WASHINGTON
98552,WASHINGTON
98554,WASHINGTON
98555,WASHINGTON
98556,WASHINGTON
98557,WASHINGTON
98558,WASHINGTON
98559,WASHINGTON
98560,WASHINGTON
98561,WASHINGTON
98562,WASHINGTON
98563,WASHINGTON
98564,WASHINGTON
98565,WASHINGTON
98566,WASHINGTON
98568,WASHINGTON
98569,WASHINGTON
98570,WASHINGTON
98571,WASHINGTON
98572,WASHINGTON
98575,WASHINGTON
98576,WASHINGTON
98577,WASHINGTON
98579,WASHINGTON
98580,WASHINGTON
98581,WASHINGTON
98582,WASHINGTON
98583,WASHINGTON
98584,WASHINGTON
98585,WASHINGTON
98586,WASHINGTON
98587,WASHINGTON
98588,WASHINGTON
98589,WASHINGTON
98590,WASHINGTON
98591,WASHINGTON
98592,WASHINGTON
98593,WASHINGTON
98595,WASHINGTON
98596,WASHINGTON
98597,WASHINGTON
98599,WASHINGTON
98601,WASHINGTON
98602,WASHINGTON
98603,WASHINGTON
98604,WASHINGTON
98605,WASHINGTON
98606,WASHINGTON
98607,WASHINGTON
98609,WASHINGTON
98610,WASHINGTON
98611,WASHINGTON
98612,WASHINGTON
98613,WASHINGTON
98614,WASHINGTON
98616,WASHINGTON
98617,WASHINGTON
98619,WASHINGTON
98620,WASHINGTON
98621,WASHINGTON
98622,WASHINGTON
98623,WASHINGTON
98624,WASHINGTON
98625,WASHINGTON
98626,WASHINGTON
98628,WASHINGTON
98629,WASHINGTON
98631,WASHINGTON
98632,WASHINGTON
98635,WASHINGTON
98637,WASHINGTON
98638,WASHINGTON
98639,WASHINGTON
98640,WASHINGTON
98641,WASHINGTON
98642,WASHINGTON
98643,WASHINGTON
98644,WASHINGTON
98645,WASHINGTON
98647,WASHINGTON
98648,WASHINGTON
98649,WASHINGTON
98650,WASHINGTON
98651,WASHINGTON
98660,WASHINGTON
98661,WASHINGTON
98662,WASHINGTON
98663,WASHINGTON
98664,WASHINGTON
98665,WASHINGTON
98666,WASHINGTON
98668,WASHINGTON
98670,WASHINGTON
98671,WASHINGTON
98672,WASHINGTON
98673,WASHINGTON
98674,WASHINGTON
98675,WASHINGTON
98682,WASHINGTON
98683,WASHINGTON
98684,WASHINGTON
98685,WASHINGTON
98686,WASHINGTON
98687,WASHINGTON
98801,WASHINGTON
98802,WASHINGTON
98807,WASHINGTON
98811,WASHINGTON
98812,WASHINGTON
98813,WASHINGTON
98814,WASHINGTON
98815,WASHINGTON
98816,WASHINGTON
98817,WASHINGTON
98819,WASHINGTON
98821,WASHINGTON
98822,WASHINGTON
98823,WASHINGTON
98824,WASHINGTON
98826,WASHINGTON
98827,WASHINGTON
98828,WASHINGTON
98829,WASHINGTON
98830,WASHINGTON
98831,WASHINGTON
98832,WASHINGTON
98833,WASHINGTON
98834,WASHINGTON
98836,WASHINGTON
98837,WASHINGTON
98840,WASHINGTON
98841,WASHINGTON
98843,WASHINGTON
98844,WASHINGTON
98845,WASHINGTON
98846,WASHINGTON
98847,WASHINGTON
98848,WASHINGTON
98849,WASHINGTON
98850,WASHINGTON
98851,WASHINGTON
98852,WASHINGTON
98853,WASHINGTON
98855,WASHINGTON
98856,WASHINGTON
98857,WASHINGTON
98858,WASHINGTON
98859,WASHINGTON
98860,WASHINGTON
98862,WASHINGTON
98901,WASHINGTON
98902,WASHINGTON
98903,WASHINGTON
98904,WASHINGTON
98907,WASHINGTON
98908,WASHINGTON
98909,WASHINGTON
98920,WASHINGTON
98921,WASHINGTON
98922,WASHINGTON
98923,WASHINGTON
98925,WASHINGTON
98926,WASHINGTON
98930,WASHINGTON
98932,WASHINGTON
98933,WASHINGTON
98934,WASHINGTON
98935,WASHINGTON
98936,WASHINGTON
98937,WASHINGTON
98938,WASHINGTON
98939,WASHINGTON
98940,WASHINGTON
98941,WASHINGTON
98942,WASHINGTON
98943,WASHINGTON
98944,WASHINGTON
98946,WASHINGTON
98947,WASHINGTON
98948,WASHINGTON
98950,WASHINGTON
98951,WASHINGTON
98952,WASHINGTON
98953,WASHINGTON
99001,WASHINGTON
99003,WASHINGTON
99004,WASHINGTON
99005,WASHINGTON
99006,WASHINGTON
99008,WASHINGTON
99009,WASHINGTON
99011,WASHINGTON
99012,WASHINGTON
99013,WASHINGTON
99014,WASHINGTON
99016,WASHINGTON
99017,WASHINGTON
99018,WASHINGTON
99019,WASHINGTON
99020,WASHINGTON
99021,WASHINGTON
99022,WASHINGTON
99023,WASHINGTON
99025,WASHINGTON
99026,WASHINGTON
99027,WASHINGTON
99029,WASHINGTON
99030,WASHINGTON
99031,WASHINGTON
99032,WASHINGTON
99033,WASHINGTON
99034,WASHINGTON
99036,WASHINGTON
99037,WASHINGTON
99039,WASHINGTON
99040,WASHINGTON
99101,WASHINGTON
99102,WASHINGTON
99103,WASHINGTON
99104,WASHINGTON
99105,WASHINGTON
99109,WASHINGTON
99110,WASHINGTON
99111,WASHINGTON
99113,WASHINGTON
99114,WASHINGTON
99115,WASHINGTON
99116,WASHINGTON
99117,WASHINGTON
99118,WASHINGTON
99119,WASHINGTON
99121,WASHINGTON
99122,WASHINGTON
99123,WASHINGTON
99124,WASHINGTON
99125,WASHINGTON
99126,WASHINGTON
99128,WASHINGTON
99129,WASHINGTON
99130,WASHINGTON
99131,WASHINGTON
99133,WASHINGTON
99134,WASHINGTON
99135,WASHINGTON
99136,WASHINGTON
99137,WASHINGTON
99138,WASHINGTON
99139,WASHINGTON
99140,WASHINGTON
99141,WASHINGTON
99143,WASHINGTON
99144,WASHINGTON
99146,WASHINGTON
99147,WASHINGTON
99148,WASHINGTON
99149,WASHINGTON
99150,WASHINGTON
99151,WASHINGTON
99152,WASHINGTON
99153,WASHINGTON
99154,WASHINGTON
99155,WASHINGTON
99156,WASHINGTON
99157,WASHINGTON
99158,WASHINGTON
99159,WASHINGTON
99160,WASHINGTON
99161,WASHINGTON
99163,WASHINGTON
99164,WASHINGTON
99166,WASHINGTON
99167,WASHINGTON
99169,WASHINGTON
99170,WASHINGTON
99171,WASHINGTON
99173,WASHINGTON
99174,WASHINGTON
99176,WASHINGTON
99179,ID-MT-OR
99180,WASHINGTON
99181,WASHINGTON
99185,WASHINGTON
99201,WASHINGTON
99202,WASHINGTON
99203,WASHINGTON
99204,WASHINGTON
99205,WASHINGTON
99206,WASHINGTON
99207,WASHINGTON
99208,WASHINGTON
99209,WASHINGTON
99210,WASHINGTON
99211,WASHINGTON
99212,WASHINGTON
99213,WASHINGTON
99214,WASHINGTON
99215,WASHINGTON
99216,WASHINGTON
99217,WASHINGTON
99218,WASHINGTON
99219,WASHINGTON
99220,WASHINGTON
99223,WASHINGTON
99224,WASHINGTON
99228,WASHINGTON
99251,WASHINGTON
99252,WASHINGTON
99256,WASHINGTON
99258,WASHINGTON
99260,WASHINGTON
99301,WASHINGTON
99302,WASHINGTON
99320,WASHINGTON
99321,WASHINGTON
99322,WASHINGTON
99323,WASHINGTON
99324,WASHINGTON
99326,WASHINGTON
99328,WASHINGTON
99329,WASHINGTON
99330,WASHINGTON
99333,WASHINGTON
99335,WASHINGTON
99336,WASHINGTON
99337,WASHINGTON
99338,WASHINGTON
99341,WASHINGTON
99343,WASHINGTON
99344,WASHINGTON
99345,WASHINGTON
99346,WASHINGTON
99347,WASHINGTON
99348,WASHINGTON
99349,WASHINGTON
99350,WASHINGTON
99352,WASHINGTON
99353,WASHINGTON
99354,WASHINGTON
99356,WASHINGTON
99357,WASHINGTON
99359,WASHINGTON
99360,WASHINGTON
99361,WASHINGTON
99362,WASHINGTON
99363,WASHINGTON
99371,WASHINGTON
99401,WASHINGTON
99402,WASHINGTON
99403,WASHINGTON
99501,ALASKA
99502,ALASKA
99503,ALASKA
99504,ALASKA
99505,ALASKA
99506,ALASKA
99507,ALASKA
99508,ALASKA
99509,ALASKA
99510,ALASKA
99511,ALASKA
99513,ALASKA
99514,ALASKA
99515,ALASKA
99516,ALASKA
99517,ALASKA
99518,ALASKA
99519,ALASKA
99520,ALASKA
99521,ALASKA
99522,ALASKA
99523,ALASKA
99524,ALASKA
99529,ALASKA
99530,ALASKA
99540,ALASKA
99545,ALASKA
99546,ALASKA
99547,ALASKA
99548,ALASKA
99549,ALASKA
99550,ALASKA
99551,ALASKA
99552,ALASKA
99553,ALASKA
99554,ALASKA
99555,ALASKA
99556,ALASKA
99557,ALASKA
99558,ALASKA
99559,ALASKA
99561,ALASKA
99563,ALASKA
99564,ALASKA
99565,ALASKA
99566,ALASKA
99567,ALASKA
99568,ALASKA
99569,ALASKA
99571,ALASKA
99572,ALASKA
99573,ALASKA
99574,ALASKA
99575,ALASKA
99576,ALASKA
99577,ALASKA
99578,ALASKA
99579,ALASKA
99580,ALASKA
99581,ALASKA
99583,ALASKA
99585,ALASKA
99586,ALASKA
99587,ALASKA
99588,ALASKA
99589,ALASKA
99590,ALASKA
99591,ALASKA
99599,ALASKA
99602,ALASKA
99603,ALASKA
99604,ALASKA
99605,ALASKA
99606,ALASKA
99607,ALASKA
99608,ALASKA
99609,ALASKA
99610,ALASKA
99611,ALASKA
99612,ALASKA
99613,ALASKA
99614,ALASKA
99615,ALASKA
99619,ALASKA
99620,ALASKA
99621,ALASKA
99622,ALASKA
99623,ALASKA
99624,ALASKA
99625,ALASKA
99626,ALASKA
99627,ALASKA
99628,ALASKA
99629,ALASKA
99630,ALASKA
99631,ALASKA
99632,ALASKA
99633,ALASKA
99634,ALASKA
99635,ALASKA
99636,ALASKA
99637,ALASKA
99638,ALASKA
99639,ALASKA
99640,ALASKA
99641,ALASKA
99643,ALASKA
99644,ALASKA
99645,ALASKA
99647,ALASKA
99648,ALASKA
99649,ALASKA
99650,ALASKA
99651,ALASKA
99652,ALASKA
99653,ALASKA
99654,ALASKA
99655,ALASKA
99656,ALASKA
99657,ALASKA
99658,ALASKA
99659,ALASKA
99660,ALASKA
99661,ALASKA
99662,ALASKA
99663,ALASKA
99664,ALASKA
99665,ALASKA
99666,ALASKA
99667,ALASKA
99668,ALASKA
99669,ALASKA
99670,ALASKA
99671,ALASKA
99672,ALASKA
99674,ALASKA
99675,ALASKA
99676,ALASKA
99677,ALASKA
99678,ALASKA
99679,ALASKA
99680,ALASKA
99681,ALASKA
99682,ALASKA
99683,ALASKA
99684,ALASKA
99685,ALASKA
99686,ALASKA
99687,ALASKA
99688,ALASKA
99689,ALASKA
99690,ALASKA
99691,ALASKA
99692,ALASKA
99693,ALASKA
99694,ALASKA
99695,ALASKA
99697,ALASKA
99701,ALASKA
99702,ALASKA
99703,ALASKA
99704,ALASKA
99705,ALASKA
99706,ALASKA
99707,ALASKA
99708,ALASKA
99709,ALASKA
99710,ALASKA
99711,ALASKA
99712,ALASKA
99714,ALASKA
99716,ALASKA
99720,ALASKA
99721,ALASKA
99722,ALASKA
99723,ALASKA
99724,ALASKA
99725,ALASKA
99726,ALASKA
99727,ALASKA
99729,ALASKA
99730,ALASKA
99731,ALASKA
99732,ALASKA
99733,ALASKA
99734,ALASKA
99736,ALASKA
99737,ALASKA
99738,ALASKA
99739,ALASKA
99740,ALASKA
99741,ALASKA
99742,ALASKA
99743,ALASKA
99744,ALASKA
99745,ALASKA
99746,ALASKA
99747,ALASKA
99748,ALASKA
99749,ALASKA
99750,ALASKA
99751,ALASKA
99752,ALASKA
99753,ALASKA
99754,ALASKA
99755,ALASKA
99756,ALASKA
99757,ALASKA
99758,ALASKA
99759,ALASKA
99760,ALASKA
99761,ALASKA
99762,ALASKA
99763,ALASKA
99764,ALASKA
99765,ALASKA
99766,ALASKA
99767,ALASKA
99768,ALASKA
99769,ALASKA
99770,ALASKA
99771,ALASKA
99772,ALASKA
99773,ALASKA
99774,ALASKA
99775,ALASKA
99776,ALASKA
99777,ALASKA
99778,ALASKA
99780,ALASKA
99781,ALASKA
99782,ALASKA
99783,ALASKA
99784,ALASKA
99785,ALASKA
99786,ALASKA
99788,ALASKA
99789,ALASKA
99790,ALASKA
99791,ALASKA
99801,ALASKA
99802,ALASKA
99803,ALASKA
99811,ALASKA
99812,ALASKA
99820,ALASKA
99821,ALASKA
99824,ALASKA
99825,ALASKA
99826,ALASKA
99827,ALASKA
99829,ALASKA
99830,ALASKA
99832,ALASKA
99833,ALASKA
99835,ALASKA
99836,ALASKA
99840,ALASKA
99841,ALASKA
99850,ALASKA
99901,ALASKA
99903,ALASKA
99918,ALASKA
99919,ALASKA
99921,ALASKA
99922,ALASKA
99923,ALASKA
99925,ALASKA
99926,ALASKA
99927,ALASKA
99928,ALASKA
99929,ALASKA
99950,ALASKA
